# Made in Blockbench 5.1.4
# Texture V coordinates baked for Minecraft/MTR
# MTR orientation and double-sided faces normalized

o mesh
v -0.7734375 0.8203125 1.707720588235294
v -0.7403846153846154 0.125 -2.046875
v -0.859375 0.125 1.8676470588235294
v -0.7716346153846154 0.125 2.0625
v -0.6370192307692308 0.125 2.15625
v -0.47115384615384626 0.25 2.1875
v -0.3365384615384617 0.25 2.1875
v -0.2019230769230771 0.25 2.1875
v -0.06730769230769251 0.25 2.1875
v -0.6057692307692308 0.125 -2.15625
v -0.47115384615384626 0.125 -2.1875
v -0.3365384615384617 0.125 -2.1875
v -0.2019230769230771 0.125 -2.1875
v -0.06730769230769251 0.125 -2.1875
v -0.06730769230769251 0.328125 -2.1875
v -0.06730769230769251 0.5 -2.140625
v -0.06730769230769251 0.625 -2.171875
v -0.06730769230769251 0.75 -2.1875
v -0.2019230769230771 0.328125 -2.1875
v -0.2019230769230771 0.5 -2.140625
v -0.2019230769230771 0.625 -2.171875
v -0.2019230769230771 0.75 -2.1875
v -0.3365384615384617 0.328125 -2.1875
v -0.3365384615384617 0.5 -2.140625
v -0.3365384615384617 0.625 -2.171875
v -0.3365384615384617 0.75 -2.1875
v -0.47115384615384626 0.328125 -2.1875
v -0.47115384615384626 0.5 -2.140625
v -0.47115384615384626 0.625 -2.171875
v -0.47115384615384626 0.75 -2.1875
v -0.6057692307692308 0.25 -2.171875
v -0.6057692307692308 0.5 -2.171875
v -0.6057692307692308 0.625 -2.171875
v -0.6057692307692308 0.75 -2.1875
v -0.5901442307692308 0.828125 -2.15625
v -0.7403846153846154 0.25 -2.09375
v -0.7403846153846154 0.5 -2.15625
v -0.7403846153846154 0.625 -2.15625
v -0.7403846153846154 0.75 -2.15625
v -0.6778846153846154 0.85625 -2.109375
v -0.828125 0.25 -2.015625
v -0.84375 0.5 -2.0625
v -0.84375 0.625 -2.0625
v -0.84375 0.75 -2.078125
v -0.8125 0.890625 -2
v -0.859375 0.25 1.8676470588235294
v -0.859375 0.5 1.8676470588235294
v -0.84375 0.625 1.8676470588235294
v -0.7716346153846154 0.25 2.0625
v -0.7716346153846154 0.5 2.0625
v -0.7560096153846154 0.625 1.984375
v -0.6370192307692308 0.25 2.15625
v -0.6370192307692308 0.5 2.09375
v -0.6370192307692308 0.625 2.078125
v -0.5336538461538463 0.5 2.109375
v -0.47115384615384626 0.625 2.140625
v -0.47115384615384626 0.75 2.109375
v -0.3365384615384617 0.75 2.140625
v -0.4615384615384617 0.5 2.125
v -0.3365384615384617 0.625 2.171875
v -0.2019230769230771 0.75 2.15625
v -0.06730769230769251 0.5 2.1875
v -0.06730769230769251 0.625 2.1875
v -0.06730769230769251 0.75 2.15625
v -0.5901442307692308 1.296875 0.37040441176470607
v -0.6057692307692308 1.375 -0.3860294117647056
v -0.6057692307692308 1.375 -0.12867647058823506
v -0.6057692307692308 1.359375 0.1286764705882355
v -0.6778846153846154 1.359375 -0.3860294117647056
v -0.6778846153846154 1.359375 -0.12867647058823506
v -0.6778846153846154 1.34375 0.1286764705882355
v -0.71875 1.328125 -0.3860294117647056
v -0.71875 1.328125 -0.12867647058823506
v -0.71875 1.3125 0.1286764705882355
v -0.7091346153846154 1.265625 0.37040441176470607
v -0.78125 1.125 -0.3860294117647056
v -0.78125 1.125 -0.12867647058823506
v -0.78125 1.125 0.1286764705882355
v -0.765625 1.125 0.38602941176470607
v -0.796875 1 -1.1580882352941173
v -0.796875 1 -0.3860294117647056
v -0.796875 1 -0.12867647058823506
v -0.796875 1 0.1286764705882355
v -0.78125 1 0.38602941176470607
v -0.75 1 0.9007352941176472
v -0.8125 0.921875 -1.836397058823529
v -0.8125 0.875 -1.1580882352941173
v -0.8125 0.875 -0.9007352941176467
v -0.8125 0.875 -0.6433823529411762
v -0.8125 0.875 -0.3860294117647056
v -0.8125 0.875 -0.12867647058823506
v -0.8125 0.875 0.1286764705882355
v -0.8125 0.875 0.38602941176470607
v -0.8125 0.875 0.6433823529411764
v -0.8125 0.875 0.900735294117647
v -0.8125 0.875 1.1580882352941175
v -0.8125 0.84375 1.415441176470588
v -0.875 0.75 -1.930147058823529
v -0.875 0.75 -1.6727941176470584
v -0.875 0.75 -1.4154411764705879
v -0.875 0.75 -1.1580882352941173
v -0.859375 0.75 -0.9007352941176467
v -0.859375 0.75 -0.6433823529411762
v -0.859375 0.75 -0.3860294117647056
v -0.859375 0.75 -0.12867647058823506
v -0.859375 0.75 0.1286764705882355
v -0.859375 0.75 0.38602941176470607
v -0.859375 0.75 0.6433823529411764
v -0.859375 0.75 0.900735294117647
v -0.859375 0.75 1.1580882352941175
v -0.859375 0.75 1.415441176470588
v -0.84375 0.75 1.6727941176470587
v -0.875 0.625 -1.930147058823529
v -0.875 0.625 -1.6727941176470584
v -0.875 0.625 -1.4154411764705879
v -0.875 0.625 -1.1580882352941173
v -0.875 0.625 -0.9007352941176467
v -0.875 0.625 -0.6433823529411762
v -0.875 0.625 -0.3860294117647056
v -0.875 0.625 -0.12867647058823506
v -0.875 0.625 0.1286764705882355
v -0.875 0.625 0.38602941176470607
v -0.875 0.625 0.6433823529411764
v -0.875 0.625 0.900735294117647
v -0.875 0.625 1.1580882352941175
v -0.875 0.578125 1.368566176470588
v -0.875 0.625 1.6727941176470587
v -0.875 0.5 -1.930147058823529
v -0.875 0.578125 -1.6259191176470584
v -0.875 0.578125 -1.4623161764705879
v -0.875 0.5 -1.1580882352941173
v -0.875 0.5 -0.9007352941176467
v -0.875 0.5 -0.6433823529411762
v -0.875 0.5 -0.3860294117647056
v -0.875 0.5 -0.12867647058823506
v -0.875 0.5 0.1286764705882355
v -0.875 0.5 0.38602941176470607
v -0.875 0.5 0.6433823529411764
v -0.875 0.5 0.900735294117647
v -0.875 0.578125 1.1893382352941175
v -0.875 0.5 1.493566176470588
v -0.875 0.5 1.6727941176470587
v -0.875 0.25 -1.930147058823529
v -0.875 0.25 -1.1580882352941173
v -0.875 0.25 -0.9007352941176467
v -0.875 0.25 -0.6433823529411762
v -0.875 0.25 -0.3860294117647056
v -0.875 0.25 -0.12867647058823506
v -0.875 0.25 0.1286764705882355
v -0.875 0.25 0.38602941176470607
v -0.875 0.25 0.6433823529411764
v -0.875 0.25 1.6727941176470587
v -0.859375 0.125 -1.914522058823529
v -0.875 0.125 -1.1580882352941173
v -0.875 0.125 -0.9007352941176467
v -0.875 0.125 -0.6433823529411762
v -0.875 0.125 -0.3860294117647056
v -0.875 0.125 -0.12867647058823506
v -0.875 0.125 0.1286764705882355
v -0.875 0.125 0.38602941176470607
v -0.875 0.125 0.6433823529411764
v -0.875 0.125 1.6727941176470587
v -0.7403846153846154 0.125 -1.930147058823529
v -0.7403846153846154 0.125 -1.1580882352941173
v -0.7403846153846154 0.125 -0.9007352941176467
v -0.7403846153846154 0.125 -0.6433823529411762
v -0.7403846153846154 0.125 -0.3860294117647056
v -0.7403846153846154 0.125 -0.12867647058823506
v -0.7403846153846154 0.125 0.1286764705882355
v -0.7403846153846154 0.125 0.38602941176470607
v -0.7403846153846154 0.125 0.6433823529411764
v -0.7403846153846154 0.125 1.6727941176470587
v -0.7403846153846154 0.125 1.9301470588235294
v -0.6057692307692308 0.125 -1.930147058823529
v -0.6057692307692308 0.125 -1.1580882352941173
v -0.6057692307692308 0.125 -0.9007352941176467
v -0.6057692307692308 0.125 -0.6433823529411762
v -0.6057692307692308 0.125 -0.3860294117647056
v -0.6057692307692308 0.125 -0.12867647058823506
v -0.6057692307692308 0.125 0.1286764705882355
v -0.6057692307692308 0.125 0.38602941176470607
v -0.6057692307692308 0.125 0.6433823529411764
v -0.6057692307692308 0.125 1.6727941176470587
v -0.6057692307692308 0.125 1.9301470588235294
v -0.47115384615384626 0.125 -1.930147058823529
v -0.47115384615384626 0.125 -1.1580882352941173
v -0.47115384615384626 0.125 -0.9007352941176467
v -0.47115384615384626 0.125 -0.6433823529411762
v -0.47115384615384626 0.125 -0.3860294117647056
v -0.47115384615384626 0.125 -0.12867647058823506
v -0.47115384615384626 0.125 0.1286764705882355
v -0.47115384615384626 0.125 0.38602941176470607
v -0.47115384615384626 0.125 0.6433823529411764
v -0.47115384615384626 0.125 1.6727941176470587
v -0.47115384615384626 0.125 1.9301470588235294
v -0.3365384615384617 0.125 -1.930147058823529
v -0.3365384615384617 0.125 -1.6727941176470584
v -0.3365384615384617 0.125 -1.4154411764705879
v -0.3365384615384617 0.125 -1.1580882352941173
v -0.3365384615384617 0.125 -0.9007352941176467
v -0.3365384615384617 0.125 -0.6433823529411762
v -0.3365384615384617 0.125 -0.3860294117647056
v -0.3365384615384617 0.125 -0.12867647058823506
v -0.3365384615384617 0.125 0.1286764705882355
v -0.3365384615384617 0.125 0.38602941176470607
v -0.3365384615384617 0.125 0.6433823529411764
v -0.3365384615384617 0.125 0.900735294117647
v -0.3365384615384617 0.125 1.0330882352941175
v -0.3365384615384617 0.125 1.415441176470588
v -0.3365384615384617 0.125 1.6727941176470587
v -0.3365384615384617 0.125 1.9301470588235294
v -0.2019230769230771 0.125 -1.930147058823529
v -0.2019230769230771 0.125 -1.6727941176470584
v -0.2019230769230771 0.125 -1.4154411764705879
v -0.2019230769230771 0.125 -1.1580882352941173
v -0.2019230769230771 0.125 -0.9007352941176467
v -0.2019230769230771 0.125 -0.6433823529411762
v -0.2019230769230771 0.125 -0.3860294117647056
v -0.2019230769230771 0.125 -0.12867647058823506
v -0.2019230769230771 0.125 0.1286764705882355
v -0.2019230769230771 0.125 0.38602941176470607
v -0.2019230769230771 0.125 0.6433823529411764
v -0.2019230769230771 0.125 0.900735294117647
v -0.2019230769230771 0.125 1.0330882352941175
v -0.2019230769230771 0.125 1.415441176470588
v -0.2019230769230771 0.125 1.6727941176470587
v -0.2019230769230771 0.125 1.9301470588235294
v -0.06730769230769251 0.125 -1.930147058823529
v -0.06730769230769251 0.125 -1.6727941176470584
v -0.06730769230769251 0.125 -1.4154411764705879
v -0.06730769230769251 0.125 -1.1580882352941173
v -0.06730769230769251 0.125 -0.9007352941176467
v -0.06730769230769251 0.125 -0.6433823529411762
v -0.06730769230769251 0.125 -0.3860294117647056
v -0.06730769230769251 0.125 -0.12867647058823506
v -0.06730769230769251 0.125 0.1286764705882355
v -0.06730769230769251 0.125 0.38602941176470607
v -0.06730769230769251 0.125 0.6433823529411764
v -0.06730769230769251 0.125 0.900735294117647
v -0.06730769230769251 0.125 1.0330882352941175
v -0.06730769230769251 0.125 1.415441176470588
v -0.06730769230769251 0.125 1.6727941176470587
v -0.06730769230769251 0.125 1.9301470588235294
v -0.06730769230769251 0.328125 -2.125
v -0.2019230769230771 0.328125 -2.125
v -0.3365384615384617 0.328125 -2.125
v -0.47115384615384626 0.328125 -2.125
v -0.6057692307692308 0.375 -2.1875
v -0.7403846153846154 0.375 -2.125
v -0.84375 0.375 -2.015625
v -0.859375 0.375 1.8676470588235294
v -0.7716346153846154 0.375 2.0625
v -0.6370192307692308 0.375 2.15625
v -0.5336538461538463 0.375 2.125
v -0.3365384615384617 0.375 2.15625
v -0.06730769230769251 0.375 2.1875
v -0.875 0.375 -1.930147058823529
v -0.875 0.5 -1.7665441176470584
v -0.875 0.5 -1.3373161764705879
v -0.875 0.375 -1.1580882352941173
v -0.875 0.375 -0.9007352941176467
v -0.875 0.375 -0.6433823529411762
v -0.875 0.375 -0.3860294117647056
v -0.875 0.375 -0.12867647058823506
v -0.875 0.375 0.1286764705882355
v -0.875 0.375 0.38602941176470607
v -0.875 0.375 0.6433823529411764
v -0.875 0.375 0.900735294117647
v -0.875 0.375 1.6727941176470587
v -0.71875 0.9687501413500377 1.1755506418889947
v -0.71875 0.9218752355835382 1.4503662658925895
v -0.703125 0.78125 1.984375
v -0.06250000000000011 0.890625 1.6727941176470587
v -0.06730769230769251 0.8125 2
v -0.05769230769230782 0.9375002355835382 1.4503662658925895
v -0.05769230769230782 0.9687501413500377 1.1755506418889947
v -0.05769230769230782 1 0.9007352941176472
v -0.046597633136094774 1.328125 0.38602941176470607
v -0.046597633136094774 1.375 0.1286764705882355
v -0.40504096495220754 1.375 -0.12867647058823506
v -0.40504096495220754 1.375 -0.3860294117647056
v -0.046597633136094774 1.375 -0.12867647058823506
v -0.796875 1 -0.6433823529411762
v -0.78125 1.125 -0.6433823529411762
v -0.71875 1.3125 -0.6433823529411762
v -0.6778846153846154 1.34375 -0.6433823529411762
v -0.6057692307692308 1.359375 -0.6433823529411762
v -0.40504096495220754 1.359375 -0.6433823529411762
v -0.78125 1.125 -0.9007352941176467
v -0.796875 1 -0.9007352941176467
v -0.71875 1.265625 -0.9007352941176467
v -0.6778846153846154 1.296875 -0.9007352941176467
v -0.6057692307692308 1.3125 -0.9007352941176467
v -0.40504096495220754 1.3125 -0.9007352941176467
v -0.8125 0.953125 -1.6102941176470584
v -0.875 0.625 1.415441176470588
v -0.875 0.125 0.900735294117647
v -0.47115384615384626 0.125 0.900735294117647
v -0.47115384615384626 0.125 1.415441176470588
v -0.875 0.25 0.900735294117647
v -0.875 0.5 1.0643382352941175
v -0.7403846153846154 0.125 0.900735294117647
v -0.6057692307692308 0.125 0.900735294117647
v -0.875 0.25 0.7720588235294117
v -0.875 0.125 0.7720588235294117
v -0.7403846153846154 0.125 0.7720588235294117
v -0.6057692307692308 0.125 0.7720588235294117
v -0.47115384615384626 0.125 0.7720588235294117
v -0.3365384615384617 0.125 0.7720588235294117
v -0.2019230769230771 0.125 0.7720588235294117
v -0.06730769230769251 0.125 0.7720588235294117
v -0.875 0.375 0.7720588235294117
v -0.875 0.5 0.7720588235294117
v -0.875 0.625 0.7720588235294117
v -0.859375 0.75 0.7720588235294117
v -0.8125 0.875 0.7720588235294117
v -0.765625 1 0.6433823529411766
v -0.875 0.25 1.5753676470588234
v -0.875 0.125 1.5753676470588234
v -0.47115384615384626 0.125 1.5790441176470587
v -0.3365384615384617 0.125 1.5441176470588234
v -0.2019230769230771 0.125 1.5441176470588234
v -0.06730769230769251 0.125 1.5441176470588234
v -0.875 0.359375 1.5753676470588234
v -0.875 0.5 1.5441176470588234
v -0.875 0.625 1.5441176470588234
v -0.8515625 0.75 1.5441176470588234
v -0.875 0.25 0.9825367647058822
v -0.875 0.125 0.9825367647058822
v -0.875 0.359375 0.9825367647058822
v -0.875 0.5 1.0294117647058822
v -0.875 0.625 1.0294117647058822
v -0.859375 0.75 1.0294117647058822
v -0.8125 0.875 1.0294117647058822
v -0.47115384615384626 0.125 1.4191176470588234
v -0.5 0.25 1.5753676470588234
v -0.5 0.25 1.415441176470588
v -0.5 0.25 1.1580882352941175
v -0.47115384615384626 0.125 1.1617647058823528
v -0.5 0.25 0.9825367647058822
v -0.47115384615384626 0.125 0.9862132352941175
v -0.5 0.5 1.493566176470588
v -0.5 0.5 1.0643382352941175
v -0.5 0.359375 1.5753676470588234
v -0.5 0.578125 1.368566176470588
v -0.5 0.578125 1.1893382352941175
v -0.5 0.359375 0.9825367647058822
v -0.875 0.25 -1.8483455882352937
v -0.8671875 0.125 -1.8405330882352937
v -0.3365384615384617 0.125 -1.8014705882352937
v -0.2019230769230771 0.125 -1.8014705882352937
v -0.06730769230769251 0.125 -1.8014705882352937
v -0.875 0.359375 -1.8483455882352937
v -0.875 0.5 -1.8014705882352937
v -0.875 0.625 -1.8014705882352937
v -0.875 0.75 -1.8014705882352937
v -0.875 0.25 -1.2398897058823526
v -0.875 0.125 -1.2398897058823526
v -0.3365384615384617 0.125 -1.2867647058823526
v -0.2019230769230771 0.125 -1.2867647058823526
v -0.06730769230769251 0.125 -1.2867647058823526
v -0.875 0.359375 -1.2398897058823526
v -0.875 0.5 -1.2867647058823526
v -0.875 0.625 -1.2867647058823526
v -0.875 0.75 -1.2867647058823526
v -0.8125 0.9140625 -1.3841911764705879
v -0.47115384615384626 0.125 -1.4154411764705879
v -0.5 0.25 -1.2398897058823526
v -0.47115384615384626 0.125 -1.2398897058823526
v -0.5 0.25 -1.4154411764705879
v -0.49999239427505815 0.24902498319467045 -1.6727941176470584
v -0.4999695641280567 0.2480497288263915 -1.8483455882352937
v -0.47115384615384626 0.125 -1.8483455882352937
v -0.47115384615384626 0.125 -1.6727941176470584
v -0.5 0.5 -1.7665441176470584
v -0.5 0.359375 -1.8483455882352937
v -0.5 0.578125 -1.4623161764705879
v -0.5 0.578125 -1.6259191176470584
v -0.5 0.5 -1.3373161764705879
v -0.5 0.359375 -1.2398897058823526
v -0.8415178571428572 0.95 0.796875
v -0.8415178571428572 0.95 0.828125
v -0.8415178571428572 0.90625 0.796875
v -0.8415178571428572 0.90625 0.828125
v -0.734375 0.95 0.796875
v -0.734375 0.95 0.828125
v -0.734375 0.90625 0.796875
v -0.734375 0.90625 0.828125
v -0.984375 0.95 0.796875
v -0.9665178571428572 0.90625 0.796875
v -0.9665178571428572 0.95 0.8125
v -0.9486607142857144 0.90625 0.8125
v -0.9665178571428572 0.90625 0.75
v -0.9772321428571429 0.95 0.75
v -0.8415178571428572 0.95 0.75
v -0.8486607142857143 0.915 0.75
v -0.8665178571428571 1.006875 0.75
v -0.952232142857143 1.006875 0.75
v -0.9486607142857144 1.01125 0.7875
v -0.8665178571428571 1.015625 0.7875
v -0.359375 0.28125 1.28125
v -0.859375 0.2812500000000001 1.28125
v -0.359375 0.35661071037125314 1.5625
v -0.859375 0.35661071037125325 1.5625
v -0.35937499999999994 0.48713928962874675 1.4871392896287468
v -0.859375 0.48713928962874686 1.4871392896287468
v -0.35937499999999994 0.5625 1.3566107103712532
v -0.859375 0.5625000000000001 1.3566107103712532
v -0.35937499999999994 0.5625 1.205889289628747
v -0.859375 0.5625000000000001 1.205889289628747
v -0.35937499999999994 0.48713928962874675 1.0753607103712532
v -0.859375 0.48713928962874686 1.0753607103712532
v -0.359375 0.35661071037125325 1
v -0.859375 0.35661071037125336 1
v -0.359375 0.20588928962874686 1.5625
v -0.859375 0.20588928962874697 1.5625
v -0.35937500000000006 0.07536071037125328 1.4871392896287468
v -0.859375 0.07536071037125339 1.4871392896287468
v -0.35937500000000006 0 1.3566107103712532
v -0.8593750000000001 1.1102230246251565e-16 1.3566107103712532
v -0.35937500000000006 0 1.205889289628747
v -0.8593750000000001 1.1102230246251565e-16 1.205889289628747
v -0.35937500000000006 0.07536071037125322 1.0753607103712532
v -0.859375 0.07536071037125333 1.0753607103712532
v -0.359375 0.20588928962874675 1
v -0.859375 0.20588928962874686 1
v -0.359375 0.28125 -1.546875
v -0.859375 0.2812500000000001 -1.546875
v -0.359375 0.35661071037125314 -1.265625
v -0.859375 0.35661071037125325 -1.265625
v -0.35937499999999994 0.48713928962874675 -1.3409857103712532
v -0.859375 0.48713928962874686 -1.3409857103712532
v -0.35937499999999994 0.5625 -1.4715142896287468
v -0.859375 0.5625 -1.4715142896287468
v -0.35937499999999994 0.5625 -1.6222357103712532
v -0.859375 0.5625 -1.6222357103712532
v -0.35937499999999994 0.48713928962874675 -1.7527642896287468
v -0.859375 0.48713928962874686 -1.7527642896287468
v -0.359375 0.35661071037125325 -1.828125
v -0.859375 0.35661071037125336 -1.828125
v -0.359375 0.20588928962874684 -1.265625
v -0.859375 0.20588928962874695 -1.265625
v -0.35937500000000006 0.07536071037125325 -1.3409857103712532
v -0.859375 0.07536071037125336 -1.3409857103712532
v -0.35937500000000006 0 -1.4715142896287468
v -0.8593750000000001 1.1102230246251565e-16 -1.4715142896287468
v -0.35937500000000006 0 -1.6222357103712532
v -0.8593750000000001 1.1102230246251565e-16 -1.6222357103712532
v -0.35937500000000006 0.07536071037125319 -1.7527642896287468
v -0.859375 0.0753607103712533 -1.7527642896287468
v -0.359375 0.20588928962874672 -1.828125
v -0.859375 0.20588928962874684 -1.828125
v 0.7734375 0.8203125 1.707720588235294
v 0.7403846153846154 0.125 -2.046875
v 0.859375 0.125 1.8676470588235294
v 0.7716346153846154 0.125 2.0625
v 0.6370192307692308 0.125 2.15625
v 0.47115384615384626 0.25 2.1875
v 0.3365384615384617 0.25 2.1875
v 0.2019230769230771 0.25 2.1875
v 0.06730769230769251 0.25 2.1875
v 0.6057692307692308 0.125 -2.15625
v 0.47115384615384626 0.125 -2.1875
v 0.3365384615384617 0.125 -2.1875
v 0.2019230769230771 0.125 -2.1875
v 0.06730769230769251 0.125 -2.1875
v 0.06730769230769251 0.328125 -2.1875
v 0.06730769230769251 0.5 -2.140625
v 0.06730769230769251 0.625 -2.171875
v 0.06730769230769251 0.75 -2.1875
v 0.2019230769230771 0.328125 -2.1875
v 0.2019230769230771 0.5 -2.140625
v 0.2019230769230771 0.625 -2.171875
v 0.2019230769230771 0.75 -2.1875
v 0.3365384615384617 0.328125 -2.1875
v 0.3365384615384617 0.5 -2.140625
v 0.3365384615384617 0.625 -2.171875
v 0.3365384615384617 0.75 -2.1875
v 0.47115384615384626 0.328125 -2.1875
v 0.47115384615384626 0.5 -2.140625
v 0.47115384615384626 0.625 -2.171875
v 0.47115384615384626 0.75 -2.1875
v 0.6057692307692308 0.25 -2.171875
v 0.6057692307692308 0.5 -2.171875
v 0.6057692307692308 0.625 -2.171875
v 0.6057692307692308 0.75 -2.1875
v 0.5901442307692308 0.828125 -2.15625
v 0.7403846153846154 0.25 -2.09375
v 0.7403846153846154 0.5 -2.15625
v 0.7403846153846154 0.625 -2.15625
v 0.7403846153846154 0.75 -2.15625
v 0.6778846153846154 0.85625 -2.109375
v 0.828125 0.25 -2.015625
v 0.84375 0.5 -2.0625
v 0.84375 0.625 -2.0625
v 0.84375 0.75 -2.078125
v 0.8125 0.890625 -2
v 0.859375 0.25 1.8676470588235294
v 0.859375 0.5 1.8676470588235294
v 0.84375 0.625 1.8676470588235294
v 0.7716346153846154 0.25 2.0625
v 0.7716346153846154 0.5 2.0625
v 0.7560096153846154 0.625 1.984375
v 0.6370192307692308 0.25 2.15625
v 0.6370192307692308 0.5 2.09375
v 0.6370192307692308 0.625 2.078125
v 0.5336538461538463 0.5 2.109375
v 0.47115384615384626 0.625 2.140625
v 0.47115384615384626 0.75 2.109375
v 0.3365384615384617 0.75 2.140625
v 0.4615384615384617 0.5 2.125
v 0.3365384615384617 0.625 2.171875
v 0.2019230769230771 0.75 2.15625
v 0.06730769230769251 0.5 2.1875
v 0.06730769230769251 0.625 2.1875
v 0.06730769230769251 0.75 2.15625
v 0.5901442307692308 1.296875 0.37040441176470607
v 0.6057692307692308 1.375 -0.3860294117647056
v 0.6057692307692308 1.375 -0.12867647058823506
v 0.6057692307692308 1.359375 0.1286764705882355
v 0.6778846153846154 1.359375 -0.3860294117647056
v 0.6778846153846154 1.359375 -0.12867647058823506
v 0.6778846153846154 1.34375 0.1286764705882355
v 0.71875 1.328125 -0.3860294117647056
v 0.71875 1.328125 -0.12867647058823506
v 0.71875 1.3125 0.1286764705882355
v 0.7091346153846154 1.265625 0.37040441176470607
v 0.78125 1.125 -0.3860294117647056
v 0.78125 1.125 -0.12867647058823506
v 0.78125 1.125 0.1286764705882355
v 0.765625 1.125 0.38602941176470607
v 0.796875 1 -1.1580882352941173
v 0.796875 1 -0.3860294117647056
v 0.796875 1 -0.12867647058823506
v 0.796875 1 0.1286764705882355
v 0.78125 1 0.38602941176470607
v 0.75 1 0.9007352941176472
v 0.8125 0.921875 -1.836397058823529
v 0.8125 0.875 -1.1580882352941173
v 0.8125 0.875 -0.9007352941176467
v 0.8125 0.875 -0.6433823529411762
v 0.8125 0.875 -0.3860294117647056
v 0.8125 0.875 -0.12867647058823506
v 0.8125 0.875 0.1286764705882355
v 0.8125 0.875 0.38602941176470607
v 0.8125 0.875 0.6433823529411764
v 0.8125 0.875 0.900735294117647
v 0.8125 0.875 1.1580882352941175
v 0.8125 0.84375 1.415441176470588
v 0.875 0.75 -1.930147058823529
v 0.875 0.75 -1.6727941176470584
v 0.875 0.75 -1.4154411764705879
v 0.875 0.75 -1.1580882352941173
v 0.859375 0.75 -0.9007352941176467
v 0.859375 0.75 -0.6433823529411762
v 0.859375 0.75 -0.3860294117647056
v 0.859375 0.75 -0.12867647058823506
v 0.859375 0.75 0.1286764705882355
v 0.859375 0.75 0.38602941176470607
v 0.859375 0.75 0.6433823529411764
v 0.859375 0.75 0.900735294117647
v 0.859375 0.75 1.1580882352941175
v 0.859375 0.75 1.415441176470588
v 0.84375 0.75 1.6727941176470587
v 0.875 0.625 -1.930147058823529
v 0.875 0.625 -1.6727941176470584
v 0.875 0.625 -1.4154411764705879
v 0.875 0.625 -1.1580882352941173
v 0.875 0.625 -0.9007352941176467
v 0.875 0.625 -0.6433823529411762
v 0.875 0.625 -0.3860294117647056
v 0.875 0.625 -0.12867647058823506
v 0.875 0.625 0.1286764705882355
v 0.875 0.625 0.38602941176470607
v 0.875 0.625 0.6433823529411764
v 0.875 0.625 0.900735294117647
v 0.875 0.625 1.1580882352941175
v 0.875 0.578125 1.368566176470588
v 0.875 0.625 1.6727941176470587
v 0.875 0.5 -1.930147058823529
v 0.875 0.578125 -1.6259191176470584
v 0.875 0.578125 -1.4623161764705879
v 0.875 0.5 -1.1580882352941173
v 0.875 0.5 -0.9007352941176467
v 0.875 0.5 -0.6433823529411762
v 0.875 0.5 -0.3860294117647056
v 0.875 0.5 -0.12867647058823506
v 0.875 0.5 0.1286764705882355
v 0.875 0.5 0.38602941176470607
v 0.875 0.5 0.6433823529411764
v 0.875 0.5 0.900735294117647
v 0.875 0.578125 1.1893382352941175
v 0.875 0.5 1.493566176470588
v 0.875 0.5 1.6727941176470587
v 0.875 0.25 -1.930147058823529
v 0.875 0.25 -1.1580882352941173
v 0.875 0.25 -0.9007352941176467
v 0.875 0.25 -0.6433823529411762
v 0.875 0.25 -0.3860294117647056
v 0.875 0.25 -0.12867647058823506
v 0.875 0.25 0.1286764705882355
v 0.875 0.25 0.38602941176470607
v 0.875 0.25 0.6433823529411764
v 0.875 0.25 1.6727941176470587
v 0.859375 0.125 -1.914522058823529
v 0.875 0.125 -1.1580882352941173
v 0.875 0.125 -0.9007352941176467
v 0.875 0.125 -0.6433823529411762
v 0.875 0.125 -0.3860294117647056
v 0.875 0.125 -0.12867647058823506
v 0.875 0.125 0.1286764705882355
v 0.875 0.125 0.38602941176470607
v 0.875 0.125 0.6433823529411764
v 0.875 0.125 1.6727941176470587
v 0.7403846153846154 0.125 -1.930147058823529
v 0.7403846153846154 0.125 -1.1580882352941173
v 0.7403846153846154 0.125 -0.9007352941176467
v 0.7403846153846154 0.125 -0.6433823529411762
v 0.7403846153846154 0.125 -0.3860294117647056
v 0.7403846153846154 0.125 -0.12867647058823506
v 0.7403846153846154 0.125 0.1286764705882355
v 0.7403846153846154 0.125 0.38602941176470607
v 0.7403846153846154 0.125 0.6433823529411764
v 0.7403846153846154 0.125 1.6727941176470587
v 0.7403846153846154 0.125 1.9301470588235294
v 0.6057692307692308 0.125 -1.930147058823529
v 0.6057692307692308 0.125 -1.1580882352941173
v 0.6057692307692308 0.125 -0.9007352941176467
v 0.6057692307692308 0.125 -0.6433823529411762
v 0.6057692307692308 0.125 -0.3860294117647056
v 0.6057692307692308 0.125 -0.12867647058823506
v 0.6057692307692308 0.125 0.1286764705882355
v 0.6057692307692308 0.125 0.38602941176470607
v 0.6057692307692308 0.125 0.6433823529411764
v 0.6057692307692308 0.125 1.6727941176470587
v 0.6057692307692308 0.125 1.9301470588235294
v 0.47115384615384626 0.125 -1.930147058823529
v 0.47115384615384626 0.125 -1.1580882352941173
v 0.47115384615384626 0.125 -0.9007352941176467
v 0.47115384615384626 0.125 -0.6433823529411762
v 0.47115384615384626 0.125 -0.3860294117647056
v 0.47115384615384626 0.125 -0.12867647058823506
v 0.47115384615384626 0.125 0.1286764705882355
v 0.47115384615384626 0.125 0.38602941176470607
v 0.47115384615384626 0.125 0.6433823529411764
v 0.47115384615384626 0.125 1.6727941176470587
v 0.47115384615384626 0.125 1.9301470588235294
v 0.3365384615384617 0.125 -1.930147058823529
v 0.3365384615384617 0.125 -1.6727941176470584
v 0.3365384615384617 0.125 -1.4154411764705879
v 0.3365384615384617 0.125 -1.1580882352941173
v 0.3365384615384617 0.125 -0.9007352941176467
v 0.3365384615384617 0.125 -0.6433823529411762
v 0.3365384615384617 0.125 -0.3860294117647056
v 0.3365384615384617 0.125 -0.12867647058823506
v 0.3365384615384617 0.125 0.1286764705882355
v 0.3365384615384617 0.125 0.38602941176470607
v 0.3365384615384617 0.125 0.6433823529411764
v 0.3365384615384617 0.125 0.900735294117647
v 0.3365384615384617 0.125 1.0330882352941175
v 0.3365384615384617 0.125 1.415441176470588
v 0.3365384615384617 0.125 1.6727941176470587
v 0.3365384615384617 0.125 1.9301470588235294
v 0.2019230769230771 0.125 -1.930147058823529
v 0.2019230769230771 0.125 -1.6727941176470584
v 0.2019230769230771 0.125 -1.4154411764705879
v 0.2019230769230771 0.125 -1.1580882352941173
v 0.2019230769230771 0.125 -0.9007352941176467
v 0.2019230769230771 0.125 -0.6433823529411762
v 0.2019230769230771 0.125 -0.3860294117647056
v 0.2019230769230771 0.125 -0.12867647058823506
v 0.2019230769230771 0.125 0.1286764705882355
v 0.2019230769230771 0.125 0.38602941176470607
v 0.2019230769230771 0.125 0.6433823529411764
v 0.2019230769230771 0.125 0.900735294117647
v 0.2019230769230771 0.125 1.0330882352941175
v 0.2019230769230771 0.125 1.415441176470588
v 0.2019230769230771 0.125 1.6727941176470587
v 0.2019230769230771 0.125 1.9301470588235294
v 0.06730769230769251 0.125 -1.930147058823529
v 0.06730769230769251 0.125 -1.6727941176470584
v 0.06730769230769251 0.125 -1.4154411764705879
v 0.06730769230769251 0.125 -1.1580882352941173
v 0.06730769230769251 0.125 -0.9007352941176467
v 0.06730769230769251 0.125 -0.6433823529411762
v 0.06730769230769251 0.125 -0.3860294117647056
v 0.06730769230769251 0.125 -0.12867647058823506
v 0.06730769230769251 0.125 0.1286764705882355
v 0.06730769230769251 0.125 0.38602941176470607
v 0.06730769230769251 0.125 0.6433823529411764
v 0.06730769230769251 0.125 0.900735294117647
v 0.06730769230769251 0.125 1.0330882352941175
v 0.06730769230769251 0.125 1.415441176470588
v 0.06730769230769251 0.125 1.6727941176470587
v 0.06730769230769251 0.125 1.9301470588235294
v 0.06730769230769251 0.328125 -2.125
v 0.2019230769230771 0.328125 -2.125
v 0.3365384615384617 0.328125 -2.125
v 0.47115384615384626 0.328125 -2.125
v 0.6057692307692308 0.375 -2.1875
v 0.7403846153846154 0.375 -2.125
v 0.84375 0.375 -2.015625
v 0.859375 0.375 1.8676470588235294
v 0.7716346153846154 0.375 2.0625
v 0.6370192307692308 0.375 2.15625
v 0.5336538461538463 0.375 2.125
v 0.3365384615384617 0.375 2.15625
v 0.06730769230769251 0.375 2.1875
v 0.875 0.375 -1.930147058823529
v 0.875 0.5 -1.7665441176470584
v 0.875 0.5 -1.3373161764705879
v 0.875 0.375 -1.1580882352941173
v 0.875 0.375 -0.9007352941176467
v 0.875 0.375 -0.6433823529411762
v 0.875 0.375 -0.3860294117647056
v 0.875 0.375 -0.12867647058823506
v 0.875 0.375 0.1286764705882355
v 0.875 0.375 0.38602941176470607
v 0.875 0.375 0.6433823529411764
v 0.875 0.375 0.900735294117647
v 0.875 0.375 1.6727941176470587
v 0.71875 0.9687501413500377 1.1755506418889947
v 0.71875 0.9218752355835382 1.4503662658925895
v 0.703125 0.78125 1.984375
v 0.06250000000000011 0.890625 1.6727941176470587
v 0.06730769230769251 0.8125 2
v 0.05769230769230782 0.9375002355835382 1.4503662658925895
v 0.05769230769230782 0.9687501413500377 1.1755506418889947
v 0.05769230769230782 1 0.9007352941176472
v 0.046597633136094774 1.328125 0.38602941176470607
v 0.046597633136094774 1.375 0.1286764705882355
v 0.40504096495220754 1.375 -0.12867647058823506
v 0.40504096495220754 1.375 -0.3860294117647056
v 0.046597633136094774 1.375 -0.12867647058823506
v 0.796875 1 -0.6433823529411762
v 0.78125 1.125 -0.6433823529411762
v 0.71875 1.3125 -0.6433823529411762
v 0.6778846153846154 1.34375 -0.6433823529411762
v 0.6057692307692308 1.359375 -0.6433823529411762
v 0.40504096495220754 1.359375 -0.6433823529411762
v 0.78125 1.125 -0.9007352941176467
v 0.796875 1 -0.9007352941176467
v 0.71875 1.265625 -0.9007352941176467
v 0.6778846153846154 1.296875 -0.9007352941176467
v 0.6057692307692308 1.3125 -0.9007352941176467
v 0.40504096495220754 1.3125 -0.9007352941176467
v 0.8125 0.953125 -1.6102941176470584
v 0.875 0.625 1.415441176470588
v 0.875 0.125 0.900735294117647
v 0.47115384615384626 0.125 0.900735294117647
v 0.47115384615384626 0.125 1.415441176470588
v 0.875 0.25 0.900735294117647
v 0.875 0.5 1.0643382352941175
v 0.7403846153846154 0.125 0.900735294117647
v 0.6057692307692308 0.125 0.900735294117647
v 0.875 0.25 0.7720588235294117
v 0.875 0.125 0.7720588235294117
v 0.7403846153846154 0.125 0.7720588235294117
v 0.6057692307692308 0.125 0.7720588235294117
v 0.47115384615384626 0.125 0.7720588235294117
v 0.3365384615384617 0.125 0.7720588235294117
v 0.2019230769230771 0.125 0.7720588235294117
v 0.06730769230769251 0.125 0.7720588235294117
v 0.875 0.375 0.7720588235294117
v 0.875 0.5 0.7720588235294117
v 0.875 0.625 0.7720588235294117
v 0.859375 0.75 0.7720588235294117
v 0.8125 0.875 0.7720588235294117
v 0.765625 1 0.6433823529411766
v 0.875 0.25 1.5753676470588234
v 0.875 0.125 1.5753676470588234
v 0.47115384615384626 0.125 1.5790441176470587
v 0.3365384615384617 0.125 1.5441176470588234
v 0.2019230769230771 0.125 1.5441176470588234
v 0.06730769230769251 0.125 1.5441176470588234
v 0.875 0.359375 1.5753676470588234
v 0.875 0.5 1.5441176470588234
v 0.875 0.625 1.5441176470588234
v 0.8515625 0.75 1.5441176470588234
v 0.875 0.25 0.9825367647058822
v 0.875 0.125 0.9825367647058822
v 0.875 0.359375 0.9825367647058822
v 0.875 0.5 1.0294117647058822
v 0.875 0.625 1.0294117647058822
v 0.859375 0.75 1.0294117647058822
v 0.8125 0.875 1.0294117647058822
v 0.47115384615384626 0.125 1.4191176470588234
v 0.5 0.25 1.5753676470588234
v 0.5 0.25 1.415441176470588
v 0.5 0.25 1.1580882352941175
v 0.47115384615384626 0.125 1.1617647058823528
v 0.5 0.25 0.9825367647058822
v 0.47115384615384626 0.125 0.9862132352941175
v 0.5 0.5 1.493566176470588
v 0.5 0.5 1.0643382352941175
v 0.5 0.359375 1.5753676470588234
v 0.5 0.578125 1.368566176470588
v 0.5 0.578125 1.1893382352941175
v 0.5 0.359375 0.9825367647058822
v 0.875 0.25 -1.8483455882352937
v 0.8671875 0.125 -1.8405330882352937
v 0.3365384615384617 0.125 -1.8014705882352937
v 0.2019230769230771 0.125 -1.8014705882352937
v 0.06730769230769251 0.125 -1.8014705882352937
v 0.875 0.359375 -1.8483455882352937
v 0.875 0.5 -1.8014705882352937
v 0.875 0.625 -1.8014705882352937
v 0.875 0.75 -1.8014705882352937
v 0.875 0.25 -1.2398897058823526
v 0.875 0.125 -1.2398897058823526
v 0.3365384615384617 0.125 -1.2867647058823526
v 0.2019230769230771 0.125 -1.2867647058823526
v 0.06730769230769251 0.125 -1.2867647058823526
v 0.875 0.359375 -1.2398897058823526
v 0.875 0.5 -1.2867647058823526
v 0.875 0.625 -1.2867647058823526
v 0.875 0.75 -1.2867647058823526
v 0.8125 0.9140625 -1.3841911764705879
v 0.47115384615384626 0.125 -1.4154411764705879
v 0.5 0.25 -1.2398897058823526
v 0.47115384615384626 0.125 -1.2398897058823526
v 0.5 0.25 -1.4154411764705879
v 0.49999239427505815 0.24902498319467045 -1.6727941176470584
v 0.4999695641280567 0.2480497288263915 -1.8483455882352937
v 0.47115384615384626 0.125 -1.8483455882352937
v 0.47115384615384626 0.125 -1.6727941176470584
v 0.5 0.5 -1.7665441176470584
v 0.5 0.359375 -1.8483455882352937
v 0.5 0.578125 -1.4623161764705879
v 0.5 0.578125 -1.6259191176470584
v 0.5 0.5 -1.3373161764705879
v 0.5 0.359375 -1.2398897058823526
v 0.8415178571428572 0.95 0.796875
v 0.8415178571428572 0.95 0.828125
v 0.8415178571428572 0.90625 0.796875
v 0.8415178571428572 0.90625 0.828125
v 0.734375 0.95 0.796875
v 0.734375 0.95 0.828125
v 0.734375 0.90625 0.796875
v 0.734375 0.90625 0.828125
v 0.984375 0.95 0.796875
v 0.9665178571428572 0.90625 0.796875
v 0.9665178571428572 0.95 0.8125
v 0.9486607142857144 0.90625 0.8125
v 0.9665178571428572 0.90625 0.75
v 0.9772321428571429 0.95 0.75
v 0.8415178571428572 0.95 0.75
v 0.8486607142857143 0.915 0.75
v 0.8665178571428571 1.006875 0.75
v 0.952232142857143 1.006875 0.75
v 0.9486607142857144 1.01125 0.7875
v 0.8665178571428571 1.015625 0.7875
v 0.359375 0.28125 1.28125
v 0.859375 0.2812500000000001 1.28125
v 0.359375 0.35661071037125314 1.5625
v 0.859375 0.35661071037125325 1.5625
v 0.35937499999999994 0.48713928962874675 1.4871392896287468
v 0.859375 0.48713928962874686 1.4871392896287468
v 0.35937499999999994 0.5625 1.3566107103712532
v 0.859375 0.5625000000000001 1.3566107103712532
v 0.35937499999999994 0.5625 1.205889289628747
v 0.859375 0.5625000000000001 1.205889289628747
v 0.35937499999999994 0.48713928962874675 1.0753607103712532
v 0.859375 0.48713928962874686 1.0753607103712532
v 0.359375 0.35661071037125325 1
v 0.859375 0.35661071037125336 1
v 0.359375 0.20588928962874686 1.5625
v 0.859375 0.20588928962874697 1.5625
v 0.35937500000000006 0.07536071037125328 1.4871392896287468
v 0.859375 0.07536071037125339 1.4871392896287468
v 0.35937500000000006 0 1.3566107103712532
v 0.8593750000000001 1.1102230246251565e-16 1.3566107103712532
v 0.35937500000000006 0 1.205889289628747
v 0.8593750000000001 1.1102230246251565e-16 1.205889289628747
v 0.35937500000000006 0.07536071037125322 1.0753607103712532
v 0.859375 0.07536071037125333 1.0753607103712532
v 0.359375 0.20588928962874675 1
v 0.859375 0.20588928962874686 1
v 0.359375 0.28125 -1.546875
v 0.859375 0.2812500000000001 -1.546875
v 0.359375 0.35661071037125314 -1.265625
v 0.859375 0.35661071037125325 -1.265625
v 0.35937499999999994 0.48713928962874675 -1.3409857103712532
v 0.859375 0.48713928962874686 -1.3409857103712532
v 0.35937499999999994 0.5625 -1.4715142896287468
v 0.859375 0.5625 -1.4715142896287468
v 0.35937499999999994 0.5625 -1.6222357103712532
v 0.859375 0.5625 -1.6222357103712532
v 0.35937499999999994 0.48713928962874675 -1.7527642896287468
v 0.859375 0.48713928962874686 -1.7527642896287468
v 0.359375 0.35661071037125325 -1.828125
v 0.859375 0.35661071037125336 -1.828125
v 0.359375 0.20588928962874684 -1.265625
v 0.859375 0.20588928962874695 -1.265625
v 0.35937500000000006 0.07536071037125325 -1.3409857103712532
v 0.859375 0.07536071037125336 -1.3409857103712532
v 0.35937500000000006 0 -1.4715142896287468
v 0.8593750000000001 1.1102230246251565e-16 -1.4715142896287468
v 0.35937500000000006 0 -1.6222357103712532
v 0.8593750000000001 1.1102230246251565e-16 -1.6222357103712532
v 0.35937500000000006 0.07536071037125319 -1.7527642896287468
v 0.859375 0.0753607103712533 -1.7527642896287468
v 0.359375 0.20588928962874672 -1.828125
v 0.859375 0.20588928962874684 -1.828125
vt 0.00037578125000000025 0
vt 0.00037578125000000025 0
vt 0.01720234375 0
vt 0.7396648941872032 0.70385805777253985
vt 0.7564851259768305 0.7033965297564697
vt 0.755893419545976 0.6818319898545764
vt 0.7396648941872032 0.70385805777253985
vt 0.755893419545976 0.6818319898545764
vt 0.7390731877563488 0.6822935178706465
vt 0.10096171875 0.55078125
vt 0.11778828125 0.55078125
vt 0.11778828124999999 0.51501796874999994
vt 0.10096171875000001 0.55078125
vt 0.11778828125 0.51501796874999994
vt 0.10096171875 0.51501796874999994
vt 0.6146335962067311 0.025390632222085
vt 0.6314601587067311 0.025390632222085
vt 0.6314601587067311 7.222085E-09
vt 0.6146335962067311 0.025390632222085
vt 0.6314601587067311 7.222085E-09
vt 0.6146335962067311 7.222085E-09
vt 0.7390731877563488 0.6822935178706465
vt 0.755893419545976 0.6818319898545764
vt 0.7554516700775349 0.6657325805155865
vt 0.7390731877563488 0.6822935178706465
vt 0.7554516700775349 0.6657325805155865
vt 0.7386314382879076 0.6661941085316565
vt 0.7386314382879076 0.6661941085316565
vt 0.7554516700775349 0.6657325805155865
vt 0.7550197563115442 0.6499916300117454
vt 0.7386314382879076 0.6661941085316565
vt 0.7550197563115442 0.6499916300117454
vt 0.7381995245219168 0.65045315802781556
vt 0.09848094399016598 0.61535539870894873
vt 0.11530750649016598 0.61535539870894873
vt 0.11530750649016598 0.59973039870894873
vt 0.09848094399016598 0.61535539870894873
vt 0.11530750649016598 0.59973039870894873
vt 0.09848094399016598 0.59973039870894873
vt 0.09848094399016598 0.59973039870894873
vt 0.11530750649016598 0.59973039870894873
vt 0.11530750649016598 0.58410539870894873
vt 0.09848094399016598 0.59973039870894873
vt 0.11530750649016598 0.58410539870894873
vt 0.09848094399016598 0.58410539870894873
vt 0.09848094399016598 0.58410539870894873
vt 0.11530750649016598 0.58410539870894873
vt 0.11530750649016598 0.56799992995894877
vt 0.09848094399016598 0.58410539870894873
vt 0.11530750649016598 0.56799992995894877
vt 0.09848094399016598 0.56799992995894877
vt 0.11778828125 0.0003117187499999
vt 0.10096171875 0.0003117187499999
vt 0.10096171875 0.0324804687499999
vt 0.11778828125 0.0003117187499999
vt 0.10096171875 0.0324804687499999
vt 0.11778828125 0.0324804687499999
vt 0.11778828125 0.0324804687499999
vt 0.10096171875 0.0324804687499999
vt 0.10096171875 0.048565625
vt 0.11778828125 0.0324804687499999
vt 0.10096171875 0.048565625
vt 0.11778828125 0.048565625
vt 0.11778828125 0.0646499999999999
vt 0.10096171875 0.0646499999999999
vt 0.10096171875 0.09681875
vt 0.11778828125 0.0646499999999999
vt 0.10096171875 0.09681875
vt 0.11778828125 0.09681875
vt 0.11778828125 0.09681875
vt 0.10096171875 0.09681875
vt 0.10096171875 0.1129039062499999
vt 0.11778828125 0.09681875
vt 0.10096171875 0.1129039062499999
vt 0.11778828125 0.1129039062499999
vt 0.11778828125 0.12898828125
vt 0.10096171875 0.12898828125
vt 0.10096171875 0.1611570312499999
vt 0.11778828125 0.12898828125
vt 0.10096171875 0.1611570312499999
vt 0.11778828125 0.1611570312499999
vt 0.11778828125 0.1611570312499999
vt 0.10096171875 0.1611570312499999
vt 0.10096171875 0.1933265624999999
vt 0.11778828125 0.1611570312499999
vt 0.10096171875 0.1933265624999999
vt 0.11778828125 0.1933265624999999
vt 0.11778828125 0.1933265624999999
vt 0.10096171875 0.1933265624999999
vt 0.10096171875 0.2254953124999999
vt 0.11778828125 0.1933265624999999
vt 0.10096171875 0.2254953124999999
vt 0.11778828125 0.2254953124999999
vt 0.11778828125 0.2254953124999999
vt 0.10096171875 0.2254953124999999
vt 0.10096171875 0.25766484375
vt 0.11778828125 0.2254953124999999
vt 0.10096171875 0.25766484375
vt 0.11778828125 0.25766484375
vt 0.11778828125 0.25766484375
vt 0.10096171875 0.25766484375
vt 0.10096171875 0.2898335937499998
vt 0.11778828125 0.25766484375
vt 0.10096171875 0.2898335937499998
vt 0.11778828125 0.2898335937499998
vt 0.11778828125 0.2898335937499998
vt 0.10096171875 0.2898335937499998
vt 0.10096171875 0.322003125
vt 0.11778828125 0.2898335937499998
vt 0.10096171875 0.322003125
vt 0.11778828125 0.322003125
vt 0.11778828125 0.322003125
vt 0.10096171875 0.322003125
vt 0.10096171875 0.3541718749999999
vt 0.11778828125 0.322003125
vt 0.10096171875 0.3541718749999999
vt 0.11778828125 0.3541718749999999
vt 0.10096171875 0.3863414062499999
vt 0.11778828125 0.3863414062499999
vt 0.11778828125 0.37025625
vt 0.10096171875 0.3863414062499999
vt 0.11778828125 0.37025625
vt 0.10096171875 0.37025625
vt 0.11778828125 0.3863414062499999
vt 0.10096171875 0.3863414062499999
vt 0.10096171875 0.4028851562499999
vt 0.11778828125 0.3863414062499999
vt 0.10096171875 0.4028851562499999
vt 0.11778828125 0.4028851562499999
vt 0.11778828125 0.4028851562499999
vt 0.10096171875 0.4028851562499999
vt 0.10096171875 0.4506796874999999
vt 0.11778828125 0.4028851562499999
vt 0.10096171875 0.4506796874999999
vt 0.11778828125 0.4506796874999999
vt 0.11778828125 0.4506796874999999
vt 0.10096171875 0.4506796874999999
vt 0.10096171875 0.4667640624999999
vt 0.11778828125 0.4506796874999999
vt 0.10096171875 0.4667640624999999
vt 0.11778828125 0.4667640624999999
vt 0.11778828125 0.4828484375
vt 0.10096171875 0.4828484375
vt 0.10096171875 0.51501796874999994
vt 0.11778828125 0.4828484375
vt 0.10096171875 0.51501796874999994
vt 0.11778828125 0.51501796874999994
vt 0.20936015625 0.8359375
vt 0.22618671875000002 0.8359375
vt 0.22618671875000002 0.828125
vt 0.20936015625 0.8359375
vt 0.22618671875000002 0.828125
vt 0.20936015625 0.828125
vt 0.09848094399016598 0.63098039870894873
vt 0.11530750649016598 0.63098039870894873
vt 0.11530750649016598 0.61535539870894873
vt 0.09848094399016598 0.63098039870894873
vt 0.11530750649016598 0.61535539870894873
vt 0.09848094399016598 0.61535539870894873
vt 0.29090299441043244 0.0215134417533362
vt 0.30772955691043247 0.0215134417533362
vt 0.30772955691043247 0.0004775042533361
vt 0.29090299441043244 0.0215134417533362
vt 0.30772955691043247 0.0004775042533361
vt 0.29090299441043244 0.0004775042533361
vt 0.26772890625 0.68127704268458555
vt 0.26772890625 0.71344657393458566
vt 0.36898984375 0.71344657393458566
vt 0.26772890625 0.68127704268458555
vt 0.36898984375 0.71344657393458566
vt 0.36898984375 0.68127704268458555
vt 0.48857171766155183 0.3288151503186599
vt 0.48857171766155183 0.36104327531866
vt 0.5898326551615518 0.36104327531866
vt 0.48857171766155183 0.3288151503186599
vt 0.5898326551615518 0.36104327531866
vt 0.5898326551615518 0.3288151503186599
vt 0.5898326551615518 0.36104327531866
vt 0.48857171766155183 0.36104327531866
vt 0.48857171766155183 0.39374171281866
vt 0.5898326551615518 0.36104327531866
vt 0.48857171766155183 0.39374171281866
vt 0.5898326551615518 0.39374171281866
vt 0.453125 0.568171875
vt 0.453125 0.59670390625
vt 0.65625 0.59670390625
vt 0.453125 0.568171875
vt 0.65625 0.59670390625
vt 0.65625 0.568171875
vt 0.65625 0.59670390625
vt 0.453125 0.59670390625
vt 0.453125 0.6175242187500001
vt 0.65625 0.59670390625
vt 0.453125 0.6175242187500001
vt 0.65625 0.6175242187500001
vt 0.453125 0.6175242187500001
vt 0.46995156250000003 0.63185546875
vt 0.6394234375 0.63185546875
vt 0.453125 0.6175242187500001
vt 0.6394234375 0.63185546875
vt 0.65625 0.6175242187500001
vt 0.62845546875 0.6386882812500001
vt 0.6394234375 0.63185546875
vt 0.46995156250000003 0.63185546875
vt 0.62845546875 0.6386882812500001
vt 0.46995156250000003 0.63185546875
vt 0.48091953125 0.6386882812500001
vt 0.60531796875 0.46875
vt 0.50405703125 0.46875
vt 0.453125 0.568171875
vt 0.60531796875 0.46875
vt 0.453125 0.568171875
vt 0.65625 0.568171875
vt 0.8208315059708149 0.6413140542239393
vt 0.673295568470815 0.6413140542239393
vt 0.6881690059708149 0.6518320229739393
vt 0.8358625 0.609375
vt 0.7032 0.61989296875
vt 0.8209890625 0.61989296875
vt 0.11778828125 0.3541718749999999
vt 0.10096171875 0.3541718749999999
vt 0.10096171875 0.37025625
vt 0.11778828125 0.3541718749999999
vt 0.10096171875 0.37025625
vt 0.11778828125 0.37025625
vt 0.34093281225897576 0.609375
vt 0.34033203100897574 0.5673250000000001
vt 0.3247070310089757 0.5673250000000001
vt 0.34093281225897576 0.609375
vt 0.3247070310089757 0.5673250000000001
vt 0.32410624975897573 0.609375
vt 0.34033203100897574 0.5673250000000001
vt 0.33973124975897573 0.5389109375000001
vt 0.3253078122589757 0.5389109375000001
vt 0.34033203100897574 0.5673250000000001
vt 0.3253078122589757 0.5389109375000001
vt 0.3247070310089757 0.5673250000000001
vt 0.33973124975897573 0.5389109375000001
vt 0.33973124975897573 0.5043375
vt 0.3253078122589757 0.5043375
vt 0.33973124975897573 0.5389109375000001
vt 0.3253078122589757 0.5043375
vt 0.3253078122589757 0.5389109375000001
vt 0.33973124975897573 0.5043375
vt 0.33973124975897573 0.4697640625
vt 0.3253078122589757 0.4697640625
vt 0.33973124975897573 0.5043375
vt 0.3253078122589757 0.4697640625
vt 0.3253078122589757 0.5043375
vt 0.33973124975897573 0.4697640625
vt 0.33834453100897577 0.3934640625000001
vt 0.3266945310089758 0.3934640625
vt 0.33973124975897573 0.4697640625
vt 0.3266945310089758 0.3934640625
vt 0.3253078122589757 0.4697640625
vt 0.33834453100897577 0.3934640625000001
vt 0.33834453100897577 0.360765625
vt 0.3266945310089758 0.360765625
vt 0.33834453100897577 0.3934640625000001
vt 0.3266945310089758 0.360765625
vt 0.3266945310089758 0.3934640625
vt 0.33834453100897577 0.328596875
vt 0.3266945310089758 0.328596875
vt 0.3266945310089758 0.360765625
vt 0.33834453100897577 0.328596875
vt 0.3266945310089758 0.360765625
vt 0.33834453100897577 0.360765625
vt 0.10096171875 0.4828484375
vt 0.11778828125 0.4828484375
vt 0.11778828125 0.4667640624999999
vt 0.10096171875 0.4828484375
vt 0.11778828125 0.4667640624999999
vt 0.10096171875 0.4667640624999999
vt 0.10096171875 0.0646499999999999
vt 0.11778828125 0.0646499999999999
vt 0.11778828125 0.048565625
vt 0.10096171875 0.0646499999999999
vt 0.11778828125 0.048565625
vt 0.10096171875 0.048565625
vt 0.10096171875 0.12898828125
vt 0.11778828125 0.12898828125
vt 0.11778828125 0.1129039062499999
vt 0.10096171875 0.12898828125
vt 0.11778828125 0.1129039062499999
vt 0.10096171875 0.1129039062499999
vt 0.8358625 0.609375
vt 0.8209890625 0.61989296875
vt 0.837815625 0.61989296875
vt 0.4736328125 0.4846934072715681
vt 0.46140406926824984 0.4765625
vt 0.46140406926824984 0.4960485257670801
vt 0.7533151532166749 0.2301228530076826
vt 0.7357469208592144 0.2545094508202994
vt 0.7536067052782986 0.2507405421228824
vt 0.013695714633009531 0.56313590385664414
vt 0.006880925574698993 0.58259710099757345
vt 0.02575201583096949 0.58415340904921575
vt 0.39342472872007145 0.6177854897734487
vt 0.3940802927407032 0.64904889872632665
vt 0.40330300143313547 0.6489303567023478
vt 0.74313515625 0.0004953125
vt 0.71096640625 0.0166015625
vt 0.74313515625 0.0166015625
vt 0.8925373783876016 0.0316526636642945
vt 0.8764530033876016 0.0491221949142946
vt 0.8925373783876016 0.0491221949142946
vt 0.30069607254261266 0.2119086348560758
vt 0.272408793284331 0.2156346387300756
vt 0.2928838343925364 0.2384733694615954
vt 0.32505232254261274 0.2384742598560758
vt 0.30069607254261266 0.2119086348560758
vt 0.29288357254261266 0.2384742598560758
vt 0.23899960937499998 0.337890625
vt 0.23268007812500002 0.337890625
vt 0.22682070312500002 0.35546875
vt 0.23704609375000002 0.205078125
vt 0.23072734374999998 0.205078125
vt 0.22682109374999998 0.22265625
vt 0.01720234375 0.7509765625
vt 0.01720234375 0.7348703125
vt 0.00037578125000000025 0.7509765625
vt 0.29090299441043244 0.0004775042533361
vt 0.27407565066043243 0.0215134417533362
vt 0.29090299441043244 0.0215134417533362
vt 0.5625097553334079 0.4531395401379851
vt 0.579421952582938 0.4541015625
vt 0.5966699321665921 0.4531395401379851
vt 0.5823574906120177 0.20502330067494
vt 0.5498534119035041 0.1901073203151391
vt 0.5501400024314225 0.2058512477438041
vt 0.5480067317423467 0.1711535427291454
vt 0.549853485235092 0.1901073362773276
vt 0.6145749787926127 0.2041953536060758
vt 0.4217231233825781 0.3937340584076057
vt 0.40641728949887146 0.3922423953278467
vt 0.4279445968114062 0.4677904479230741
vt 0.8925377325898893 0.0316524713115319
vt 0.857757590500646 0.03261099626429
vt 0.8603686283876015 0.0491221949142946
vt 0.42238643967176875 0.53913076422533257
vt 0.43034206106525674 0.573474105975157
vt 0.43815070289371466 0.5373320604166222
vt 0.4205909645753033 0.60825092371250267
vt 0.34033260612454924 0.56732529326499925
vt 0.3410016004841675 0.6093740927017395
vt 0.2740759118395676 0.0215131152521341
vt 0.29090299441043244 0.0004775042533361
vt 0.25723463106003963 0.0196884048697674
vt 0.39408046874999997 0.68127704268458555
vt 0.39408046874999997 0.6490489176845856
vt 0.36898984375 0.68127704268458555
vt 0.3831501895431565 0.3285967387416362
vt 0.33834453100897577 0.360765625
vt 0.4082684211095507 0.3608038224795929
vt 0.33834453100897577 0.328596875
vt 0.33834453100897577 0.360765625
vt 0.3831499997589758 0.328596875
vt 0.82816796875 0.1727296875
vt 0.85646640625 0.1835554687500001
vt 0.88472265625 0.178634375
vt 0.705031911022397 0.3708943999562655
vt 0.7937348053125987 0.376953125
vt 0.705031911022397 0.3551475012156788
vt 0.705031911022397 0.3359122203166172
vt 0.705031911022397 0.3551475249562656
vt 0.7938766827276029 0.3763663310646788
vt 0.43763957479876 0.4931639928649785
vt 0.4542953128177367 0.3945800091715189
vt 0.44804644089881374 0.3960982844830353
vt 0.46348109266155185 0.39374171281866
vt 0.45429531281773666 0.3945800091715189
vt 0.4376395630339416 0.4931640625
vt 0.364229296875 0.61776406250000004
vt 0.359862890625 0.640625
vt 0.375948046875 0.640625
vt 0.46348109266155185 0.39374171281866
vt 0.4376396864115518 0.49316358781866
vt 0.48857171766155183 0.39374171281866
vt 0.5823574906120177 0.20502330067494
vt 0.6145749787926127 0.2041953536060758
vt 0.5498534119035041 0.1901073203151391
vt 0.4206655722181326 0.6081639507402584
vt 0.43034206106525674 0.573474105975157
vt 0.42238644733578573 0.5391307973098576
vt 0.8603686283876015 0.0491221949142946
vt 0.8764530033876016 0.0491221949142946
vt 0.8925373783876016 0.0316526636642945
vt 0.23072734374999998 0.205078125
vt 0.23704609375000002 0.205078125
vt 0.25267109375 0.1953125
vt 0.6306593537926126 0.2697242598560758
vt 0.6247999787926126 0.2873023848560758
vt 0.6350249787926128 0.2697242598560758
vt 0.5356555526712726 0.76356408974970535
vt 0.5241014343557944 0.75
vt 0.5161022598287274 0.76356408974970535
vt 0.343778515625 0.640625
vt 0.359862890625 0.640625
vt 0.364229296875 0.61776406250000004
vt 0.82821015625 0.1884765625
vt 0.85646640625 0.1835554687500001
vt 0.82816796875 0.1727296875
vt 0.23268007812500002 0.337890625
vt 0.23899960937499998 0.337890625
vt 0.254624609375 0.328125
vt 0.27679919754261273 0.2697242598560758
vt 0.27093982254261273 0.2873023848560758
vt 0.28116482254261266 0.2697242598560758
vt 0.008939683443135813 0.453125
vt 0 0.453125
vt 0.0008583698445599891 0.4559636850566019
vt 0.039362681855612425 0.599682061856749
vt 0.026295494379766193 0.5996812673481081
vt 0.03965391210658904 0.6154258295931764
vt 0.617469726096697 0.1747724630497045
vt 0.6416015625 0.2001953125
vt 0.6416015625 0.1644323051928622
vt 0.8250829141850908 0.6949690441412878
vt 0.8063556583980951 0.6804466913143242
vt 0.8069473832578481 0.7020119028511682
vt 0.2028786757893613 0.1029025532162824
vt 0.18073138351564105 0.0861407859310162
vt 0.18122155899809309 0.1018798636974797
vt 0.8418186757105515 0.69414824766206373
vt 0.8404865289952289 0.6780979289895511
vt 0.823572173771643 0.67902684967764515
vt 0.3067453125 0.296875
vt 0.3067453125 0.28125
vt 0.28980546875 0.28125
vt 0.8396725398416132 0.6636637919068773
vt 0.8395762544656243 0.6480390885776499
vt 0.822302363699997 0.64814553687507437
vt 0.8396725398416132 0.6636637919068773
vt 0.8223022441468282 0.64814543006806513
vt 0.8227341591481798 0.66388642559421474
vt 0.8395762544656243 0.6480390885776499
vt 0.8332585925972373 0.6328125
vt 0.8212176522451713 0.6375025929488284
vt 0.8395762544656243 0.6480390885776499
vt 0.8212180097449262 0.63750279812755384
vt 0.822302363699997 0.64814553687507437
vt 0.8571151774031962 0.66355630372739216
vt 0.8557714034127104 0.6478673264181052
vt 0.8395762201489072 0.6480390582166131
vt 0.7622064349446505 0.2686293363891368
vt 0.7538303410239144 0.2521020170616863
vt 0.735673909054315 0.25397833004169
vt 0.020313482321542994 0.64782829566116884
vt 0.003160003946550763 0.62858321698385766
vt 0.00018350900522674796 0.6439220925249223
vt 0.026266472204191024 0.6171505445790395
vt 0.026295494379766193 0.5996812673481081
vt 0.009112815538110344 0.5979052658708103
vt 0.02629550858740015 0.59968203540598786
vt 0.02600426412878956 0.58393749961168073
vt 0.007101310182501541 0.58283365437052215
vt 0.21258437115182163 0.70631386184649325
vt 0.1953125 0.6875
vt 0.1953125 0.7060290806362224
vt 0.039361915077849516 0.5996813626332297
vt 0.04790751645905957 0.58395222146634096
vt 0.025752182550753816 0.5841536996884321
vt 0.039362681855612425 0.599682061856749
vt 0.026004264128789575 0.58393749961168073
vt 0.026295494379766193 0.5996812673481081
vt 0.047662698844696635 0.5839644694467674
vt 0.04658214096537766 0.56789482777562317
vt 0.01385488769183002 0.5625
vt 0.04790751645905957 0.58395222146634096
vt 0.013695714633009531 0.56313590385664414
vt 0.025752182550753816 0.5841536996884321
vt 0.06460078157266168 0.61544863572690045
vt 0.048585915862543266 0.5997302431064676
vt 0.03936182575604902 0.59968152704005684
vt 0.048585915862543266 0.5997302431064676
vt 0.047907516459059565 0.58395222146634096
vt 0.03936182575604902 0.59968152704005684
vt 0.09848094399016598 0.61535539870894873
vt 0.09848094399016598 0.59973039870894873
vt 0.04858641274016598 0.59973039870894873
vt 0.0986449642751437 0.5841062596175902
vt 0.09861493994381174 0.5680008188537753
vt 0.08178762543438599 0.5680321889276321
vt 0.4096627675153768 0.64797764493685595
vt 0.40879082060312016 0.6171875
vt 0.3934245043844138 0.6177850726555276
vt 0.4096627675153768 0.64797764493685595
vt 0.39342472872007145 0.6177854897734487
vt 0.4033032538298292 0.64893115247521904
vt 0.48546145412463587 0.1906413870619502
vt 0.5176301977665155 0.1906616124303918
vt 0.5176457302757651 0.1659569298132479
vt 0.48546145412463587 0.1906413870619502
vt 0.5176463954676758 0.1659564196292933
vt 0.48547240797487773 0.1640753668975288
vt 0.5176301977665155 0.1906616124303918
vt 0.5498535712152117 0.1901082187174813
vt 0.5480067317423467 0.1711535427291454
vt 0.5176301977665155 0.1906616124303918
vt 0.5480063529516566 0.1711537859917637
vt 0.517645730802901 0.1659560913958328
vt 0.45359488985570867 0.2078501661550265
vt 0.4854724959094194 0.1915204066529769
vt 0.4533082931515623 0.1921058994336197
vt 0.5179225142508275 0.2066791948126684
vt 0.5498534119035041 0.1901073203151391
vt 0.5176359237229091 0.1909352673840032
vt 0.45388148655985505 0.2235944328764332
vt 0.48604568931771214 0.2230089400957904
vt 0.48575909261356576 0.2072646733743836
vt 0.48604487314175904 0.2230070251593563
vt 0.5182083237865955 0.2224231423118045
vt 0.5179225081980183 0.2066788613909446
vt 0.6145749787926127 0.2041953536060758
vt 0.5823574906120177 0.20502330067494
vt 0.5984903268213682 0.2216643371763802
vt 0.6145749787926127 0.2041953536060758
vt 0.5984898225426127 0.2216648848560758
vt 0.6145749787926127 0.2216648848560758
vt 0.24180836861723704 0.2384690248320276
vt 0.2705717644493175 0.2147526377234807
vt 0.25039018318820444 0.219869353025484
vt 0.30069607254261266 0.2119086348560758
vt 0.32505232254261274 0.2384742598560758
vt 0.3411374787926127 0.2384742598560758
vt 0.3004784329859355 0.2122139627600723
vt 0.34107851812551154 0.2385353724909122
vt 0.32881656648379815 0.2166361966969059
vt 0.14074271887603973 0.8143444539605318
vt 0.17296353112396026 0.81365794168833305
vt 0.17296353112396026 0.79697056147311462
vt 0.14074271887603973 0.8143444539605318
vt 0.17296329207668773 0.79697069037059798
vt 0.1407946843990857 0.796875
vt 0.17296353112396026 0.81365794168833305
vt 0.20513306237396026 0.7969704416883331
vt 0.17296353112396026 0.7969704416883331
vt 0.6145749787926127 0.2216648848560758
vt 0.5984898225426127 0.2383523848560758
vt 0.6145749787926127 0.2383523848560758
vt 0.6467437287926128 0.2383523848560758
vt 0.6789132600426127 0.2383523848560758
vt 0.6789132600426127 0.2252500411060758
vt 0.6467437287926128 0.2383523848560758
vt 0.6789127732921498 0.2252502393549043
vt 0.6467061821820765 0.2216643630201606
vt 0.29288357254261266 0.2540992598560758
vt 0.32505232254261274 0.2384742598560758
vt 0.29288357254261266 0.2384742598560758
vt 0.35722185379261273 0.2540992598560758
vt 0.3893906052619755 0.2383523841368103
vt 0.35716271113237674 0.238474371787813
vt 0.6145749787926127 0.2383523848560758
vt 0.5984898225426127 0.2540992598560758
vt 0.6145749787926127 0.2540992598560758
vt 0.6467437287926128 0.2540992598560758
vt 0.6789132600426127 0.2383523848560758
vt 0.6467437287926128 0.2383523848560758
vt 0.6789132600426127 0.2383523848560758
vt 0.6949975336103544 0.2540991605521805
vt 0.6950274029803052 0.2382020968973683
vt 0.7110818802186581 0.2541293818125144
vt 0.7357469208592144 0.2545094508202994
vt 0.7533153696953976 0.2301225525119106
vt 0.7110818802186581 0.2541293818125144
vt 0.7533153835670918 0.230122544626808
vt 0.7111403518852861 0.2380236444038971
vt 0.29874294754261266 0.2599586348560758
vt 0.31919294754261274 0.2599586348560758
vt 0.32505232254261274 0.2540992598560758
vt 0.29874294754261266 0.2599586348560758
vt 0.32505232254261274 0.2540992598560758
vt 0.29288357254261266 0.2540992598560758
vt 0.35722185379261273 0.2697242598560758
vt 0.3893906037926127 0.2540992598560758
vt 0.35722185379261273 0.2540992598560758
vt 0.6145749787926127 0.2540992598560758
vt 0.6306593537926126 0.2697242598560758
vt 0.6306593537926126 0.2540992598560758
vt 0.6506499787926128 0.2599586348560758
vt 0.6730538850426127 0.2599586348560758
vt 0.6789132600426127 0.2540992598560758
vt 0.6506499787926128 0.2599586348560758
vt 0.6789132600426127 0.2540992598560758
vt 0.6467437287926128 0.2540992598560758
vt 0.7110820100426127 0.2697242598560758
vt 0.7355171662926128 0.2697242598560758
vt 0.7356734162926126 0.2539781661060758
vt 0.7110820100426127 0.2697242598560758
vt 0.7357499787926127 0.2540992598560758
vt 0.7110820100426127 0.2540992598560758
vt 0.35722185379261273 0.2853492598560758
vt 0.3893906037926127 0.2697242598560758
vt 0.35722185379261273 0.2697242598560758
vt 0.24012348898774316 0.3185943591930293
vt 0.26229585729181376 0.3167751475356704
vt 0.2608520177500781 0.3009738897713852
vt 0.24012348898774316 0.3185943591930293
vt 0.26085262592246494 0.3009733727890624
vt 0.2486671662926127 0.3010812911060758
vt 0.26071404129261266 0.3009742598560758
vt 0.2626165213364038 0.3167269993865576
vt 0.27191600709431074 0.3166292004168002
vt 0.6704395406196142 0.77580390646388553
vt 0.7026082904385209 0.77580049309427257
vt 0.7026065889762296 0.75976533693454218
vt 0.6704395406196142 0.77580390646388553
vt 0.7026065819250462 0.75976534045027966
vt 0.6704378210131474 0.75988750000000005
vt 0.6145749787926127 0.3009742598560758
vt 0.5984898225426127 0.3165992598560758
vt 0.6145749787926127 0.3165992598560758
vt 0.382094140625 0.78361328124999996
vt 0.413804296875 0.767578125
vt 0.381634765625 0.767578125
vt 0.413804296875 0.767578125
vt 0.434254296875 0.78361328124999996
vt 0.433794921875 0.767578125
vt 0.017089453124999997 0.4063078125
vt 0.033916796875 0.4384765625
vt 0.033916796875 0.4063078125
vt 0.18509609375 0.4828484375
vt 0.2019234375 0.51501796874999994
vt 0.2019234375 0.4828484375
vt 0.0002628906250000014 0.4063078125
vt 0.017089453124999997 0.4384765625
vt 0.017089453124999997 0.4063078125
vt 0.11778828125 0.0003117187499999
vt 0.11778828125 0.0324804687499999
vt 0.13461562500000002 0.0324804687499999
vt 0.13461562500000002 0.0324804687499999
vt 0.11778828125 0.0324804687499999
vt 0.11778828125 0.048565625
vt 0.11778828125 0.0646499999999999
vt 0.11778828125 0.09681875
vt 0.13461562500000002 0.09681875
vt 0.13461562500000002 0.09681875
vt 0.11778828125 0.09681875
vt 0.11778828125 0.1129039062499999
vt 0.11778828125 0.3863414062499999
vt 0.11778828125 0.4028851562499999
vt 0.13461562500000002 0.4028851562499999
vt 0.11778828125 0.4028851562499999
vt 0.11778828125 0.4506796874999999
vt 0.13461562500000002 0.4506796874999999
vt 0.13461562500000002 0.4506796874999999
vt 0.11778828125 0.4506796874999999
vt 0.11778828125 0.4667640624999999
vt 0.27666796875 0.8359375
vt 0.25984062500000005 0.828125
vt 0.25984062500000005 0.8359375
vt 0.21484375 0.0873097944756378
vt 0.19854013393459635 0.0704116090530924
vt 0.20018475663840435 0.08643359375
vt 0.06519794992970412 0.63154293219630064
vt 0.039653133888765055 0.6154255876397764
vt 0.04839502146085374 0.6324490737698758
vt 0.09848094399016598 0.63098039870894873
vt 0.06460097847734374 0.61535527049199434
vt 0.08165530824959431 0.63122014775745827
vt 0.2486671662926127 0.3010812911060758
vt 0.26085262592246494 0.3009733727890624
vt 0.26071425136545334 0.2853489855216536
vt 0.6704378210131474 0.75988750000000005
vt 0.702607351172773 0.75976533752909292
vt 0.7123726969185161 0.7285152502635073
vt 0.6145749787926127 0.2853492598560758
vt 0.5984898225426127 0.3009742598560758
vt 0.6145749787926127 0.3009742598560758
vt 0.6145749787926127 0.2853492598560758
vt 0.6145749787926127 0.3009742598560758
vt 0.6247999787926126 0.3009742598560758
vt 0.3573904405274747 0.2253508827805065
vt 0.38926726546058993 0.2090211374973845
vt 0.35710384382332827 0.2096066160590997
vt 0.8281653924101107 0.052734375
vt 0.860368614762922 0.049122108757065
vt 0.857757590500646 0.03261099626429
vt 0.4381504918996758 0.5373320844910604
vt 0.4242996058412034 0.5043353862224371
vt 0.42238643967176875 0.53913076422533257
vt 0.4206655722181326 0.6081639507402584
vt 0.42238644685373716 0.5391308166473059
vt 0.3397322248226755 0.538910940093862
vt 0.4205909645753033 0.60825092371250267
vt 0.3397312568746829 0.5389112740387143
vt 0.3403320310089757 0.5673250000000001
vt 0.42238644685373716 0.5391308166473059
vt 0.33973124975897573 0.50433729093584423
vt 0.33973124975897573 0.5389109375000001
vt 0.4279445968114062 0.4677904479230741
vt 0.40641727337222505 0.3922423387329036
vt 0.3383448889495271 0.3934640560759239
vt 0.4065173171512717 0.3920258861529509
vt 0.4082685560260577 0.360803822553294
vt 0.33834453100897577 0.360765625
vt 0.40641727337222505 0.3922423387329036
vt 0.33834453100897577 0.3607658018428948
vt 0.33834453100897577 0.3934640625000001
vt 0.24035654471303408 0.0160110785619386
vt 0.257234837620391 0.0196882870080721
vt 0.29090299441043244 0.0004775042533361
vt 0.24035654471303408 0.0160110785619386
vt 0.29090331412616377 0.0004774060005786
vt 0.2113074296290873 0
vt 0.6406936297723971 0.3285818999562655
vt 0.6406936297723971 0.3551475249562656
vt 0.672862379772397 0.3551475249562656
vt 0.6406936297723971 0.3285818999562655
vt 0.6728624937776944 0.355147619104219
vt 0.6728681950230265 0.3304424282174112
vt 0.672862379772397 0.3551475249562656
vt 0.705031911022397 0.3551475249562656
vt 0.705031911022397 0.3359115874562655
vt 0.6728624937776944 0.355147619104219
vt 0.705088723951197 0.336008279247854
vt 0.6728681950522085 0.3304423017631641
vt 0.4478721941701499 0.3620927348929064
vt 0.44787160583398955 0.3947912500010708
vt 0.4542635975972494 0.3940914746363186
vt 0.4478721941701499 0.3620927348929064
vt 0.4542635975972494 0.3940914746363186
vt 0.4542641859334097 0.3613929595281541
vt 0.18509609375 0.3863414062499999
vt 0.16826953125 0.37025625
vt 0.16826953125 0.3863414062499999
vt 0.18509609375 0.3541718749999999
vt 0.18509609375 0.37025625
vt 0.2019234375 0.37025625
vt 0.16826953125 0.3541718749999999
vt 0.16826953125 0.37025625
vt 0.18509609375 0.37025625
vt 0.13461562500000002 0.3541718749999999
vt 0.13461562500000002 0.37025625
vt 0.1514421875 0.37025625
vt 0.11778828125 0.3541718749999999
vt 0.11778828125 0.37025625
vt 0.13461562500000002 0.37025625
vt 0.5824054475426127 0.3009742598560758
vt 0.5984898225426127 0.3009742598560758
vt 0.5984898225426127 0.2853492598560758
vt 0.5824054475426127 0.2853492598560758
vt 0.5984898225426127 0.2853492598560758
vt 0.5984898225426127 0.2697242598560758
vt 0.5824058282271516 0.2217107306665523
vt 0.5984901357490295 0.221664140085074
vt 0.5823574906120177 0.20502330067494
vt 0.5824058282271516 0.2217107306665523
vt 0.5823574910071432 0.2050234370827846
vt 0.5501387660439723 0.2058017704067399
vt 0.7110820100426127 0.3165992598560758
vt 0.6989038850426127 0.3009742598560758
vt 0.6989038850426127 0.3165992598560758
vt 0.1514421875 0.4828484375
vt 0.16826953125 0.4828484375
vt 0.16826953125 0.4711296875
vt 0.7110820100426127 0.2853492598560758
vt 0.6949976350426127 0.2697242598560758
vt 0.6989038850426127 0.2873023848560758
vt 0.7110820100426127 0.2697242598560758
vt 0.7110820100426127 0.2540992598560758
vt 0.6949976350426127 0.2540992598560758
vt 0.7110818802186581 0.2541293818125144
vt 0.711140351168003 0.2380238419760645
vt 0.6950272756371725 0.2382021876843388
vt 0.7110818802186581 0.2541293818125144
vt 0.6950274025731131 0.238202313612907
vt 0.6949975336103544 0.2540991605521805
vt 0.6506499787926128 0.2599586348560758
vt 0.6467437287926128 0.2540992598560758
vt 0.6306593537926126 0.2540992598560758
vt 0.289212890625 0.0317671875
vt 0.339693359375 0.0419921875
vt 0.339693359375 0.0317671875
vt 0.8631300608068728 0.58088281250000007
vt 0.8126492189506702 0.596514178032135
vt 0.8631320310493298 0.59650781237578065
vt 0.8126492189800146 0.4715078125000001
vt 0.8631320310199854 0.4715146277137015
vt 0.8595239850321652 0.4558828904826164
vt 0.8631300608068728 0.546875
vt 0.8162550608068728 0.546875
vt 0.8162550608068728 0.56721093750000007
vt 0.8126492189800146 0.4558828125000001
vt 0.8595242189800146 0.4422109375000001
vt 0.8126492189800146 0.4422109375000001
vt 0.6704402419362631 0.77580390675613775
vt 0.6704378210131474 0.75988750000000005
vt 0.6484940534350154 0.76000937509762845
vt 0.6704402419362631 0.77580390675613775
vt 0.6484945486798149 0.7600097315221468
vt 0.6484964921023261 0.77580660640260124
vt 0.6704378210131474 0.75988750000000005
vt 0.6484940710131474 0.74609375
vt 0.6484940710131474 0.760009375
vt 0.29874294754261266 0.2599586348560758
vt 0.29288357254261266 0.2540992598560758
vt 0.27679919754261273 0.2540992598560758
vt 0.29288357254261266 0.2540992598560758
vt 0.29288357254261266 0.2384742598560758
vt 0.27679919754261273 0.2384742598560758
vt 0.35722185379261273 0.3165992598560758
vt 0.3469968537926127 0.3009742598560758
vt 0.3469968537926127 0.3165992598560758
vt 0.134615625 0.12898828125
vt 0.1514421875 0.1129039062499999
vt 0.134615625 0.1129039062499999
vt 0.11778828125 0.12898828125
vt 0.13461562500000002 0.1129039062499999
vt 0.11778828125 0.1129039062499999
vt 0.35722185379261273 0.2853492598560758
vt 0.3411374787926127 0.2697242598560758
vt 0.3469968537926127 0.2873023848560758
vt 0.35722185379261273 0.2697242598560758
vt 0.35722185379261273 0.2540992598560758
vt 0.3411374787926127 0.2540992598560758
vt 0.35722185379261273 0.2540992598560758
vt 0.35716271113237674 0.238474371787813
vt 0.341078451354907 0.23853525324226
vt 0.35716271113237674 0.238474371787813
vt 0.35716311281603996 0.2210051966522557
vt 0.3288164136345548 0.2166360789402029
vt 0.35716271113237674 0.238474371787813
vt 0.32881656648379815 0.2166361966969059
vt 0.341078451354907 0.23853525324226
vt 0.43862188044597433 0.85435078124999997
vt 0.48813593205402567 0.85431793906471054
vt 0.48452416811611193 0.83893908132882222
vt 0.43862188044597433 0.85435078124999997
vt 0.48452422419597435 0.83893906250000005
vt 0.43764531794597433 0.83869531250000007
vt 0.43764531794597433 0.83869531250000007
vt 0.48452422419597435 0.83893906250000005
vt 0.48452031794597433 0.82502343750000007
vt 0.43764531794597433 0.83869531250000007
vt 0.48452031794597433 0.82502343750000007
vt 0.43764531794597433 0.82502343750000007
vt 0.7110567882834153 0.1748046875
vt 0.7244497570334153 0.1708984375
vt 0.7110567882834153 0.1708984375
vt 0.7244497570334153 0.1748046875
vt 0.7378427257834153 0.1728515625
vt 0.7400747570334153 0.1708984375
vt 0.6750159027023434 0.2047592220516057
vt 0.6592698111373136 0.2047509269029277
vt 0.6614817699013809 0.21022787418776
vt 0.6750159027023434 0.2047592220516057
vt 0.6614815277023434 0.2102279720516057
vt 0.6750159027023434 0.2102279720516057
vt 0.0068359375 0.0556228620893113
vt 0.0009093750000000039 0.0556228620893113
vt 0.0007070312500000037 0.0612494245893113
vt 0.0068359375 0.0556228620893113
vt 0.0007068720482282798 0.0612495707424228
vt 0.0065598432927945205 0.0615234375
vt 0.4475617118122073 0.5078125
vt 0.44551485068779273 0.5121688787632577
vt 0.45521187687823506 0.5167250633859196
vt 0.4475617118122073 0.5078125
vt 0.4552124930622073 0.51672578125
vt 0.45682889931220727 0.51226953124999997
vt 0.4262275949117779 0.3814346083170943
vt 0.4321708425882221 0.3804298506281601
vt 0.43208704631975653 0.3759657870029809
vt 0.4262275949117779 0.3814346083170943
vt 0.4320869699117779 0.3759658583170943
vt 0.4262275949117779 0.3759658583170943
vt 0.6750159027023434 0.2047592220516057
vt 0.6713271172935392 0.1953125
vt 0.6611006549049736 0.1963833754101938
vt 0.6750159027023434 0.2047592220516057
vt 0.6611015629362764 0.1963839219711354
vt 0.6592698111373136 0.2047509269029277
vt 0.3583984375 0.0400131191157338
vt 0.35663187045894823 0.03125
vt 0.3520009014687312 0.0322617022757962
vt 0.3583984375 0.0400131191157338
vt 0.35200078125 0.0322615566157338
vt 0.352471875 0.0400131191157338
vt 0.4320869699117779 0.3759658583170943
vt 0.4321053153970885 0.3681999607259401
vt 0.4273993453209479 0.3671875
vt 0.6174873603867127 0.697265625
vt 0.6188407646132873 0.6823256739515019
vt 0.6174873603867127 0.6486989925380279
vt 0.6640625 0.56479843750000003
vt 0.6640625 0.58363906249999997
vt 0.69921875 0.57421875
vt 0.1015625 0.73988906249999997
vt 0.1015625 0.72104843750000003
vt 0.06640625 0.73046875
vt 0.6734828125 0.54848281249999997
vt 0.6640625 0.56479843750000003
vt 0.69921875 0.57421875
vt 0.1015625 0.72104843750000003
vt 0.0921421875 0.70473281249999997
vt 0.06640625 0.73046875
vt 0.6897984375 0.5390625
vt 0.6734828125 0.54848281249999997
vt 0.69921875 0.57421875
vt 0.0921421875 0.70473281249999997
vt 0.0758265625 0.6953125
vt 0.06640625 0.73046875
vt 0.7086390625 0.5390625
vt 0.6897984375 0.5390625
vt 0.69921875 0.57421875
vt 0.0758265625 0.6953125
vt 0.0569859375 0.6953125
vt 0.06640625 0.73046875
vt 0.7249546875 0.54848281249999997
vt 0.7086390625 0.5390625
vt 0.69921875 0.57421875
vt 0.0569859375 0.6953125
vt 0.0406703125 0.70473281249999997
vt 0.06640625 0.73046875
vt 0.734375 0.56479843750000003
vt 0.7249546875 0.54848281249999997
vt 0.69921875 0.57421875
vt 0.0406703125 0.70473281249999997
vt 0.03125 0.72104843750000003
vt 0.06640625 0.73046875
vt 0.734375 0.58363906249999997
vt 0.734375 0.56479843750000003
vt 0.69921875 0.57421875
vt 0.03125 0.72104843750000003
vt 0.03125 0.73988906249999997
vt 0.06640625 0.73046875
vt 0.6640625 0.58363906249999997
vt 0.6734828125 0.59995468750000003
vt 0.69921875 0.57421875
vt 0.0921421875 0.75620468750000003
vt 0.1015625 0.73988906249999997
vt 0.06640625 0.73046875
vt 0.6734828125 0.59995468750000003
vt 0.6897984375 0.609375
vt 0.69921875 0.57421875
vt 0.0758265625 0.765625
vt 0.0921421875 0.75620468750000003
vt 0.06640625 0.73046875
vt 0.6897984375 0.609375
vt 0.7086390625 0.609375
vt 0.69921875 0.57421875
vt 0.0569859375 0.765625
vt 0.0758265625 0.765625
vt 0.06640625 0.73046875
vt 0.7086390625 0.609375
vt 0.7249546875 0.59995468750000003
vt 0.69921875 0.57421875
vt 0.0406703125 0.75620468750000003
vt 0.0569859375 0.765625
vt 0.06640625 0.73046875
vt 0.7249546875 0.59995468750000003
vt 0.734375 0.58363906249999997
vt 0.69921875 0.57421875
vt 0.03125 0.73988906249999997
vt 0.0406703125 0.75620468750000003
vt 0.06640625 0.73046875
vt 0.109375 0.72104843750000003
vt 0.109375 0.73988906249999997
vt 0.14453125 0.73046875
vt 0.640625 0.75551406249999997
vt 0.640625 0.73667343750000003
vt 0.60546875 0.74609375
vt 0.1187953125 0.70473281249999997
vt 0.109375 0.72104843750000003
vt 0.14453125 0.73046875
vt 0.640625 0.73667343750000003
vt 0.6312046875 0.72035781249999997
vt 0.60546875 0.74609375
vt 0.1351109375 0.6953125
vt 0.1187953125 0.70473281249999997
vt 0.14453125 0.73046875
vt 0.6312046875 0.72035781249999997
vt 0.6148890625 0.7109375
vt 0.60546875 0.74609375
vt 0.1539515625 0.6953125
vt 0.1351109375 0.6953125
vt 0.14453125 0.73046875
vt 0.6148890625 0.7109375
vt 0.5960484375 0.7109375
vt 0.60546875 0.74609375
vt 0.1702671875 0.70473281249999997
vt 0.1539515625 0.6953125
vt 0.14453125 0.73046875
vt 0.5960484375 0.7109375
vt 0.5797328125 0.72035781249999997
vt 0.60546875 0.74609375
vt 0.1796875 0.72104843750000003
vt 0.1702671875 0.70473281249999997
vt 0.14453125 0.73046875
vt 0.5797328125 0.72035781249999997
vt 0.5703125 0.73667343750000003
vt 0.60546875 0.74609375
vt 0.1796875 0.73988906249999997
vt 0.1796875 0.72104843750000003
vt 0.14453125 0.73046875
vt 0.5703125 0.73667343750000003
vt 0.5703125 0.75551406249999997
vt 0.60546875 0.74609375
vt 0.109375 0.73988906249999997
vt 0.1187953125 0.75620468750000003
vt 0.14453125 0.73046875
vt 0.6312046875 0.77182968750000003
vt 0.640625 0.75551406249999997
vt 0.60546875 0.74609375
vt 0.1187953125 0.75620468750000003
vt 0.1351109375 0.765625
vt 0.14453125 0.73046875
vt 0.6148890625 0.78125
vt 0.6312046875 0.77182968750000003
vt 0.60546875 0.74609375
vt 0.1351109375 0.765625
vt 0.1539515625 0.765625
vt 0.14453125 0.73046875
vt 0.5960484375 0.78125
vt 0.6148890625 0.78125
vt 0.60546875 0.74609375
vt 0.1539515625 0.765625
vt 0.1702671875 0.75620468750000003
vt 0.14453125 0.73046875
vt 0.5797328125 0.77182968750000003
vt 0.5960484375 0.78125
vt 0.60546875 0.74609375
vt 0.1702671875 0.75620468750000003
vt 0.1796875 0.73988906249999997
vt 0.14453125 0.73046875
vt 0.5703125 0.75551406249999997
vt 0.5797328125 0.77182968750000003
vt 0.60546875 0.74609375
vt 0.16826953125 0.1187632812499999
vt 0.16826953125 0.12898828125
vt 0.2019234375 0.12898828125
vt 0.16826953125 0.1187632812499999
vt 0.2019234375 0.12898828125
vt 0.21875 0.1187632812499999
vt 0.216796875 0.0344335937499999
vt 0.16826953125 0.0324804687499999
vt 0.16826953125 0.04270625
vt 0.216796875 0.0344335937499999
vt 0.16826953125 0.04270625
vt 0.2177734375 0.0436828125
vt 0.7734375 0.25643125
vt 0.8359375 0.25643125
vt 0.8359375 0.2375906249999999
vt 0.7734375 0.25643125
vt 0.8359375 0.2375906249999999
vt 0.7734375 0.2375906249999999
vt 0.7734375 0.2375906249999999
vt 0.8359375 0.2375906249999999
vt 0.8359375 0.21875
vt 0.7734375 0.2375906249999999
vt 0.8359375 0.21875
vt 0.7734375 0.21875
vt 0.000059375000000028155 0.7734375
vt 0.0000593750000000004 0.8359375
vt 0.0189 0.8359375
vt 0.000059375000000028155 0.7734375
vt 0.0189 0.8359375
vt 0.0189 0.7734375
vt 0.0189 0.7734375
vt 0.0189 0.8359375
vt 0.037740625 0.8359375
vt 0.0189 0.7734375
vt 0.037740625 0.8359375
vt 0.037740625 0.7734375
vt 0.037740625 0.7734375
vt 0.037740625 0.8359375
vt 0.05658125 0.8359375
vt 0.03774062499999997 0.7734375
vt 0.05658124999999997 0.8359375
vt 0.05658124999999997 0.7734375
vt 0.8359375 0.2890625
vt 0.7734375 0.2890625
vt 0.7734375 0.3079031249999999
vt 0.8359375 0.2890625
vt 0.7734375 0.3079031249999999
vt 0.8359375 0.3079031249999999
vt 0.8359375 0.3079031249999999
vt 0.7734375 0.3079031249999999
vt 0.7734375 0.32674375
vt 0.8359375 0.3079031249999999
vt 0.7734375 0.32674375
vt 0.8359375 0.32674375
vt 0.7734375 0.25643125
vt 0.7734375 0.275271875
vt 0.8359375 0.275271875
vt 0.7734375 0.25643125
vt 0.8359375 0.275271875
vt 0.8359375 0.25643125
vt 0.7909562499999999 0.3916015625
vt 0.772115625 0.3916015625
vt 0.772115625 0.4541015625
vt 0.7909562499999999 0.3916015625
vt 0.772115625 0.4541015625
vt 0.79095625 0.4541015625
vt 0.772115625 0.3916015625
vt 0.753275 0.3916015625
vt 0.753275 0.4541015625
vt 0.772115625 0.3916015625
vt 0.753275 0.4541015625
vt 0.772115625 0.4541015625
vt 0.753275 0.3916015625
vt 0.734434375 0.3916015625
vt 0.734434375 0.4541015625
vt 0.753275 0.3916015625
vt 0.734434375 0.4541015625
vt 0.753275 0.4541015625
vt 0.8359375 0.345584375
vt 0.8359375 0.32674375
vt 0.7734375 0.32674375
vt 0.8359375 0.345584375
vt 0.7734375 0.32674375
vt 0.7734375 0.345584375
vt 0.7421875 0.57674375
vt 0.8046875 0.57674375
vt 0.8046875 0.55790312500000006
vt 0.7421875 0.57674375
vt 0.8046875 0.55790312500000006
vt 0.7421875 0.55790312500000006
vt 0.7421875 0.55790312500000006
vt 0.8046875 0.55790312500000006
vt 0.8046875 0.5390625
vt 0.7421875 0.55790312500000006
vt 0.8046875 0.5390625
vt 0.7421875 0.5390625
vt 0.7890625 0.7890625
vt 0.7265625 0.7890625
vt 0.7265625 0.80790234375000003
vt 0.7890625 0.7890625
vt 0.7265625 0.80790234375000003
vt 0.7890625 0.80790234375000003
vt 0.7890625 0.80790234375000003
vt 0.7265625 0.80790234375000003
vt 0.7265625 0.82674296874999997
vt 0.7890625 0.80790234375000003
vt 0.7265625 0.82674296874999997
vt 0.7890625 0.82674296874999997
vt 0.7890625 0.82674296874999997
vt 0.7265625 0.82674296874999997
vt 0.7265625 0.8455828125
vt 0.7890625 0.82674296874999997
vt 0.7265625 0.8455828125
vt 0.7890625 0.8455828125
vt 0.8203125 0
vt 0.7578125 0
vt 0.7578125 0.0188406249999999
vt 0.8203125 0
vt 0.7578125 0.0188406249999999
vt 0.8203125 0.0188406249999999
vt 0.8203125 0.0188406249999999
vt 0.7578125 0.0188406249999999
vt 0.7578125 0.03768125
vt 0.8203125 0.0188406249999999
vt 0.7578125 0.03768125
vt 0.8203125 0.03768125
vt 0.7421875 0.57674375
vt 0.7421875 0.59558437500000005
vt 0.8046875 0.59558437500000005
vt 0.7421875 0.57674375
vt 0.8046875 0.59558437500000005
vt 0.8046875 0.57674375
vt 0.64251796875 0.7900390625
vt 0.623678125 0.7900390625
vt 0.623678125 0.8525390625
vt 0.64251796875 0.7900390625
vt 0.623678125 0.8525390625
vt 0.64251796875 0.8525390625
vt 0.623678125 0.7900390625
vt 0.6048375 0.7900390625
vt 0.6048375 0.8525390625
vt 0.623678125 0.7900390625
vt 0.6048375 0.8525390625
vt 0.623678125 0.8525390625
vt 0.6048375 0.7900390625
vt 0.58599765625 0.7900390625
vt 0.58599765625 0.8525390625
vt 0.6048375 0.7900390625
vt 0.58599765625 0.8525390625
vt 0.6048375 0.8525390625
vt 0.8203125 0.056521875
vt 0.8203125 0.03768125
vt 0.7578125 0.03768125
vt 0.8203125 0.056521875
vt 0.7578125 0.03768125
vt 0.7578125 0.056521875
vt 0.2019234375 0.51501796874999994
vt 0.2058296875 0.5315617187499999
vt 0.216796875 0.50720546874999994
vt 0.02328997726286701 0.6324894201201041
vt 0.02031348232154298 0.64782829566116884
vt 0.044002060905966645 0.63650858123937404
vt 0.026295494379766193 0.5996812673481081
vt 0.02626647302668922 0.6171500494938559
vt 0.039653483423983824 0.6154253243372323
vt 0.216796875 0.0344335937499999
vt 0.2019234375 0.0178898437499999
vt 0.2019234375 0.0324804687499999
vt 0.27666796875 0.828125
vt 0.27666796875 0.8359375
vt 0.2944859375 0.8359375
vt 0.18431171875000002 0.6875
vt 0.16432109374999998 0.673828125
vt 0.16432109374999998 0.6875
vt 0.6506499787926128 0.2599586348560758
vt 0.6306593537926126 0.2697242598560758
vt 0.6350249787926128 0.2697242598560758
vt 0.29874294754261266 0.2599586348560758
vt 0.27679919754261273 0.2697242598560758
vt 0.28116482254261266 0.2697242598560758
vt 0.16432109374999998 0.673828125
vt 0.18431171875000002 0.6875
vt 0.17454609375000002 0.65625
vt 0.4273994699117779 0.3671877333170943
vt 0.4223213449117779 0.3759658583170943
vt 0.4262275949117779 0.3759658583170943
vt 0.39408046874999997 0.71344657393458566
vt 0.39408046874999997 0.68127704268458555
vt 0.36898984375 0.68127704268458555
vt 0.39408046874999997 0.71344657393458566
vt 0.36898984375 0.68127704268458555
vt 0.36898984375 0.71344657393458566
vt 0.2058296875 0.5315617187499999
vt 0.2019234375 0.51501796874999994
vt 0.18509609375 0.51501796874999994
vt 0.2058296875 0.5315617187499999
vt 0.18509609375 0.51501796874999994
vt 0.18900234375 0.5432804687499999
vt 0.18900234375 0.5432804687499999
vt 0.18509609375 0.51501796874999994
vt 0.16826953125 0.51501796874999994
vt 0.16826953125000002 0.55078125
vt 0.16826953125000002 0.51501796874999994
vt 0.15144218750000002 0.51501796874999994
vt 0.16826953125000002 0.55078125
vt 0.1514421875 0.51501796874999994
vt 0.15144218750000002 0.55078125
vt 0.1514421875 0.55078125
vt 0.1514421875 0.51501796874999994
vt 0.13461562500000002 0.51501796874999994
vt 0.1514421875 0.55078125
vt 0.13461562500000002 0.51501796874999994
vt 0.13461562500000002 0.55078125
vt 0.13461562500000002 0.55078125
vt 0.13461562500000002 0.51501796874999994
vt 0.11778828125 0.51501796874999994
vt 0.13461562500000002 0.55078125
vt 0.11778828125000002 0.51501796874999994
vt 0.11778828125000002 0.55078125
vt 0.6482875024567312 0.025390632222085
vt 0.6482875024567312 7.222085E-09
vt 0.6314601587067311 7.222085E-09
vt 0.6482875024567312 0.025390632222085
vt 0.6314601587067311 7.222085E-09
vt 0.6314601587067311 0.025390632222085
vt 0.7733061387225256 0.7029349803118541
vt 0.7727144322916712 0.68137044040996075
vt 0.755893419545976 0.6818319898545764
vt 0.7733061387225256 0.7029349803118541
vt 0.755893419545976 0.6818319898545764
vt 0.7564851259768305 0.7033965297564697
vt 0.7727144322916712 0.68137044040996064
vt 0.77227268282323 0.66527103107097063
vt 0.7554516700775349 0.6657325805155865
vt 0.7727144322916712 0.68137044040996075
vt 0.7554516700775349 0.6657325805155865
vt 0.755893419545976 0.6818319898545764
vt 0.77227268282323 0.66527103107097063
vt 0.7718407690572393 0.6495300805671297
vt 0.7550197563115442 0.6499916300117454
vt 0.77227268282323 0.66527103107097063
vt 0.7550197563115442 0.6499916300117454
vt 0.7554516700775349 0.6657325805155865
vt 0.6651140649567311 0.025390632222085
vt 0.6651140649567311 7.222085E-09
vt 0.6482875024567312 7.222085E-09
vt 0.6651140649567311 0.025390632222085
vt 0.6482875024567312 7.222085E-09
vt 0.6482875024567312 0.025390632222085
vt 0.790126370512153 0.70247345229578395
vt 0.7895346640812985 0.6809089123938906
vt 0.7727144322916712 0.68137044040996064
vt 0.790126370512153 0.70247345229578395
vt 0.7727144322916712 0.68137044040996075
vt 0.7733061387225256 0.7029349803118541
vt 0.7895346640812985 0.6809089123938906
vt 0.7890929146128574 0.6648095030549006
vt 0.77227268282323 0.66527103107097063
vt 0.7895346640812985 0.6809089123938906
vt 0.77227268282323 0.66527103107097063
vt 0.7727144322916712 0.68137044040996064
vt 0.7890929146128574 0.6648095030549006
vt 0.7886610008468666 0.64906855255105955
vt 0.7718407690572393 0.6495300805671297
vt 0.7890929146128574 0.6648095030549006
vt 0.7718407690572393 0.6495300805671297
vt 0.77227268282323 0.66527103107097063
vt 0.6819414087067311 0.025390632222085
vt 0.6819414087067311 7.222085E-09
vt 0.6651140649567311 7.222085E-09
vt 0.6819414087067311 0.025390632222085
vt 0.6651140649567311 7.222085E-09
vt 0.6651140649567311 0.025390632222085
vt 0.8069473832578481 0.7020119028511682
vt 0.8063556768269937 0.6804473629492749
vt 0.7895346640812985 0.6809089123938906
vt 0.8069473832578481 0.7020119028511682
vt 0.7895346640812985 0.6809089123938906
vt 0.790126370512153 0.70247345229578395
vt 0.8063556768269937 0.6804473629492749
vt 0.8059139273585525 0.66434795361028487
vt 0.7890929146128574 0.6648095030549006
vt 0.8063556768269937 0.6804473629492749
vt 0.7890929146128574 0.6648095030549006
vt 0.7895346640812985 0.6809089123938906
vt 0.8059139273585525 0.66434795361028487
vt 0.8054820135925618 0.6486070031064438
vt 0.7886610008468666 0.64906855255105955
vt 0.8059139273585525 0.66434795361028487
vt 0.7886610008468666 0.64906855255105955
vt 0.7890929146128574 0.6648095030549006
vt 0.6992156274567312 0.025390632222085
vt 0.6989494957636335 0.0096465573400022
vt 0.681941403793269 0
vt 0.6992156274567312 0.025390632222085
vt 0.6819414087067311 7.222085E-09
vt 0.6819414087067311 0.025390632222085
vt 0.8250829141850908 0.6949690441412879
vt 0.8235920641470709 0.67929374870815207
vt 0.8063555768555113 0.68044662808081124
vt 0.823572173771643 0.67902684967764515
vt 0.8227153544310593 0.66342535982514705
vt 0.805914110008904 0.66434806857302175
vt 0.823572173771643 0.67902684967764515
vt 0.8059139263232478 0.6643479158789566
vt 0.8063556768269937 0.6804473629492749
vt 0.8227341591481798 0.66388642559421474
vt 0.8223022453821891 0.6481454750903738
vt 0.8054820135925618 0.6486070031064438
vt 0.8227341591481798 0.66388642559421474
vt 0.8054820135925618 0.6486070031064438
vt 0.8059139273585525 0.66434795361028487
vt 0.2028786757893613 0.1029025532162824
vt 0.20018475663840432 0.08643359375
vt 0.1807314901995648 0.0861408666727647
vt 0.19854022538840432 0.0704125
vt 0.18081053788840432 0.0546875
vt 0.17998788163840432 0.0704125
vt 0.8404865289952289 0.6780979289895511
vt 0.8227153544310593 0.66342535982514705
vt 0.823572173771643 0.67902684967764515
vt 0.328125 0.31309140625
vt 0.32418828125 0.296875
vt 0.3067453125 0.296875
vt 0.2493375146639833 0.2853484179658776
vt 0.2270289274573873 0.270435174259471
vt 0.2305429869919675 0.286152465175273
vt 0.857211462779185 0.67918100705661955
vt 0.8571151774031962 0.66355630372739216
vt 0.8396725398416132 0.6636637919068773
vt 0.32418828125 0.296875
vt 0.3067453125 0.28125
vt 0.3067453125 0.296875
vt 0.8571151774031962 0.66355630372739216
vt 0.8395762544656243 0.6480390885776499
vt 0.8396725398416132 0.6636637919068773
vt 0.2158390625 0.67664296874999996
vt 0.2177734375 0.65625
vt 0.196240625 0.66123515624999996
vt 0.2158390625 0.67664296874999996
vt 0.196240588700382 0.66123512771212767
vt 0.1996589286690554 0.67736180250791
vt 0.7622288850426127 0.3165992598560758
vt 0.7622288850426127 0.3009742598560758
vt 0.7355171662926128 0.3009742598560758
vt 0.7622288850426127 0.3165992598560758
vt 0.7355171662926128 0.3009742598560758
vt 0.7355171662926128 0.3165992598560758
vt 0.7622288850426127 0.2853492598560758
vt 0.7622288850426127 0.2697242598560758
vt 0.7355171662926128 0.2697242598560758
vt 0.7622288850426127 0.2853492598560758
vt 0.7355171662926128 0.2697242598560758
vt 0.7355171662926128 0.2853492598560758
vt 0.7622064349446505 0.2686293363891368
vt 0.7356734173600723 0.2539780585328446
vt 0.7355171662926128 0.2697242598560758
vt 0.02031348232154298 0.64782829566116884
vt 0.02328997726286701 0.6324894201201041
vt 0.003160003946550763 0.62858321698385755
vt 0.026266472204191024 0.6171505445790395
vt 0.00911299382919882 0.5979054659017282
vt 0.006136498887874778 0.61324434144279294
vt 0.06460078157266168 0.61544863572690045
vt 0.039362681855612425 0.599682061856749
vt 0.03965391676810849 0.61542608159268275
vt 0.048586418038903116 0.59973039353072954
vt 0.06493641274016598 0.58375227370894867
vt 0.04766271987710557 0.58396478223267323
vt 0.06493641274016598 0.58375227370894867
vt 0.06385505263755246 0.5676823288624506
vt 0.046582140965377675 0.56789482777562317
vt 0.06493641274016598 0.58375227370894867
vt 0.046582140965377675 0.56789482777562317
vt 0.04766271987710557 0.58396478223267323
vt 0.09848094399016598 0.61535539870894873
vt 0.048585915862543266 0.5997302431064676
vt 0.0646013864236525 0.61544922938066704
vt 0.09848094399016598 0.59973039870894873
vt 0.0986449642751437 0.5841062596175902
vt 0.06493666539249238 0.5837523940537651
vt 0.09848094399016598 0.59973039870894873
vt 0.06493641274016598 0.58375227370894867
vt 0.04858641274016598 0.59973039870894873
vt 0.0986449642751437 0.5841062596175902
vt 0.0817877683581216 0.56803232521048497
vt 0.06493666539249238 0.5837523940537651
vt 0.4033046875 0.71344657393458566
vt 0.4033046875 0.68127704268458555
vt 0.39408046874999997 0.68127704268458555
vt 0.4033046875 0.71344657393458566
vt 0.39408046874999997 0.68127704268458555
vt 0.39408046874999997 0.71344657393458566
vt 0.40330300143313547 0.6811585029229028
vt 0.40330300143313547 0.6489303567023479
vt 0.39408046874999997 0.6490488964640305
vt 0.40330300143313547 0.6811585029229028
vt 0.39408046874999997 0.6490488964640305
vt 0.39408046874999997 0.68127704268458555
vt 0.40973515624999995 0.71344657393458566
vt 0.40973515625 0.68127704268458555
vt 0.4033046875 0.68127704268458555
vt 0.40973515624999995 0.71344657393458566
vt 0.4033046875 0.68127704268458555
vt 0.4033046875 0.71344657393458566
vt 0.40972936813591754 0.68092205874343026
vt 0.4097285129701446 0.64869319280490034
vt 0.40330300143313547 0.6489303365518292
vt 0.40972936813591754 0.68092205874343026
vt 0.40330300143313547 0.6489303365518292
vt 0.40330300143313547 0.6811585029229028
vt 0.45329192560924514 0.1906281227417574
vt 0.48546145412463587 0.1906413870619502
vt 0.4854724078110102 0.1640757643201928
vt 0.45329192560924514 0.1906281227417574
vt 0.4854724078110102 0.1640757643201928
vt 0.4533028792956195 0.1640625
vt 0.45359488985570867 0.2078501661550265
vt 0.48575909261356576 0.2072646733743836
vt 0.4854724959094194 0.1915204066529769
vt 0.48575909261356576 0.2072646733743836
vt 0.5179225142508275 0.2066791948126684
vt 0.517635917546681 0.1909349280912616
vt 0.48575909261356576 0.2072646733743836
vt 0.517635917546681 0.1909349280912616
vt 0.4854724959094194 0.1915204066529769
vt 0.5179225142508275 0.2066791948126684
vt 0.5501400024314225 0.2058512477438041
vt 0.5498534119035041 0.1901073203151391
vt 0.3895538621647363 0.2247654042187913
vt 0.42171806492259345 0.2241799114381484
vt 0.421431468218447 0.2084356447167417
vt 0.3895538621647363 0.2247654042187913
vt 0.421431468218447 0.2084356447167417
vt 0.38926726546058993 0.2090211374973845
vt 0.42171806492259345 0.2241799114381484
vt 0.45388148655985505 0.2235944328764332
vt 0.45359488985570867 0.2078501661550265
vt 0.42171806492259345 0.2241799114381484
vt 0.45359488985570867 0.2078501661550265
vt 0.421431468218447 0.2084356447167417
vt 0.45388148655985505 0.2235944328764332
vt 0.48575909261356576 0.2072646733743836
vt 0.45359488985570867 0.2078501661550265
vt 0.48604568931771214 0.2230089400957904
vt 0.5179225142508275 0.2066791948126684
vt 0.48575909261356576 0.2072646733743836
vt 0.5182083237865955 0.2224231423118045
vt 0.5503744573414489 0.221955603034242
vt 0.5501403754572362 0.205851054150961
vt 0.5182083237865955 0.2224231423118045
vt 0.5501400024314225 0.2058512477438041
vt 0.5179225142508275 0.2066791948126684
vt 0.24180836861723704 0.2384690248320276
vt 0.26071383658939673 0.2384744480110608
vt 0.2705722043826863 0.2147522749836243
vt 0.17296353112396026 0.81365794168833305
vt 0.20513306237396026 0.81365794168833305
vt 0.20513306237396026 0.7969704416883331
vt 0.20513306237396026 0.81365794168833305
vt 0.23730181237396025 0.81365794168833305
vt 0.23730181237396025 0.7969704416883331
vt 0.20513306237396026 0.81365794168833305
vt 0.23730181237396025 0.7969704416883331
vt 0.20513306237396026 0.7969704416883331
vt 0.23730181237396025 0.81365794168833305
vt 0.26947134362396025 0.81365794168833305
vt 0.26947134362396025 0.7969704416883331
vt 0.23730181237396025 0.81365794168833305
vt 0.26947134362396025 0.7969704416883331
vt 0.23730181237396025 0.7969704416883331
vt 0.4858984162926127 0.2383523848560758
vt 0.5180671662926126 0.2383523848560758
vt 0.5180671662926126 0.2216648848560758
vt 0.26947134362396025 0.81365794168833305
vt 0.30164009362396027 0.7969704416883331
vt 0.26947134362396025 0.7969704416883331
vt 0.5180671662926126 0.2383523848560758
vt 0.5502366975426127 0.2383523848560758
vt 0.5502366975426127 0.2216648848560758
vt 0.5180671662926126 0.2383523848560758
vt 0.5502366975426127 0.2216648848560758
vt 0.5180671662926126 0.2216648848560758
vt 0.5502366975426127 0.2383523848560758
vt 0.5824054475426127 0.2383523848560758
vt 0.5824054475426127 0.2216648848560758
vt 0.5502366975426127 0.2383523848560758
vt 0.5824054475426127 0.2216648848560758
vt 0.5502366975426127 0.2216648848560758
vt 0.6145749787926127 0.2216648848560758
vt 0.5984898225426127 0.2216648848560758
vt 0.5984898225426127 0.2383523848560758
vt 0.6145749787926127 0.2216648848560758
vt 0.6145749787926127 0.2383523848560758
vt 0.6306593537926126 0.2383523848560758
vt 0.6145749787926127 0.2216648848560758
vt 0.6306593537926126 0.2383523848560758
vt 0.6306593537926126 0.2216648848560758
vt 0.6789132600426127 0.225249905805324
vt 0.6789132600426127 0.2383523848560758
vt 0.6950221721914056 0.2379151909981754
vt 0.6789132600426127 0.225249905805324
vt 0.6950222182134709 0.237915227182033
vt 0.7158887553872388 0.2254485120967211
vt 0.24371482254261267 0.2540992598560758
vt 0.26071404129261266 0.2540992598560758
vt 0.26071404129261266 0.2384742598560758
vt 0.24371482254261267 0.2540992598560758
vt 0.26071383658939673 0.2384744480110608
vt 0.2418083686172371 0.2384690248320276
vt 0.26071404129261266 0.2384742598560758
vt 0.26071404129261266 0.2540992598560758
vt 0.27679919754261273 0.2540992598560758
vt 0.26071404129261266 0.2384742598560758
vt 0.27679919754261273 0.2540992598560758
vt 0.27679919754261273 0.2384742598560758
vt 0.29288357254261266 0.2540992598560758
vt 0.32505232254261274 0.2540992598560758
vt 0.32505232254261274 0.2384742598560758
vt 0.32505232254261274 0.2384742598560758
vt 0.32505232254261274 0.2540992598560758
vt 0.3411374787926127 0.2540992598560758
vt 0.32505232254261274 0.2384742598560758
vt 0.3411374787926127 0.2540992598560758
vt 0.3411374787926127 0.2384742598560758
vt 0.35722185379261273 0.2540992598560758
vt 0.3893906037926127 0.2540992598560758
vt 0.3893906037926127 0.2383523848560758
vt 0.3893906037926127 0.2540992598560758
vt 0.4215601350426127 0.2540992598560758
vt 0.4215601350426127 0.2383523848560758
vt 0.3893906037926127 0.2540992598560758
vt 0.4215601350426127 0.2383523848560758
vt 0.3893906037926127 0.2383523848560758
vt 0.4215601350426127 0.2540992598560758
vt 0.4537288850426127 0.2540992598560758
vt 0.4537288850426127 0.2383523848560758
vt 0.4215601350426127 0.2540992598560758
vt 0.45372888504261266 0.2383523848560758
vt 0.4215601350426127 0.2383523848560758
vt 0.4537288850426127 0.2540992598560758
vt 0.4858984162926127 0.2540992598560758
vt 0.4858984162926127 0.2383523848560758
vt 0.4537288850426127 0.2540992598560758
vt 0.4858984162926127 0.2383523848560758
vt 0.4537288850426127 0.2383523848560758
vt 0.4858984162926127 0.2540992598560758
vt 0.5180671662926126 0.2540992598560758
vt 0.5180671662926126 0.2383523848560758
vt 0.4858984162926127 0.2540992598560758
vt 0.5180671662926126 0.2383523848560758
vt 0.4858984162926127 0.2383523848560758
vt 0.5180671662926126 0.2540992598560758
vt 0.5502366975426127 0.2540992598560758
vt 0.5502366975426127 0.2383523848560758
vt 0.5180671662926126 0.2540992598560758
vt 0.5502366975426127 0.2383523848560758
vt 0.5180671662926126 0.2383523848560758
vt 0.5502366975426127 0.2540992598560758
vt 0.5824054475426127 0.2540992598560758
vt 0.5824054475426127 0.2383523848560758
vt 0.5502366975426127 0.2540992598560758
vt 0.5824054475426127 0.2383523848560758
vt 0.5502366975426127 0.2383523848560758
vt 0.6145749787926127 0.2383523848560758
vt 0.5984898225426127 0.2383523848560758
vt 0.5984898225426127 0.2540992598560758
vt 0.6145749787926127 0.2383523848560758
vt 0.6145749787926127 0.2540992598560758
vt 0.6306593537926126 0.2540992598560758
vt 0.6145749787926127 0.2383523848560758
vt 0.6306593537926126 0.2540992598560758
vt 0.6306593537926126 0.2383523848560758
vt 0.6467437287926128 0.2540992598560758
vt 0.6789132600426127 0.2540992598560758
vt 0.6789132600426127 0.2383523848560758
vt 0.6789132600426127 0.2383523848560758
vt 0.6789132600426127 0.2540992598560758
vt 0.6949976350426127 0.2540992598560758
vt 0.24371482254261267 0.2697242598560758
vt 0.26071404129261266 0.2697242598560758
vt 0.26071404129261266 0.2540992598560758
vt 0.24371482254261267 0.2697242598560758
vt 0.26071404129261266 0.2540992598560758
vt 0.24371482254261267 0.2540992598560758
vt 0.26071404129261266 0.2540992598560758
vt 0.26071404129261266 0.2697242598560758
vt 0.27679919754261273 0.2697242598560758
vt 0.26071404129261266 0.2540992598560758
vt 0.27679919754261273 0.2697242598560758
vt 0.27679919754261273 0.2540992598560758
vt 0.32505232254261274 0.2540992598560758
vt 0.31919294754261274 0.2599586348560758
vt 0.3411374787926127 0.2697242598560758
vt 0.32505232254261274 0.2540992598560758
vt 0.3411374787926127 0.2697242598560758
vt 0.3411374787926127 0.2540992598560758
vt 0.35722185379261273 0.2697242598560758
vt 0.3893906037926127 0.2697242598560758
vt 0.3893906037926127 0.2540992598560758
vt 0.3893906037926127 0.2697242598560758
vt 0.4215601350426127 0.2697242598560758
vt 0.4215601350426127 0.2540992598560758
vt 0.3893906037926127 0.2697242598560758
vt 0.4215601350426127 0.2540992598560758
vt 0.3893906037926127 0.2540992598560758
vt 0.4215601350426127 0.2697242598560758
vt 0.4537288850426127 0.2697242598560758
vt 0.4537288850426127 0.2540992598560758
vt 0.4215601350426127 0.2697242598560758
vt 0.45372888504261266 0.2540992598560758
vt 0.4215601350426127 0.2540992598560758
vt 0.4537288850426127 0.2697242598560758
vt 0.4858984162926127 0.2697242598560758
vt 0.4858984162926127 0.2540992598560758
vt 0.4537288850426127 0.2697242598560758
vt 0.4858984162926127 0.2540992598560758
vt 0.4537288850426127 0.2540992598560758
vt 0.4858984162926127 0.2697242598560758
vt 0.5180671662926126 0.2697242598560758
vt 0.5180671662926126 0.2540992598560758
vt 0.4858984162926127 0.2697242598560758
vt 0.5180671662926126 0.2540992598560758
vt 0.4858984162926127 0.2540992598560758
vt 0.5180671662926126 0.2697242598560758
vt 0.5502366975426127 0.2697242598560758
vt 0.5502366975426127 0.2540992598560758
vt 0.5180671662926126 0.2697242598560758
vt 0.5502366975426127 0.2540992598560758
vt 0.5180671662926126 0.2540992598560758
vt 0.5502366975426127 0.2697242598560758
vt 0.5824054475426127 0.2697242598560758
vt 0.5824054475426127 0.2540992598560758
vt 0.5502366975426127 0.2697242598560758
vt 0.5824054475426127 0.2540992598560758
vt 0.5502366975426127 0.2540992598560758
vt 0.6145749787926127 0.2540992598560758
vt 0.5984898225426127 0.2540992598560758
vt 0.5984898225426127 0.2697242598560758
vt 0.6145749787926127 0.2540992598560758
vt 0.5984898225426127 0.2697242598560758
vt 0.6145749787926127 0.2697242598560758
vt 0.6145749787926127 0.2540992598560758
vt 0.6145749787926127 0.2697242598560758
vt 0.6306593537926126 0.2697242598560758
vt 0.6789132600426127 0.2540992598560758
vt 0.6730538850426127 0.2599586348560758
vt 0.6949976350426127 0.2697242598560758
vt 0.6789132600426127 0.2540992598560758
vt 0.6949976350426127 0.2697242598560758
vt 0.6949976350426127 0.2540992598560758
vt 0.2493374787926127 0.2853492598560758
vt 0.26071404129261266 0.2853492598560758
vt 0.26071404129261266 0.2697242598560758
vt 0.24941716629261268 0.2854070723560758
vt 0.26071404129261266 0.2697242598560758
vt 0.24371482254261267 0.2697242598560758
vt 0.26071404129261266 0.2697242598560758
vt 0.26071404129261266 0.2853492598560758
vt 0.27093982254261273 0.2873023848560758
vt 0.26071404129261266 0.2697242598560758
vt 0.27093982254261273 0.2873023848560758
vt 0.27679919754261273 0.2697242598560758
vt 0.6587190710131474 0.728515625
vt 0.7123721960131474 0.728515625
vt 0.6967471960131474 0.71875
vt 0.6587190710131474 0.728515625
vt 0.6967471960131474 0.71875
vt 0.6762971960131474 0.71875
vt 0.35722185379261273 0.2853492598560758
vt 0.3893906037926127 0.2853492598560758
vt 0.3893906037926127 0.2697242598560758
vt 0.3893906037926127 0.2853492598560758
vt 0.4215601350426127 0.2853492598560758
vt 0.4215601350426127 0.2697242598560758
vt 0.3893906037926127 0.2853492598560758
vt 0.4215601350426127 0.2697242598560758
vt 0.3893906037926127 0.2697242598560758
vt 0.4215601350426127 0.2853492598560758
vt 0.4537288850426127 0.2853492598560758
vt 0.4537288850426127 0.2697242598560758
vt 0.4215601350426127 0.2853492598560758
vt 0.45372888504261266 0.2697242598560758
vt 0.4215601350426127 0.2697242598560758
vt 0.4537288850426127 0.2853492598560758
vt 0.4858984162926127 0.2853492598560758
vt 0.4858984162926127 0.2697242598560758
vt 0.4537288850426127 0.2853492598560758
vt 0.4858984162926127 0.2697242598560758
vt 0.4537288850426127 0.2697242598560758
vt 0.4858984162926127 0.2853492598560758
vt 0.5180671662926126 0.2853492598560758
vt 0.5180671662926126 0.2697242598560758
vt 0.4858984162926127 0.2853492598560758
vt 0.5180671662926126 0.2697242598560758
vt 0.4858984162926127 0.2697242598560758
vt 0.5180671662926126 0.2853492598560758
vt 0.5502366975426127 0.2853492598560758
vt 0.5502366975426127 0.2697242598560758
vt 0.5180671662926126 0.2853492598560758
vt 0.5502366975426127 0.2697242598560758
vt 0.5180671662926126 0.2697242598560758
vt 0.5502366975426127 0.2853492598560758
vt 0.5824054475426127 0.2853492598560758
vt 0.5824054475426127 0.2697242598560758
vt 0.5502366975426127 0.2853492598560758
vt 0.5824054475426127 0.2697242598560758
vt 0.5502366975426127 0.2697242598560758
vt 0.6145749787926127 0.2697242598560758
vt 0.5984898225426127 0.2697242598560758
vt 0.5984898225426127 0.2853492598560758
vt 0.6145749787926127 0.2697242598560758
vt 0.5984898225426127 0.2853492598560758
vt 0.6145749787926127 0.2853492598560758
vt 0.6145749787926127 0.2697242598560758
vt 0.6145749787926127 0.2853492598560758
vt 0.6247999787926126 0.2873023848560758
vt 0.6145749787926127 0.2697242598560758
vt 0.6247999787926126 0.2873023848560758
vt 0.6306593537926126 0.2697242598560758
vt 0.369916015625 0.736328125
vt 0.423569921875 0.736328125
vt 0.407944921875 0.7265625
vt 0.369916015625 0.736328125
vt 0.407944921875 0.7265625
vt 0.385541015625 0.7265625
vt 0.7110820100426127 0.2853492598560758
vt 0.7355171662926128 0.2853492598560758
vt 0.7355171662926128 0.2697242598560758
vt 0.7110820100426127 0.2853492598560758
vt 0.7355171662926128 0.2697242598560758
vt 0.7110820100426127 0.2697242598560758
vt 0.26071404129261266 0.3009742598560758
vt 0.27191638504261273 0.3166297286060757
vt 0.27093982254261273 0.3009742598560758
vt 0.7026065889762296 0.75976533693454218
vt 0.7026082904385209 0.77580049309427257
vt 0.7245528215649846 0.77579816459856987
vt 0.702607351172773 0.75976533752909292
vt 0.7245520257140372 0.77580029767940606
vt 0.7245518824218967 0.75976514143004625
vt 0.35722185379261273 0.3165992598560758
vt 0.3893906037926127 0.3165992598560758
vt 0.3893906037926127 0.3009742598560758
vt 0.35722185379261273 0.3165992598560758
vt 0.3893906037926127 0.3009742598560758
vt 0.35722185379261273 0.3009742598560758
vt 0.3893906037926127 0.3165992598560758
vt 0.4215601350426127 0.3165992598560758
vt 0.4215601350426127 0.3009742598560758
vt 0.3893906037926127 0.3165992598560758
vt 0.4215601350426127 0.3009742598560758
vt 0.3893906037926127 0.3009742598560758
vt 0.4215601350426127 0.3165992598560758
vt 0.4537288850426127 0.3165992598560758
vt 0.4537288850426127 0.3009742598560758
vt 0.4215601350426127 0.3165992598560758
vt 0.45372888504261266 0.3009742598560758
vt 0.4215601350426127 0.3009742598560758
vt 0.4537288850426127 0.3165992598560758
vt 0.4858984162926127 0.3165992598560758
vt 0.4858984162926127 0.3009742598560758
vt 0.4537288850426127 0.3165992598560758
vt 0.4858984162926127 0.3009742598560758
vt 0.4537288850426127 0.3009742598560758
vt 0.4858984162926127 0.3165992598560758
vt 0.5180671662926126 0.3165992598560758
vt 0.5180671662926126 0.3009742598560758
vt 0.4858984162926127 0.3165992598560758
vt 0.5180671662926126 0.3009742598560758
vt 0.4858984162926127 0.3009742598560758
vt 0.5180671662926126 0.3165992598560758
vt 0.5502366975426127 0.3165992598560758
vt 0.5502366975426127 0.3009742598560758
vt 0.5180671662926126 0.3165992598560758
vt 0.5502366975426127 0.3009742598560758
vt 0.5180671662926126 0.3009742598560758
vt 0.5502366975426127 0.3165992598560758
vt 0.5824054475426127 0.3165992598560758
vt 0.5824054475426127 0.3009742598560758
vt 0.5502366975426127 0.3165992598560758
vt 0.5824054475426127 0.3009742598560758
vt 0.5502366975426127 0.3009742598560758
vt 0.6145749787926127 0.3009742598560758
vt 0.5984898225426127 0.3009742598560758
vt 0.5984898225426127 0.3165992598560758
vt 0.6145749787926127 0.3009742598560758
vt 0.6145749787926127 0.3165992598560758
vt 0.6247999787926126 0.3165992598560758
vt 0.6145749787926127 0.3009742598560758
vt 0.6247999787926126 0.3165992598560758
vt 0.6247999787926126 0.3009742598560758
vt 0.382094140625 0.78361328124999996
vt 0.414263671875 0.78361328124999996
vt 0.413804296875 0.767578125
vt 0.413804296875 0.767578125
vt 0.414263671875 0.78361328124999996
vt 0.434254296875 0.78361328124999996
vt 0.7110820100426127 0.3165992598560758
vt 0.7355171662926128 0.3165992598560758
vt 0.7355171662926128 0.3009742598560758
vt 0.7110820100426127 0.3165992598560758
vt 0.7355171662926128 0.3009742598560758
vt 0.7110820100426127 0.3009742598560758
vt 0.2019234375 0.12898828125
vt 0.2019234375 0.1611570312499999
vt 0.21875 0.1611570312499999
vt 0.2019234375 0.12898828125
vt 0.21875 0.1611570312499999
vt 0.21875 0.12898828125
vt 0.2019234375 0.1611570312499999
vt 0.2019234375 0.1933265624999999
vt 0.21875 0.1933265624999999
vt 0.2019234375 0.1611570312499999
vt 0.21875 0.1933265624999999
vt 0.21875 0.1611570312499999
vt 0.2019234375 0.1933265624999999
vt 0.2019234375 0.2254953124999999
vt 0.21875 0.2254953124999999
vt 0.2019234375 0.1933265624999999
vt 0.21875 0.2254953124999999
vt 0.21875 0.1933265624999999
vt 0.2019234375 0.2254953124999999
vt 0.2019234375 0.25766484375
vt 0.21875 0.25766484375
vt 0.2019234375 0.2254953124999999
vt 0.21875 0.25766484375
vt 0.21875 0.2254953124999999
vt 0.2019234375 0.25766484375
vt 0.2019234375 0.2898335937499998
vt 0.21875 0.2898335937499998
vt 0.2019234375 0.25766484375
vt 0.21875 0.2898335937499998
vt 0.21875 0.25766484375
vt 0.2019234375 0.2898335937499998
vt 0.2019234375 0.322003125
vt 0.21875 0.322003125
vt 0.2019234375 0.2898335937499998
vt 0.21875 0.322003125
vt 0.21875 0.2898335937499998
vt 0.2019234375 0.322003125
vt 0.2019234375 0.3541718749999999
vt 0.21875 0.3541718749999999
vt 0.2019234375 0.322003125
vt 0.21875 0.3541718749999999
vt 0.21875 0.322003125
vt 0.2019234375 0.4828484375
vt 0.2019234375 0.51501796874999994
vt 0.216796875 0.50720546874999994
vt 0.2019234375 0.4828484375
vt 0.216796875 0.50720546874999994
vt 0.21875 0.4828484375
vt 0.18509609375 0.0042179687499999
vt 0.18509609375 0.0324804687499999
vt 0.2019234375 0.0324804687499999
vt 0.18509609375 0.0042179687499999
vt 0.2019234375 0.0324804687499999
vt 0.2019234375 0.0178898437499999
vt 0.017089453124999997 0.4063078125
vt 0.017089453124999997 0.4384765625
vt 0.033916796875 0.4384765625
vt 0.18509609375 0.1611570312499999
vt 0.18509609375 0.1933265624999999
vt 0.2019234375 0.1933265624999999
vt 0.18509609375 0.1611570312499999
vt 0.2019234375 0.1933265624999999
vt 0.2019234375 0.1611570312499999
vt 0.18509609375 0.1933265624999999
vt 0.18509609375 0.2254953124999999
vt 0.2019234375 0.2254953124999999
vt 0.18509609375 0.1933265624999999
vt 0.2019234375 0.2254953124999999
vt 0.2019234375 0.1933265624999999
vt 0.18509609375 0.2254953124999999
vt 0.18509609375 0.25766484375
vt 0.2019234375 0.25766484375
vt 0.18509609375 0.2254953124999999
vt 0.2019234375 0.25766484375
vt 0.2019234375 0.2254953124999999
vt 0.18509609375 0.25766484375
vt 0.18509609375 0.2898335937499998
vt 0.2019234375 0.2898335937499998
vt 0.18509609375 0.25766484375
vt 0.2019234375 0.2898335937499998
vt 0.2019234375 0.25766484375
vt 0.18509609375 0.2898335937499998
vt 0.18509609375 0.322003125
vt 0.2019234375 0.322003125
vt 0.18509609375 0.2898335937499998
vt 0.2019234375 0.322003125
vt 0.2019234375 0.2898335937499998
vt 0.18509609375 0.322003125
vt 0.18509609375 0.3541718749999999
vt 0.2019234375 0.3541718749999999
vt 0.18509609375 0.322003125
vt 0.2019234375 0.3541718749999999
vt 0.2019234375 0.322003125
vt 0.18509609375 0.4828484375
vt 0.18509609375 0.51501796874999994
vt 0.2019234375 0.51501796874999994
vt 0.16826953125 0.0003117187499999
vt 0.16826953125 0.0324804687499999
vt 0.18509609375 0.0324804687499999
vt 0.16826953125 0.0003117187499999
vt 0.18509609375 0.0324804687499999
vt 0.18509609375 0.0042179687499999
vt 0.16826953125 0.12898828125
vt 0.16826953125 0.1611570312499999
vt 0.18509609375 0.1611570312499999
vt 0.16826953125 0.1611570312499999
vt 0.16826953125 0.1933265624999999
vt 0.18509609375 0.1933265624999999
vt 0.16826953125 0.1611570312499999
vt 0.18509609375 0.1933265624999999
vt 0.18509609375 0.1611570312499999
vt 0.16826953125 0.1933265624999999
vt 0.16826953125 0.2254953124999999
vt 0.18509609375 0.2254953124999999
vt 0.16826953125 0.1933265624999999
vt 0.18509609375 0.2254953124999999
vt 0.18509609375 0.1933265624999999
vt 0.16826953125 0.2254953124999999
vt 0.16826953125 0.25766484375
vt 0.18509609375 0.25766484375
vt 0.16826953125 0.2254953124999999
vt 0.18509609375 0.25766484375
vt 0.18509609375 0.2254953124999999
vt 0.16826953125 0.25766484375
vt 0.16826953125 0.2898335937499998
vt 0.18509609375 0.2898335937499998
vt 0.16826953125 0.25766484375
vt 0.18509609375 0.2898335937499998
vt 0.18509609375 0.25766484375
vt 0.16826953125 0.2898335937499998
vt 0.16826953125 0.322003125
vt 0.18509609375 0.322003125
vt 0.16826953125 0.2898335937499998
vt 0.18509609375 0.322003125
vt 0.18509609375 0.2898335937499998
vt 0.16826953125 0.322003125
vt 0.16826953125 0.3541718749999999
vt 0.18509609375 0.3541718749999999
vt 0.16826953125 0.322003125
vt 0.18509609375 0.3541718749999999
vt 0.18509609375 0.322003125
vt 0.16826953125 0.4828484375
vt 0.16826953125 0.51501796874999994
vt 0.18509609375 0.51501796874999994
vt 0.16826953125 0.4828484375
vt 0.18509609375 0.51501796874999994
vt 0.18509609375 0.4828484375
vt 0.1514421875 0.0003117187499999
vt 0.1514421875 0.0324804687499999
vt 0.16826953125 0.0324804687499999
vt 0.1514421875 0.0003117187499999
vt 0.16826953125 0.0324804687499999
vt 0.16826953125 0.0003117187499999
vt 0.16826953125 0.0324804687499999
vt 0.1514421875 0.0324804687499999
vt 0.1514421875 0.048565625
vt 0.16826953125 0.0324804687499999
vt 0.1514421875 0.048565625
vt 0.16826953125 0.04270625
vt 0.1514421875 0.0646499999999999
vt 0.1514421875 0.09681875
vt 0.16826953125 0.09681875
vt 0.1514421875 0.0646499999999999
vt 0.16826953125 0.09681875
vt 0.16826953125 0.0646499999999999
vt 0.16826953125 0.09681875
vt 0.1514421875 0.09681875
vt 0.1514421875 0.1129039062499999
vt 0.16826953125 0.09681875
vt 0.1514421875 0.1129039062499999
vt 0.16826953125 0.1187632812499999
vt 0.1514421875 0.12898828125
vt 0.1514421875 0.1611570312499999
vt 0.16826953125 0.1611570312499999
vt 0.1514421875 0.12898828125
vt 0.16826953125 0.1611570312499999
vt 0.16826953125 0.12898828125
vt 0.1514421875 0.1611570312499999
vt 0.1514421875 0.1933265624999999
vt 0.16826953125 0.1933265624999999
vt 0.1514421875 0.1611570312499999
vt 0.16826953125 0.1933265624999999
vt 0.16826953125 0.1611570312499999
vt 0.1514421875 0.1933265624999999
vt 0.1514421875 0.2254953124999999
vt 0.16826953125 0.2254953124999999
vt 0.1514421875 0.1933265624999999
vt 0.16826953125 0.2254953124999999
vt 0.16826953125 0.1933265624999999
vt 0.1514421875 0.2254953124999999
vt 0.1514421875 0.25766484375
vt 0.16826953125 0.25766484375
vt 0.1514421875 0.2254953124999999
vt 0.16826953125 0.25766484375
vt 0.16826953125 0.2254953124999999
vt 0.1514421875 0.25766484375
vt 0.1514421875 0.2898335937499998
vt 0.16826953125 0.2898335937499998
vt 0.1514421875 0.25766484375
vt 0.16826953125 0.2898335937499998
vt 0.16826953125 0.25766484375
vt 0.1514421875 0.2898335937499998
vt 0.1514421875 0.322003125
vt 0.16826953125 0.322003125
vt 0.1514421875 0.2898335937499998
vt 0.16826953125 0.322003125
vt 0.16826953125 0.2898335937499998
vt 0.1514421875 0.322003125
vt 0.1514421875 0.3541718749999999
vt 0.16826953125 0.3541718749999999
vt 0.1514421875 0.322003125
vt 0.16826953125 0.3541718749999999
vt 0.16826953125 0.322003125
vt 0.16826953125 0.3863414062499999
vt 0.16826953125 0.37025625
vt 0.1514421875 0.37025625
vt 0.16826953125 0.3863414062499999
vt 0.1514421875 0.37025625
vt 0.1514421875 0.3863414062499999
vt 0.1514421875 0.3863414062499999
vt 0.1514421875 0.4028851562499999
vt 0.16826953125 0.39702578125
vt 0.1514421875 0.3863414062499999
vt 0.16826953125 0.39702578125
vt 0.16826953125 0.3863414062499999
vt 0.1514421875 0.4028851562499999
vt 0.1514421875 0.4506796874999999
vt 0.16826953125 0.4506796874999999
vt 0.1514421875 0.4028851562499999
vt 0.16826953125 0.4506796874999999
vt 0.16826953125 0.39702578125
vt 0.16826953125 0.4506796874999999
vt 0.1514421875 0.4506796874999999
vt 0.1514421875 0.4667640624999999
vt 0.16826953125 0.4506796874999999
vt 0.1514421875 0.4667640624999999
vt 0.16826953125 0.4711296875
vt 0.1514421875 0.4828484375
vt 0.1514421875 0.51501796874999994
vt 0.16826953125 0.51501796874999994
vt 0.1514421875 0.4828484375
vt 0.16826953125 0.51501796874999994
vt 0.16826953125 0.4828484375
vt 0.13461562500000002 0.0003117187499999
vt 0.13461562500000002 0.0324804687499999
vt 0.1514421875 0.0324804687499999
vt 0.13461562500000002 0.0003117187499999
vt 0.1514421875 0.0324804687499999
vt 0.1514421875 0.0003117187499999
vt 0.1514421875 0.0324804687499999
vt 0.13461562500000002 0.0324804687499999
vt 0.13461562500000002 0.048565625
vt 0.1514421875 0.0324804687499999
vt 0.13461562500000002 0.048565625
vt 0.1514421875 0.048565625
vt 0.13461562500000002 0.0646499999999999
vt 0.13461562500000002 0.09681875
vt 0.1514421875 0.09681875
vt 0.13461562500000002 0.0646499999999999
vt 0.1514421875 0.09681875
vt 0.1514421875 0.0646499999999999
vt 0.1514421875 0.09681875
vt 0.13461562500000002 0.09681875
vt 0.13461562500000002 0.1129039062499999
vt 0.1514421875 0.09681875
vt 0.134615625 0.1129039062499999
vt 0.1514421875 0.1129039062499999
vt 0.13461562500000002 0.12898828125
vt 0.13461562500000002 0.1611570312499999
vt 0.1514421875 0.1611570312499999
vt 0.134615625 0.12898828125
vt 0.1514421875 0.1611570312499999
vt 0.1514421875 0.12898828125
vt 0.13461562500000002 0.1611570312499999
vt 0.13461562500000002 0.1933265624999999
vt 0.1514421875 0.1933265624999999
vt 0.13461562500000002 0.1611570312499999
vt 0.1514421875 0.1933265624999999
vt 0.1514421875 0.1611570312499999
vt 0.13461562500000002 0.1933265624999999
vt 0.13461562500000002 0.2254953124999999
vt 0.1514421875 0.2254953124999999
vt 0.13461562500000002 0.1933265624999999
vt 0.1514421875 0.2254953124999999
vt 0.1514421875 0.1933265624999999
vt 0.13461562500000002 0.2254953124999999
vt 0.13461562500000002 0.25766484375
vt 0.1514421875 0.25766484375
vt 0.13461562500000002 0.2254953124999999
vt 0.1514421875 0.25766484375
vt 0.1514421875 0.2254953124999999
vt 0.13461562500000002 0.25766484375
vt 0.13461562500000002 0.2898335937499998
vt 0.1514421875 0.2898335937499998
vt 0.13461562500000002 0.25766484375
vt 0.1514421875 0.2898335937499998
vt 0.1514421875 0.25766484375
vt 0.13461562500000002 0.2898335937499998
vt 0.13461562500000002 0.322003125
vt 0.1514421875 0.322003125
vt 0.13461562500000002 0.2898335937499998
vt 0.1514421875 0.322003125
vt 0.1514421875 0.2898335937499998
vt 0.13461562500000002 0.322003125
vt 0.13461562500000002 0.3541718749999999
vt 0.1514421875 0.3541718749999999
vt 0.13461562500000002 0.322003125
vt 0.1514421875 0.3541718749999999
vt 0.1514421875 0.322003125
vt 0.1514421875 0.3863414062499999
vt 0.1514421875 0.37025625
vt 0.13461562500000002 0.37025625
vt 0.1514421875 0.3863414062499999
vt 0.13461562500000002 0.37025625
vt 0.13461562500000002 0.3863414062499999
vt 0.13461562500000002 0.3863414062499999
vt 0.13461562500000002 0.4028851562499999
vt 0.1514421875 0.4028851562499999
vt 0.13461562500000002 0.3863414062499999
vt 0.1514421875 0.4028851562499999
vt 0.1514421875 0.3863414062499999
vt 0.13461562500000002 0.4028851562499999
vt 0.13461562500000002 0.4506796874999999
vt 0.1514421875 0.4506796874999999
vt 0.13461562500000002 0.4028851562499999
vt 0.1514421875 0.4506796874999999
vt 0.1514421875 0.4028851562499999
vt 0.1514421875 0.4506796874999999
vt 0.13461562500000002 0.4506796874999999
vt 0.13461562500000002 0.4667640624999999
vt 0.1514421875 0.4506796874999999
vt 0.13461562500000002 0.4667640624999999
vt 0.1514421875 0.4667640624999999
vt 0.13461562500000002 0.4828484375
vt 0.13461562500000002 0.51501796874999994
vt 0.1514421875 0.51501796874999994
vt 0.13461562500000002 0.4828484375
vt 0.1514421875 0.51501796874999994
vt 0.1514421875 0.4828484375
vt 0.11778828125 0.0003117187499999
vt 0.13461562500000002 0.0324804687499999
vt 0.13461562500000002 0.0003117187499999
vt 0.13461562500000002 0.0324804687499999
vt 0.11778828125 0.048565625
vt 0.13461562500000002 0.048565625
vt 0.11778828125 0.0646499999999999
vt 0.13461562500000002 0.09681875
vt 0.13461562500000002 0.0646499999999999
vt 0.13461562500000002 0.09681875
vt 0.11778828125 0.1129039062499999
vt 0.13461562500000002 0.1129039062499999
vt 0.11778828125 0.12898828125
vt 0.11778828125 0.1611570312499999
vt 0.13461562500000002 0.1611570312499999
vt 0.11778828125 0.12898828125
vt 0.13461562500000002 0.1611570312499999
vt 0.13461562500000002 0.12898828125
vt 0.11778828125 0.1611570312499999
vt 0.11778828125 0.1933265624999999
vt 0.13461562500000002 0.1933265624999999
vt 0.11778828125 0.1611570312499999
vt 0.13461562500000002 0.1933265624999999
vt 0.13461562500000002 0.1611570312499999
vt 0.11778828125 0.1933265624999999
vt 0.11778828125 0.2254953124999999
vt 0.13461562500000002 0.2254953124999999
vt 0.11778828125 0.1933265624999999
vt 0.13461562500000002 0.2254953124999999
vt 0.13461562500000002 0.1933265624999999
vt 0.11778828125 0.2254953124999999
vt 0.11778828125 0.25766484375
vt 0.13461562500000002 0.25766484375
vt 0.11778828125 0.2254953124999999
vt 0.13461562500000002 0.25766484375
vt 0.13461562500000002 0.2254953124999999
vt 0.11778828125 0.25766484375
vt 0.11778828125 0.2898335937499998
vt 0.13461562500000002 0.2898335937499998
vt 0.11778828125 0.25766484375
vt 0.13461562500000002 0.2898335937499998
vt 0.13461562500000002 0.25766484375
vt 0.11778828125 0.2898335937499998
vt 0.11778828125 0.322003125
vt 0.13461562500000002 0.322003125
vt 0.11778828125 0.2898335937499998
vt 0.13461562500000002 0.322003125
vt 0.13461562500000002 0.2898335937499998
vt 0.11778828125 0.322003125
vt 0.11778828125 0.3541718749999999
vt 0.13461562500000002 0.3541718749999999
vt 0.11778828125 0.322003125
vt 0.13461562500000002 0.3541718749999999
vt 0.13461562500000002 0.322003125
vt 0.13461562500000002 0.3863414062499999
vt 0.13461562500000002 0.37025625
vt 0.11778828125 0.37025625
vt 0.13461562500000002 0.3863414062499999
vt 0.11778828125 0.37025625
vt 0.11778828125 0.3863414062499999
vt 0.11778828125 0.3863414062499999
vt 0.13461562500000002 0.4028851562499999
vt 0.13461562500000002 0.3863414062499999
vt 0.11778828125 0.4028851562499999
vt 0.13461562500000002 0.4506796874999999
vt 0.13461562500000002 0.4028851562499999
vt 0.13461562500000002 0.4506796874999999
vt 0.11778828125 0.4667640624999999
vt 0.13461562500000002 0.4667640624999999
vt 0.11778828125 0.4828484375
vt 0.11778828125 0.51501796874999994
vt 0.13461562500000002 0.51501796874999994
vt 0.11778828125 0.4828484375
vt 0.13461562500000002 0.51501796874999994
vt 0.13461562500000002 0.4828484375
vt 0.24301406250000002 0.8359375
vt 0.24301406250000002 0.828125
vt 0.22618671875000002 0.828125
vt 0.24301406250000002 0.8359375
vt 0.22618671875000002 0.828125
vt 0.22618671875000002 0.8359375
vt 0.25984062500000005 0.8359375
vt 0.25984062500000005 0.828125
vt 0.24301406250000002 0.828125
vt 0.25984062500000005 0.8359375
vt 0.24301406250000002 0.828125
vt 0.24301406250000002 0.8359375
vt 0.27666796875 0.8359375
vt 0.27666796875 0.828125
vt 0.25984062500000005 0.828125
vt 0.20018475663840432 0.08643359375
vt 0.19854022538840432 0.0704125
vt 0.17998788163840432 0.0704125
vt 0.20018475663840432 0.08643359375
vt 0.17998758980623558 0.0704122685052497
vt 0.1807314901995648 0.0861408666727647
vt 0.2486671662926127 0.3010812911060758
vt 0.2493375146639833 0.2853484179658776
vt 0.23054298699196762 0.286152465175273
vt 0.7622288850426127 0.3009742598560758
vt 0.7622288850426127 0.2853492598560758
vt 0.7355171662926128 0.2853492598560758
vt 0.7622288850426127 0.3009742598560758
vt 0.7355171662926128 0.2853492598560758
vt 0.7355171662926128 0.3009742598560758
vt 0.023289977262866995 0.6324894201201041
vt 0.026266472204191024 0.6171505445790395
vt 0.006136498887874778 0.61324434144279294
vt 0.02328997726286701 0.6324894201201041
vt 0.006136498887874792 0.61324434144279294
vt 0.003160003946550763 0.62858321698385755
vt 0.04839500841388822 0.63244904836291027
vt 0.039653133888765055 0.6154255876397764
vt 0.026419836428637752 0.61808388833287964
vt 0.3023484375 0.3203125
vt 0.28125 0.3046875
vt 0.28125 0.3203125
vt 0.06519794992970412 0.63154293219630064
vt 0.06460078157266168 0.61544863572690045
vt 0.03965391676810849 0.61542608159268275
vt 0.09848094399016598 0.63098039870894873
vt 0.09848094399016598 0.61535539870894873
vt 0.06460125649016597 0.61535539870894873
vt 0.2486671662926127 0.3010812911060758
vt 0.26071404129261266 0.2853492598560758
vt 0.2493374787926127 0.2853492598560758
vt 0.26071404129261266 0.2853492598560758
vt 0.26071404129261266 0.3009742598560758
vt 0.27093982254261273 0.3009742598560758
vt 0.26071404129261266 0.2853492598560758
vt 0.27093982254261273 0.3009742598560758
vt 0.27093982254261273 0.2873023848560758
vt 0.6704378210131474 0.75988750000000005
vt 0.7123721960131474 0.728515625
vt 0.6587190710131474 0.728515625
vt 0.7123726969185161 0.7285152502635073
vt 0.702607351172773 0.75976533752909292
vt 0.7245518824218967 0.75976514143004625
vt 0.7123726969185161 0.7285152502635073
vt 0.7245518824218967 0.75976514143004625
vt 0.7245517602483299 0.74609326643059215
vt 0.35722185379261273 0.3009742598560758
vt 0.3893906037926127 0.3009742598560758
vt 0.3893906037926127 0.2853492598560758
vt 0.35722185379261273 0.3009742598560758
vt 0.3893906037926127 0.2853492598560758
vt 0.35722185379261273 0.2853492598560758
vt 0.3893906037926127 0.3009742598560758
vt 0.4215601350426127 0.3009742598560758
vt 0.4215601350426127 0.2853492598560758
vt 0.3893906037926127 0.3009742598560758
vt 0.4215601350426127 0.2853492598560758
vt 0.3893906037926127 0.2853492598560758
vt 0.4215601350426127 0.3009742598560758
vt 0.4537288850426127 0.3009742598560758
vt 0.4537288850426127 0.2853492598560758
vt 0.4215601350426127 0.3009742598560758
vt 0.45372888504261266 0.2853492598560758
vt 0.4215601350426127 0.2853492598560758
vt 0.4537288850426127 0.3009742598560758
vt 0.4858984162926127 0.3009742598560758
vt 0.4858984162926127 0.2853492598560758
vt 0.4537288850426127 0.3009742598560758
vt 0.4858984162926127 0.2853492598560758
vt 0.4537288850426127 0.2853492598560758
vt 0.4858984162926127 0.3009742598560758
vt 0.5180671662926126 0.3009742598560758
vt 0.5180671662926126 0.2853492598560758
vt 0.4858984162926127 0.3009742598560758
vt 0.5180671662926126 0.2853492598560758
vt 0.4858984162926127 0.2853492598560758
vt 0.5180671662926126 0.3009742598560758
vt 0.5502366975426127 0.3009742598560758
vt 0.5502366975426127 0.2853492598560758
vt 0.5180671662926126 0.3009742598560758
vt 0.5502366975426127 0.2853492598560758
vt 0.5180671662926126 0.2853492598560758
vt 0.5502366975426127 0.3009742598560758
vt 0.5824054475426127 0.3009742598560758
vt 0.5824054475426127 0.2853492598560758
vt 0.5502366975426127 0.3009742598560758
vt 0.5824054475426127 0.2853492598560758
vt 0.5502366975426127 0.2853492598560758
vt 0.6145749787926127 0.2853492598560758
vt 0.5984898225426127 0.2853492598560758
vt 0.5984898225426127 0.3009742598560758
vt 0.6145749787926127 0.2853492598560758
vt 0.6247999787926126 0.3009742598560758
vt 0.6247999787926126 0.2873023848560758
vt 0.381634765625 0.767578125
vt 0.413804296875 0.767578125
vt 0.423569921875 0.736328125
vt 0.381634765625 0.767578125
vt 0.423569921875 0.736328125
vt 0.369916015625 0.736328125
vt 0.7110820100426127 0.3009742598560758
vt 0.7355171662926128 0.3009742598560758
vt 0.7355171662926128 0.2853492598560758
vt 0.7110820100426127 0.3009742598560758
vt 0.7355171662926128 0.2853492598560758
vt 0.7110820100426127 0.2853492598560758
vt 0.3573904405274747 0.2253508827805065
vt 0.3895538621647363 0.2247654042187913
vt 0.38926726546058993 0.2090211374973845
vt 0.42236328100897574 0.53918515624999996
vt 0.42236328100897574 0.5043375
vt 0.33973124975897573 0.5043375
vt 0.4223632810089757 0.5043375000000001
vt 0.42626953100897574 0.4697640625
vt 0.33973124975897573 0.4697640625
vt 0.42236328100897574 0.5043375
vt 0.33973124975897573 0.4697640625
vt 0.33973124975897573 0.5043375
vt 0.42626953100897574 0.4697640625
vt 0.33834453100897577 0.3934640625
vt 0.33973124975897573 0.4697640625
vt 0.6406936297723971 0.3551475249562656
vt 0.6406936297723971 0.3708943999562655
vt 0.672862379772397 0.3708943999562655
vt 0.6406936297723971 0.3551475249562656
vt 0.672862379772397 0.3708943999562655
vt 0.672862379772397 0.3551475249562656
vt 0.45425855918537156 0.3289336283644562
vt 0.4478321852001712 0.3291698745305065
vt 0.44783196953436244 0.3613979631110755
vt 0.45425855918537156 0.3289336283644562
vt 0.44783196953436244 0.3613979631110755
vt 0.45425834351956274 0.3611617169450252
vt 0.46348109266155185 0.3288151503186599
vt 0.45425855918537156 0.3289336283644562
vt 0.45425834351917704 0.3611617745842897
vt 0.46348109266155185 0.3288151503186599
vt 0.45425834351917704 0.3611617745842897
vt 0.46348109266155185 0.3610440474310657
vt 0.48857171766155183 0.3288151503186599
vt 0.46348109266155185 0.3288151503186599
vt 0.46348109266155185 0.36104327531866
vt 0.48857171766155183 0.3288151503186599
vt 0.46348109266155185 0.36104327531866
vt 0.48857171766155183 0.36104327531866
vt 0.672862379772397 0.3708943999562655
vt 0.705031911022397 0.3708943999562655
vt 0.705031911022397 0.3551475249562656
vt 0.672862379772397 0.3708943999562655
vt 0.705031911022397 0.3551475249562656
vt 0.672862379772397 0.3551475249562656
vt 0.4542641859334098 0.3613929595281541
vt 0.45426359759335805 0.3940916909095948
vt 0.46348109266155185 0.3937414926888692
vt 0.4542641859334098 0.3613929595281541
vt 0.46348109266155185 0.3937414926888692
vt 0.46348109266155185 0.36104327531866
vt 0.46348109266155185 0.36104327531866
vt 0.46348109266155185 0.39374171281866
vt 0.48857171766155183 0.39374171281866
vt 0.46348109266155185 0.36104327531866
vt 0.48857171766155183 0.39374171281866
vt 0.48857171766155183 0.36104327531866
vt 0.21875 0.3863414062499999
vt 0.21875 0.37025625
vt 0.2019234375 0.37025625
vt 0.21875 0.3863414062499999
vt 0.2019234375 0.37025625
vt 0.2019234375 0.3863414062499999
vt 0.2019234375 0.3863414062499999
vt 0.2019234375 0.37025625
vt 0.18509609375 0.37025625
vt 0.2019234375 0.3863414062499999
vt 0.18509609375 0.37025625
vt 0.18509609375 0.3863414062499999
vt 0.18509609375 0.3863414062499999
vt 0.18509609375 0.37025625
vt 0.16826953125 0.37025625
vt 0.5824054475426127 0.3165992598560758
vt 0.5984898225426127 0.3165992598560758
vt 0.5984898225426127 0.3009742598560758
vt 0.5824054475426127 0.3165992598560758
vt 0.5984898225426127 0.3009742598560758
vt 0.5824054475426127 0.3009742598560758
vt 0.2019234375 0.3541718749999999
vt 0.2019234375 0.37025625
vt 0.21875 0.37025625
vt 0.2019234375 0.3541718749999999
vt 0.21875 0.37025625
vt 0.21875 0.3541718749999999
vt 0.18509609375 0.3541718749999999
vt 0.2019234375 0.37025625
vt 0.2019234375 0.3541718749999999
vt 0.16826953125 0.3541718749999999
vt 0.18509609375 0.37025625
vt 0.18509609375 0.3541718749999999
vt 0.1514421875 0.3541718749999999
vt 0.1514421875 0.37025625
vt 0.16826953125 0.37025625
vt 0.1514421875 0.3541718749999999
vt 0.16826953125 0.37025625
vt 0.16826953125 0.3541718749999999
vt 0.13461562500000002 0.3541718749999999
vt 0.1514421875 0.37025625
vt 0.1514421875 0.3541718749999999
vt 0.11778828125 0.3541718749999999
vt 0.13461562500000002 0.37025625
vt 0.13461562500000002 0.3541718749999999
vt 0.5824054475426127 0.3009742598560758
vt 0.5984898225426127 0.2853492598560758
vt 0.5824054475426127 0.2853492598560758
vt 0.5824054475426127 0.2853492598560758
vt 0.5984898225426127 0.2697242598560758
vt 0.5824054475426127 0.2697242598560758
vt 0.5824054475426127 0.2697242598560758
vt 0.5984898225426127 0.2697242598560758
vt 0.5984898225426127 0.2540992598560758
vt 0.5824054475426127 0.2697242598560758
vt 0.5984898225426127 0.2540992598560758
vt 0.5824054475426127 0.2540992598560758
vt 0.5824054475426127 0.2540992598560758
vt 0.5984898225426127 0.2540992598560758
vt 0.5984898225426127 0.2383523848560758
vt 0.5824054475426127 0.2540992598560758
vt 0.5984898225426127 0.2383523848560758
vt 0.5824054475426127 0.2383523848560758
vt 0.5824054475426127 0.2383523848560758
vt 0.5984898225426127 0.2383523848560758
vt 0.5984898225426127 0.2216648848560758
vt 0.5824054475426127 0.2383523848560758
vt 0.5984898225426127 0.2216648848560758
vt 0.5824054475426127 0.2216648848560758
vt 0.7110820100426127 0.3165992598560758
vt 0.7110820100426127 0.3009742598560758
vt 0.6989038850426127 0.3009742598560758
vt 0.2019234375 0.4828484375
vt 0.21875 0.4828484375
vt 0.21875 0.4706703124999999
vt 0.1514421875 0.4828484375
vt 0.16826953125 0.4711296875
vt 0.1514421875 0.4667640624999999
vt 0.13461562500000002 0.4828484375
vt 0.1514421875 0.4828484375
vt 0.1514421875 0.4667640624999999
vt 0.13461562500000002 0.4828484375
vt 0.1514421875 0.4667640624999999
vt 0.13461562500000002 0.4667640624999999
vt 0.11778828125 0.4828484375
vt 0.13461562500000002 0.4828484375
vt 0.13461562500000002 0.4667640624999999
vt 0.11778828125 0.4828484375
vt 0.13461562500000002 0.4667640624999999
vt 0.11778828125 0.4667640624999999
vt 0.7110820100426127 0.3009742598560758
vt 0.7110820100426127 0.2853492598560758
vt 0.6989038850426127 0.2873023848560758
vt 0.7110820100426127 0.3009742598560758
vt 0.6989038850426127 0.2873023848560758
vt 0.6989038850426127 0.3009742598560758
vt 0.7110820100426127 0.2853492598560758
vt 0.7110820100426127 0.2697242598560758
vt 0.6949976350426127 0.2697242598560758
vt 0.7110820100426127 0.2697242598560758
vt 0.6949976350426127 0.2540992598560758
vt 0.6949976350426127 0.2697242598560758
vt 0.7111352772926933 0.2377354012567792
vt 0.7518830101677563 0.2242896224465718
vt 0.7158882931242446 0.2254488092728228
vt 0.7111352772926933 0.2377354012567792
vt 0.7158883036884671 0.2254487819642053
vt 0.6950222182134709 0.237915227182033
vt 0.382094140625 0.78361328124999996
vt 0.381634765625 0.767578125
vt 0.359691015625 0.767578125
vt 0.382094140625 0.78361328124999996
vt 0.359691015625 0.767578125
vt 0.360150390625 0.78361328124999996
vt 0.381634765625 0.767578125
vt 0.369916015625 0.736328125
vt 0.359691015625 0.75390625
vt 0.381634765625 0.767578125
vt 0.359691015625 0.75390625
vt 0.359691015625 0.767578125
vt 0.6506499787926128 0.2599586348560758
vt 0.6306593537926126 0.2540992598560758
vt 0.6306593537926126 0.2697242598560758
vt 0.6467437287926128 0.2540992598560758
vt 0.6467437287926128 0.2383523848560758
vt 0.6306593537926126 0.2383523848560758
vt 0.6467437287926128 0.2540992598560758
vt 0.6306593537926126 0.2383523848560758
vt 0.6306593537926126 0.2540992598560758
vt 0.6467437287926128 0.2383523848560758
vt 0.6467437287926128 0.2216648848560758
vt 0.6306593537926126 0.2216648848560758
vt 0.6467437287926128 0.2383523848560758
vt 0.6306593537926126 0.2216648848560758
vt 0.6306593537926126 0.2383523848560758
vt 0.16826953125 0.3863414062499999
vt 0.16826953125 0.39702578125
vt 0.21875 0.3965664062499998
vt 0.8631300608068728 0.58088281250000007
vt 0.8162550608068728 0.58088281250000007
vt 0.8126495920568728 0.59651406250000005
vt 0.8126492189800146 0.4715078125000001
vt 0.8595242189800146 0.4558828125000001
vt 0.8126492189800146 0.4558828125000001
vt 0.8631300608068728 0.56721093750000007
vt 0.8162550608068728 0.56721093750000007
vt 0.8162550608068728 0.58088281250000007
vt 0.8631300608068728 0.56721093750000007
vt 0.8162550608068728 0.58088281250000007
vt 0.8631300608068728 0.58088281250000007
vt 0.8631300608068728 0.546875
vt 0.8162550608068728 0.56721093750000007
vt 0.8631300608068728 0.56721093749999996
vt 0.703125 0.1661445312500001
vt 0.65625 0.1661445312500001
vt 0.65625 0.1845703125
vt 0.703125 0.1661445312500001
vt 0.65625 0.1845703125
vt 0.703125 0.1845703125
vt 0.703125 0.143740625
vt 0.65625 0.143740625
vt 0.65625 0.1661445312500001
vt 0.703125 0.143740625
vt 0.65625 0.1661445312500001
vt 0.703125 0.1661445312500001
vt 0.703125 0.12531484375
vt 0.65625 0.12531484375
vt 0.65625 0.143740625
vt 0.703125 0.12531484375
vt 0.65625 0.143740625
vt 0.703125 0.143740625
vt 0.8126492189800146 0.4422109375000001
vt 0.8595242189800146 0.4422109375000001
vt 0.8595242189800146 0.421875
vt 0.8126492189800146 0.4422109375000001
vt 0.8595242189800146 0.421875
vt 0.8126492189800146 0.421875
vt 0.8126492189800146 0.4558828125000001
vt 0.8595242189800146 0.4558828125000001
vt 0.8595242189800146 0.4422109375000001
vt 0.1514421875 0.0646499999999999
vt 0.16826953125 0.0646499999999999
vt 0.16826953125 0.04270625
vt 0.1514421875 0.0646499999999999
vt 0.16826953125 0.04270625
vt 0.1514421875 0.048565625
vt 0.13461562500000002 0.0646499999999999
vt 0.1514421875 0.0646499999999999
vt 0.1514421875 0.048565625
vt 0.13461562500000002 0.0646499999999999
vt 0.1514421875 0.048565625
vt 0.13461562500000002 0.048565625
vt 0.11778828125 0.0646499999999999
vt 0.13461562500000002 0.0646499999999999
vt 0.13461562500000002 0.048565625
vt 0.11778828125 0.0646499999999999
vt 0.13461562500000002 0.048565625
vt 0.11778828125 0.048565625
vt 0.6704378210131474 0.75988750000000005
vt 0.6587190710131474 0.728515625
vt 0.6484940710131474 0.74609375
vt 0.29874294754261266 0.2599586348560758
vt 0.27679919754261273 0.2540992598560758
vt 0.27679919754261273 0.2697242598560758
vt 0.29288357254261266 0.2540992598560758
vt 0.27679919754261273 0.2384742598560758
vt 0.27679919754261273 0.2540992598560758
vt 0.35722185379261273 0.3165992598560758
vt 0.35722185379261273 0.3009742598560758
vt 0.3469968537926127 0.3009742598560758
vt 0.2019234375 0.12898828125
vt 0.21875 0.12898828125
vt 0.21875 0.1187632812499999
vt 0.1514421875 0.12898828125
vt 0.16826953125 0.12898828125
vt 0.16826953125 0.1187632812499999
vt 0.1514421875 0.12898828125
vt 0.16826953125 0.1187632812499999
vt 0.1514421875 0.1129039062499999
vt 0.134615625 0.12898828125
vt 0.1514421875 0.12898828125
vt 0.1514421875 0.1129039062499999
vt 0.11778828125 0.12898828125
vt 0.13461562500000002 0.12898828125
vt 0.13461562500000002 0.1129039062499999
vt 0.35722185379261273 0.3009742598560758
vt 0.35722185379261273 0.2853492598560758
vt 0.3469968537926127 0.2873023848560758
vt 0.35722185379261273 0.3009742598560758
vt 0.3469968537926127 0.2873023848560758
vt 0.3469968537926127 0.3009742598560758
vt 0.35722185379261273 0.2853492598560758
vt 0.35722185379261273 0.2697242598560758
vt 0.3411374787926127 0.2697242598560758
vt 0.35722185379261273 0.2697242598560758
vt 0.3411374787926127 0.2540992598560758
vt 0.3411374787926127 0.2697242598560758
vt 0.35722185379261273 0.2540992598560758
vt 0.3411374787926127 0.2384742598560758
vt 0.3411374787926127 0.2540992598560758
vt 0.331880859375 0.65224375
vt 0.285005859375 0.65224375
vt 0.281400390625 0.66786875
vt 0.331880859375 0.65224375
vt 0.281400390625 0.66786875
vt 0.331880859375 0.66786875
vt 0.43764531794597433 0.82502343750000007
vt 0.48452031794597433 0.82502343750000007
vt 0.48452031794597433 0.8046875
vt 0.43764531794597433 0.82502343750000007
vt 0.48452031794597433 0.8046875
vt 0.43764531794597433 0.8046875
vt 0.84375 0.83020703124999995
vt 0.796875 0.83020703124999995
vt 0.796875 0.8486328125
vt 0.84375 0.83020703124999995
vt 0.796875 0.8486328125
vt 0.84375 0.8486328125
vt 0.84375 0.80975703124999998
vt 0.796875 0.80975703124999998
vt 0.796875 0.83020703124999995
vt 0.84375 0.80975703124999998
vt 0.796875 0.83020703124999995
vt 0.84375 0.83020703124999995
vt 0.84375 0.78964765624999989
vt 0.796875 0.78964765624999989
vt 0.796875 0.80975703124999998
vt 0.84375 0.78964765624999989
vt 0.796875 0.80975703124999998
vt 0.84375 0.80975703124999998
vt 0.331880859375 0.638571875
vt 0.285005859375 0.638571875
vt 0.285005859375 0.65224375
vt 0.331880859375 0.638571875
vt 0.285005859375 0.65224375
vt 0.331880859375 0.65224375
vt 0.331880859375 0.6171875
vt 0.285005859375 0.6171875
vt 0.285005859375 0.638571875
vt 0.331880859375 0.6171875
vt 0.285005859375 0.638571875
vt 0.331880859375 0.638571875
vt 0.6614816286198503 0.2102275243659153
vt 0.6592698111373136 0.2047509269029277
vt 0.6563176910476567 0.205033625712385
vt 0.6614816286198503 0.2102275243659153
vt 0.6563176910476567 0.205033625712385
vt 0.6585295085301933 0.2105102231753726
vt 0.429826953125 0.1640625
vt 0.429826953125 0.16796875
vt 0.443219921875 0.16796875
vt 0.429826953125 0.1640625
vt 0.443219921875 0.16796875
vt 0.443219921875 0.1640625
vt 0.7110567882834153 0.1748046875
vt 0.7244497570334153 0.1748046875
vt 0.7244497570334153 0.1708984375
vt 0.265764453125 0.20078125
vt 0.279157421875 0.20078125
vt 0.279157421875 0.1953125
vt 0.265764453125 0.20078125
vt 0.279157421875 0.1953125
vt 0.265764453125 0.1953125
vt 0.6884088714523433 0.2102279720516057
vt 0.6884088714523433 0.2047592220516057
vt 0.6750159027023434 0.2047592220516057
vt 0.6884088714523433 0.2102279720516057
vt 0.6750159027023434 0.2047592220516057
vt 0.6750159027023434 0.2102279720516057
vt 0.2265625 0.25546875
vt 0.23046875 0.25546875
vt 0.23046875 0.25
vt 0.2265625 0.25546875
vt 0.23046875 0.25
vt 0.2265625 0.25
vt 0.0715125 0.855234375
vt 0.08624453125 0.856328125
vt 0.08758359375 0.85085937499999997
vt 0.0715125 0.855234375
vt 0.08758359375 0.85085937499999997
vt 0.07061953125 0.85085937499999997
vt 0.7244497570334153 0.1748046875
vt 0.7400747570334153 0.1708984375
vt 0.7244497570334153 0.1708984375
vt 0.7400747570334153 0.1708984375
vt 0.7401150867165847 0.1650392012948892
vt 0.7253427803962595 0.1649375220976826
vt 0.7400747570334153 0.1708984375
vt 0.7253427257834153 0.1649375
vt 0.7244497570334153 0.1708984375
vt 0.8619558538881744 0.0942203125
vt 0.8588222601381744 0.0859375
vt 0.8485542913881745 0.08648984375
vt 0.8619558538881744 0.0942203125
vt 0.8485543066975865 0.0864898525809801
vt 0.8440988336118256 0.0942401093063165
vt 0.08758359375 0.85085937499999997
vt 0.08445859375 0.84375
vt 0.07374453125 0.84375
vt 0.08758359375 0.85085937499999997
vt 0.07374453125 0.84375
vt 0.07061953125 0.85085937499999997
vt 0.861955859375 0.2041015625
vt 0.857491710513078 0.1963562267650814
vt 0.8472238542785191 0.1958148584612678
vt 0.861955859375 0.2041015625
vt 0.847223828125 0.19581484375
vt 0.844098828125 0.2041015625
vt 0.4320869699117779 0.3759658583170943
vt 0.4273994699117779 0.3671877333170943
vt 0.4262275949117779 0.3759658583170943
vt 0.48839663912853554 0.4578256602404462
vt 0.4765625 0.4457049565743681
vt 0.4765625 0.46875
vt 0.248046875 0.8662109375
vt 0.2817007812500001 0.8662109375
vt 0.29852734375000023 0.85403281249999996
vt 0.248046875 0.8544921875
vt 0.6881690059708149 0.6518320229739393
vt 0.673295568470815 0.6413140542239393
vt 0.671342443470815 0.6518320229739393
vt 0.16011102576708017 0.78566624323175016
vt 0.15198011849551207 0.7734375
vt 0.140625 0.78566624323175016
vt 0.2537836416883069 0.0904476011963907
vt 0.23621540933084662 0.066061003383774
vt 0.23592385726922283 0.0866786924989738
vt 0.20730191511870855 0.58279195405138606
vt 0.20032051355558322 0.56338990322468796
vt 0.18844486253874398 0.5845100082438859
vt 0.24263845725929675 0.64904891994688174
vt 0.24329402127992855 0.6177855109940038
vt 0.23341574856686453 0.64893037792290287
vt 0.21188515624999998 0.4541015625
vt 0.17971640625 0.4379953125
vt 0.17971640625 0.4541015625
vt 0.8442501216123984 0.0178721949142946
vt 0.8281657466123984 0.0004026636642945
vt 0.8281657466123984 0.0178721949142946
vt 0.7171219093535421 0.0515724734905336
vt 0.6888346300952604 0.0478464696165339
vt 0.6966468682453366 0.0744112042220535
vt 0.6888346300952604 0.0478464696165339
vt 0.6644783800952603 0.074412094616534
vt 0.6966471300952604 0.074412094616534
vt 0.428452734375 0.337890625
vt 0.422133203125 0.337890625
vt 0.434312109375 0.35546875
vt 0.66282734375 0.298828125
vt 0.65650859375 0.298828125
vt 0.66673359375 0.31640625
vt 0.00037578125000000025 0.7036203125
vt 0.00037578125000000025 0.7197265625
vt 0.01720234375 0.7197265625
vt 0.32455690066043247 0.0215134417533362
vt 0.30772955691043247 0.0004775042533361
vt 0.30772955691043247 0.0215134417533362
vt 0.2656322700689926 0.6344549902504699
vt 0.2665942924310074 0.6513671875
vt 0.2665942924310074 0.6172070106668158
vt 0.4396777950131244 0.0260457027552927
vt 0.4071737163046109 0.0409616831150936
vt 0.439391204485206 0.0417896301839579
vt 0.43967772168153646 0.0260457187174813
vt 0.4415244751742818 0.0070919251692991
vt 0.37495622812401586 0.0401337360462295
vt 0.25862178864572644 0.3922421618900088
vt 0.24331595476201975 0.3937338249697679
vt 0.23709448133319164 0.4677902144852363
vt 0.862945534499354 0.00136099626429
vt 0.8281653924101107 0.0004024713115319
vt 0.8603344966123985 0.0178721949142946
vt 0.23469700143474323 0.5734743343767611
vt 0.24265262282823125 0.53913099262693664
vt 0.22688835960628534 0.53733228881822626
vt 0.3247064630091094 0.5673249567262849
vt 0.24444810455835533 0.60825058717378844
vt 0.3240374686494912 0.60937375616302525
vt 0.30772981808956756 0.0004778307545383
vt 0.32455690066043247 0.0215134417533362
vt 0.34139818143996037 0.0196887313709696
vt 0.24263828125 0.6490489176845856
vt 0.24263828125 0.68127704268458555
vt 0.26772890625 0.68127704268458555
vt 0.3266945310089758 0.360765625
vt 0.281888872474795 0.3285967387416362
vt 0.25677064090840085 0.3608038224795929
vt 0.3266945310089758 0.360765625
vt 0.3266945310089758 0.328596875
vt 0.2818890622589758 0.328596875
vt 0.85642421875 0.1523054687500001
vt 0.88472265625 0.1414796875
vt 0.82816796875 0.147384375
vt 0.000210507187401357 0.689453125
vt 0.08891340147760297 0.6833943999562655
vt 0.08891340147760297 0.66764750121567895
vt 0.08891340147760297 0.66764752495626556
vt 0.08891340147760297 0.64841222031661716
vt 0.00006862977239703583 0.68886633106467887
vt 0.6249691350445076 0.3938501445534635
vt 0.6492744822979211 0.4908319240005332
vt 0.6313175086373717 0.3948756751020522
vt 0.6249691350445076 0.3938501445534635
vt 0.6157459406330236 0.3937319203502407
vt 0.6492744994660584 0.490831992503834
vt 0.578613671875 0.4453125
vt 0.574247265625 0.4224515625
vt 0.562528515625 0.4453125
vt 0.6440798765064074 0.4924723080037449
vt 0.6157457475660054 0.3937319178754806
vt 0.5906630618032082 0.3943630579672133
vt 0.37495622812401586 0.0401337360462295
vt 0.4071737163046109 0.0409616831150936
vt 0.4396777950131244 0.0260457027552927
vt 0.23469700143474323 0.5734743343767611
vt 0.24437349028186736 0.6081641791418625
vt 0.24265261516421424 0.53913102571146165
vt 0.8442501216123984 0.0178721949142946
vt 0.8603344966123985 0.0178721949142946
vt 0.8281657466123984 0.0004026636642945
vt 0.65650859375 0.298828125
vt 0.66282734375 0.298828125
vt 0.64088359375 0.2890625
vt 0.36473072384526034 0.123240219616534
vt 0.3588713488452603 0.105662094616534
vt 0.35450572384526036 0.105662094616534
vt 0.24018048237485268 0.3787416183154783
vt 0.22661639262514732 0.3671875
vt 0.22661639262514732 0.3867407928425453
vt 0.578613671875 0.4453125
vt 0.594698046875 0.4453125
vt 0.574247265625 0.4224515625
vt 0.85642421875 0.1523054687500001
vt 0.88468046875 0.1572265625
vt 0.88472265625 0.1414796875
vt 0.422133203125 0.337890625
vt 0.428452734375 0.337890625
vt 0.406508203125 0.328125
vt 0.7185908800952603 0.123240219616534
vt 0.7127315050952603 0.105662094616534
vt 0.7083658800952604 0.105662094616534
vt 0.2216796875 0.4386271834431359
vt 0.2216796875 0.4296875
vt 0.21884100244339807 0.4377688135985758
vt 0.18744926934633188 0.5994814079889951
vt 0.17438213418544596 0.59951839240862903
vt 0.17413450782375106 0.61526290633515746
vt 0.1796875 0.406532226096697
vt 0.2051103494502955 0.4306640625
vt 0.21545050730713783 0.406532226096697
vt 0.688610852517317 0.68367824889798146
vt 0.6704690667416344 0.6989256896606676
vt 0.6888674851554143 0.705250050552631
vt 0.03411245793816692 0.0861407859310162
vt 0.011965165664446688 0.1029025532162824
vt 0.033622282455714886 0.1018798636974797
vt 0.6544025997208149 0.6832038979739393
vt 0.6539525997208149 0.6993031167239393
vt 0.671342443470815 0.6832038979739393
vt 0.6544025997208149 0.6675788979739393
vt 0.6544025997208149 0.6832038979739393
vt 0.671342443470815 0.6675788979739393
vt 0.6540721319940603 0.65219941230248346
vt 0.6544044456194451 0.6678208780677176
vt 0.671342443470815 0.6518320229739393
vt 0.671342443470815 0.6518320229739393
vt 0.6544043290408162 0.66782098811371127
vt 0.671342443470815 0.6675789430131932
vt 0.6616796201753027 0.63565269735242425
vt 0.6541350305040164 0.65031015340346554
vt 0.673295568470815 0.6413140542239393
vt 0.673295568470815 0.6413140542239393
vt 0.6541354036199838 0.65030997822110614
vt 0.6713424319709941 0.65183208490277456
vt 0.637878331542606 0.65247195532159874
vt 0.6369653888413787 0.6681918876742873
vt 0.6540721319940602 0.65219941230248346
vt 0.2356153030449984 0.088249777668922
vt 0.2273203980291192 0.1048179937556963
vt 0.25378072225002646 0.0900369870498348
vt 0.21066471355578298 0.62831867736083225
vt 0.1935646007105294 0.64761118923297634
vt 0.21368367849477327 0.64364925059529243
vt 0.18744926715268562 0.5994809129079882
vt 0.18752667083254887 0.61695004276405585
vt 0.20462696141421632 0.5976573303679793
vt 0.18794966146244646 0.5839522960680643
vt 0.18744891548658577 0.5996915617491738
vt 0.206865631370716 0.58310010791902933
vt 0.6044921875 0.6875
vt 0.5789524355304906 0.6875
vt 0.5908427376678873 0.70003073615172995
vt 0.1657937681524453 0.58381227748509745
vt 0.17438289902375054 0.5995176910641804
vt 0.18794957509100363 0.5839523951636024
vt 0.18794966146244646 0.5839522960680643
vt 0.17438289902375054 0.5995176910641804
vt 0.18744893991422829 0.5996907939483834
vt 0.1675376374694441 0.5684413790703594
vt 0.16628845130565956 0.584498792395604
vt 0.20031971864788817 0.56339039627792453
vt 0.20032051355558322 0.56338990322468796
vt 0.16628845130565956 0.584498792395604
vt 0.188444698317069 0.5845103003018973
vt 0.16515906899016597 0.5995921174589487
vt 0.1491877971946976 0.6153548033823084
vt 0.17438298880053743 0.59951785522299805
vt 0.1657937681524453 0.58381227748509745
vt 0.16515906899016597 0.5995921174589487
vt 0.17438298880053743 0.59951785522299805
vt 0.11530750649016598 0.59973039870894873
vt 0.11514348620518824 0.61535453780030724
vt 0.1651992886436464 0.60025415648395386
vt 0.11530750649016598 0.56799992995894877
vt 0.11530750649016598 0.58410539870894873
vt 0.13213485024016597 0.56799992995894877
vt 0.22792770506122212 0.6171879383384762
vt 0.2270557581489655 0.64797808327533213
vt 0.24329402127992855 0.6177855109940038
vt 0.24329402127992855 0.6177855109940038
vt 0.2270559824846232 0.64797766615741104
vt 0.23341549617017082 0.64893117369577413
vt 0.4719010951302326 0.0265991124303918
vt 0.5040698387721123 0.0265788870619502
vt 0.471885562620983 0.0018944298132479
vt 0.4718848974290723 0.0018939196292933
vt 0.5040698387721123 0.0265788870619502
vt 0.5040588849218703 1.28668975288E-05
vt 0.43967772168153646 0.0260457187174813
vt 0.4719010951302326 0.0265991124303918
vt 0.44152456115440136 0.0070910427291454
vt 0.4415249399450916 0.0070912859917637
vt 0.4719010951302326 0.0265991124303918
vt 0.4718855620938471 0.0018935913958328
vt 0.5040683412236201 0.0269101678034438
vt 0.5360839349050956 0.0429677072890877
vt 0.5362363652454933 0.0272215700720764
vt 0.43967772168153646 0.0260457187174813
vt 0.47174866807474536 0.0423449103143518
vt 0.4719010951302326 0.0265991124303918
vt 0.5037634805428246 0.0584024422374665
vt 0.5359315045646978 0.0587138445060992
vt 0.5039159108832223 0.0426563050204551
vt 0.471322883130033 0.0583615247519581
vt 0.5034863337748695 0.05894540759951
vt 0.47160869871861016 0.0426172438310983
vt 0.4071737163046109 0.0409616831150936
vt 0.37495622812401586 0.0401337360462295
vt 0.39104088009526033 0.057602719616534
vt 0.39104088009526033 0.057602719616534
vt 0.3749557238452603 0.0401331883665339
vt 0.3749557238452603 0.057602719616534
vt 0.7189589381885555 0.0506904724839389
vt 0.747722334020636 0.0744068595924857
vt 0.7391405194496685 0.0558071877859422
vt 0.6644783800952603 0.074412094616534
vt 0.6888346300952604 0.0478464696165339
vt 0.6483932238452603 0.074412094616534
vt 0.6484521845123614 0.0744732072513703
vt 0.6890522696519374 0.0481517975205304
vt 0.6607141361540749 0.0525740314573641
vt 0.3553760800473628 0.1852978536176226
vt 0.3875968922952834 0.1859843658898213
vt 0.3553760800473628 0.1686104734024041
vt 0.35537631909463535 0.1686106022998874
vt 0.3875968922952834 0.1859843658898213
vt 0.3875449267722374 0.1685149119292895
vt 0.3232065487973628 0.1686103536176226
vt 0.3553760800473628 0.1852978536176226
vt 0.3553760800473628 0.1686103536176226
vt 0.39104088009526033 0.0742902196165339
vt 0.3749557238452603 0.057602719616534
vt 0.3749557238452603 0.0742902196165339
vt 0.31061744259526036 0.0742902196165339
vt 0.34278697384526036 0.0742902196165339
vt 0.31061744259526036 0.061187875866534
vt 0.31058853214377613 0.0612610487454747
vt 0.34278697384526036 0.0742907836907142
vt 0.34278697384526036 0.057602719616534
vt 0.6644783800952603 0.074412094616534
vt 0.6966471300952604 0.090037094616534
vt 0.6966471300952604 0.074412094616534
vt 0.6001400973758975 0.0742902188972684
vt 0.6323088488452604 0.090037094616534
vt 0.6323679915054963 0.0744122065482712
vt 0.39104088009526033 0.090037094616534
vt 0.3749557238452603 0.0742902196165339
vt 0.3749557238452603 0.090037094616534
vt 0.31061744259526036 0.0742902196165339
vt 0.34278697384526036 0.090037094616534
vt 0.34278697384526036 0.0742902196165339
vt 0.2945331690275185 0.0900369953126386
vt 0.31061744259526036 0.0742902196165339
vt 0.29450329965756794 0.0741399316578264
vt 0.2537836416883069 0.0904476011963907
vt 0.2784486823288633 0.0900675321886057
vt 0.23621519285212383 0.0660607028880018
vt 0.23621519285212383 0.0660607028880018
vt 0.27844869620055734 0.0900675400737082
vt 0.2783902245339295 0.073961802665091
vt 0.6703377550952603 0.095896469616534
vt 0.6907877550952604 0.095896469616534
vt 0.6644783800952603 0.090037094616534
vt 0.6644783800952603 0.090037094616534
vt 0.6907877550952604 0.095896469616534
vt 0.6966471300952604 0.090037094616534
vt 0.6001400988452603 0.090037094616534
vt 0.6323088488452604 0.105662094616534
vt 0.6323088488452604 0.090037094616534
vt 0.3588713488452603 0.105662094616534
vt 0.3749557238452603 0.090037094616534
vt 0.3588713488452603 0.090037094616534
vt 0.31647681759526036 0.095896469616534
vt 0.33888072384526036 0.095896469616534
vt 0.31061744259526036 0.090037094616534
vt 0.31061744259526036 0.090037094616534
vt 0.33888072384526036 0.095896469616534
vt 0.34278697384526036 0.090037094616534
vt 0.2540142271229459 0.1057822322363072
vt 0.27844908927157674 0.1056623458762751
vt 0.2537807238452603 0.090037094616534
vt 0.2537807238452603 0.090037094616534
vt 0.2784486925952603 0.105662094616534
vt 0.2784486925952603 0.090037094616534
vt 0.6001400988452603 0.105662094616534
vt 0.6323088488452604 0.121287094616534
vt 0.6323088488452604 0.105662094616534
vt 0.7269138033531672 0.1526653623362914
vt 0.7490239332646851 0.1551282067409231
vt 0.7288162689886861 0.1369127421078552
vt 0.7288166613452602 0.136912094616534
vt 0.7497010363452603 0.1543488133665339
vt 0.7410025988452604 0.136912094616534
vt 0.7269138033531672 0.1526653623362914
vt 0.7288162833969585 0.1369126228058095
vt 0.7176143175952603 0.152567563366534
vt 0.20950018368121245 0.78361336842531615
vt 0.24166893350011914 0.783616781794929
vt 0.2095018851435037 0.76757821226558565
vt 0.2095018851435037 0.76757821226558565
vt 0.24166892644893573 0.78361677827919163
vt 0.24167064605540256 0.76770037181530604
vt 0.39104088009526033 0.152537094616534
vt 0.3749557238452603 0.136912094616534
vt 0.3749557238452603 0.152537094616534
vt 0.294203515625 0.767578125
vt 0.325913671875 0.78361328124999996
vt 0.326373046875 0.767578125
vt 0.273753515625 0.78361328124999996
vt 0.294203515625 0.767578125
vt 0.274212890625 0.767578125
vt 0.304950390625 0.1494140625
vt 0.321777734375 0.1172453125
vt 0.304950390625 0.1172453125
vt 0.016826562500000003 0.51501796874999994
vt 0.033653906250000004 0.4828484375
vt 0.016826562500000003 0.4828484375
vt 0.321777734375 0.1494140625
vt 0.338604296875 0.1172453125
vt 0.321777734375 0.1172453125
vt 0.10096171875 0.0324804687499999
vt 0.10096171875 0.0003117187499999
vt 0.084134375 0.0324804687499999
vt 0.10096171875 0.0324804687499999
vt 0.084134375 0.0324804687499999
vt 0.10096171875 0.048565625
vt 0.10096171875 0.09681875
vt 0.10096171875 0.0646499999999999
vt 0.084134375 0.09681875
vt 0.10096171875 0.09681875
vt 0.084134375 0.09681875
vt 0.10096171875 0.1129039062499999
vt 0.10096171875 0.4028851562499999
vt 0.10096171875 0.3863414062499999
vt 0.084134375 0.4028851562499999
vt 0.10096171875 0.4506796874999999
vt 0.10096171875 0.4028851562499999
vt 0.084134375 0.4506796874999999
vt 0.10096171875 0.4506796874999999
vt 0.084134375 0.4506796874999999
vt 0.10096171875 0.4667640624999999
vt 0.17570625 0.828125
vt 0.15887890625 0.8359375
vt 0.17570625 0.8359375
vt 0.016303616065403658 0.0704125
vt 0 0.0873106854225454
vt 0.014658993361595662 0.0864344846969075
vt 0.17413528536849426 0.615262662227391
vt 0.1486352046986552 0.63145069200098736
vt 0.1654405783084013 0.6323102939539358
vt 0.1491874720029882 0.61535527049199434
vt 0.11530750649016598 0.63098039870894873
vt 0.13213314223073763 0.63122014775745827
vt 0.7288166613452602 0.136912094616534
vt 0.7410025988452604 0.136912094616534
vt 0.7288166613452602 0.121287094616534
vt 0.2095018851435037 0.76757821226558565
vt 0.24167141530312922 0.76770037473649277
vt 0.1997365393977605 0.736328125
vt 0.39104088009526033 0.136912094616534
vt 0.3749557238452603 0.121287094616534
vt 0.3749557238452603 0.136912094616534
vt 0.3749557238452603 0.136912094616534
vt 0.3749557238452603 0.121287094616534
vt 0.36473072384526034 0.136912094616534
vt 0.6004192017354458 0.0435905042638237
vt 0.632434014203525 0.0596480361869384
vt 0.6325864445439228 0.043901898969927
vt 0.860334510237078 0.017872108757065
vt 0.8925377325898893 0.021484375
vt 0.862945534499354 0.00136099626429
vt 0.24073945665879665 0.5043356146240412
vt 0.22688857060032416 0.5373323128926645
vt 0.24265262282823125 0.53913099262693664
vt 0.24265261516421424 0.53913102571146165
vt 0.24437348979981877 0.6081641598044142
vt 0.32530683719527587 0.53891114915801785
vt 0.32530781225897576 0.5389109375000001
vt 0.24444810455835533 0.60825058717378844
vt 0.32470703812468293 0.56732466346128574
vt 0.32530781225897576 0.5043375
vt 0.24265261516421424 0.53913102571146165
vt 0.3253078122589757 0.53891114656415584
vt 0.25862178864572644 0.3922421618900088
vt 0.23709446520654529 0.4677902710801793
vt 0.32669417306842446 0.3934638792330292
vt 0.2567705059918938 0.360803822553294
vt 0.2585217448666798 0.3920258861529509
vt 0.3266945310089758 0.360765625
vt 0.3266945310089758 0.360765625
vt 0.25862178864572644 0.3922421618900088
vt 0.3266945310089758 0.3934638856571053
vt 0.341397974879609 0.0196886135092743
vt 0.358276267786966 0.0160114050631408
vt 0.30772981808956756 0.0004778307545383
vt 0.30772949837383623 0.0004777325017806
vt 0.358276267786966 0.0160114050631408
vt 0.38732538287091267 3.265012022E-07
vt 0.15325168272760298 0.66764752495626556
vt 0.15325168272760298 0.6410818999562655
vt 0.12108293272760297 0.66764752495626556
vt 0.1210828187223056 0.667647619104219
vt 0.15325168272760298 0.6410818999562655
vt 0.12107711747697343 0.6429424282174112
vt 0.08891340147760297 0.66764752495626556
vt 0.12108293272760297 0.66764752495626556
vt 0.08891340147760297 0.6484115874562656
vt 0.0889140402378699 0.648411969406269
vt 0.12108293272760297 0.66764752495626556
vt 0.12115105799954157 0.6429423008857561
vt 0.6313767066806918 0.3943889116551521
vt 0.6305536063842296 0.361700757890723
vt 0.6249691350445076 0.3938501445534635
vt 0.6249691350445076 0.3938501445534635
vt 0.6305536063842296 0.361700757890723
vt 0.6241460347480453 0.3611619907890342
vt 0.05048046874999999 0.37025625
vt 0.033653906250000004 0.3863414062499999
vt 0.05048046874999999 0.3863414062499999
vt 0.033653906250000004 0.37025625
vt 0.033653906250000004 0.3541718749999999
vt 0.016826562500000003 0.37025625
vt 0.05048046874999999 0.37025625
vt 0.05048046874999999 0.3541718749999999
vt 0.033653906250000004 0.37025625
vt 0.084134375 0.37025625
vt 0.084134375 0.3541718749999999
vt 0.0673078125 0.37025625
vt 0.10096171875 0.37025625
vt 0.10096171875 0.3541718749999999
vt 0.084134375 0.37025625
vt 0.39104088009526033 0.136912094616534
vt 0.4071252550952603 0.136912094616534
vt 0.39104088009526033 0.121287094616534
vt 0.39104088009526033 0.121287094616534
vt 0.4071252550952603 0.121287094616534
vt 0.39104088009526033 0.105662094616534
vt 0.39104088009526033 0.057602719616534
vt 0.4071252550952603 0.057602719616534
vt 0.4071252550952603 0.0409152196165339
vt 0.4071252550952603 0.0409153560249508
vt 0.4071252550952603 0.057602719616534
vt 0.4393460994409433 0.0416003601613563
vt 0.2906268175952603 0.136912094616534
vt 0.2784486925952603 0.152537094616534
vt 0.2906268175952603 0.152537094616534
vt 0.05048046874999999 0.4828484375
vt 0.0673078125 0.4828484375
vt 0.05048046874999999 0.4711296875
vt 0.2945330675952603 0.105662094616534
vt 0.2784486925952603 0.121287094616534
vt 0.2906268175952603 0.123240219616534
vt 0.2784486925952603 0.090037094616534
vt 0.2784486925952603 0.105662094616534
vt 0.2945330675952603 0.090037094616534
vt 0.2783902245339295 0.073961802665091
vt 0.2784486954832742 0.0900673425015408
vt 0.2945033000647599 0.0741401483733651
vt 0.2945033000647599 0.0741401483733651
vt 0.27844882241921487 0.0900672165729726
vt 0.2945331690275185 0.0900369953126386
vt 0.34278697384526036 0.090037094616534
vt 0.33888072384526036 0.095896469616534
vt 0.3588713488452603 0.090037094616534
vt 0.226712890625 0.0419921875
vt 0.277193359375 0.0317671875
vt 0.226712890625 0.0317671875
vt 0.8631320310493298 0.534014178032135
vt 0.8126511891931272 0.51838281250000007
vt 0.8126492189506702 0.53400781237578065
vt 0.8048366020060899 0.76057704973108498
vt 0.8553194140460607 0.76057023451738348
vt 0.8084446479939101 0.74494531249999996
vt 0.8595261891931272 0.484375
vt 0.8126511891931272 0.484375
vt 0.8595261891931272 0.50471093749999996
vt 0.8084446479939101 0.73127343749999996
vt 0.8553196479939101 0.74494531249999996
vt 0.8553196479939101 0.73127343749999996
vt 0.241670646055444 0.7677003714318329
vt 0.24166892644893573 0.78361677827919163
vt 0.263614418982395 0.7678212796321774
vt 0.2636139237533009 0.76782163607851706
vt 0.24166892644893573 0.78361677827919163
vt 0.2636126763805239 0.78361851102926872
vt 0.26361466439776055 0.75390625
vt 0.24167091439776053 0.76770000000000005
vt 0.26361466439776055 0.767821875
vt 0.6966471300952604 0.090037094616534
vt 0.6907877550952604 0.095896469616534
vt 0.7127315050952603 0.090037094616534
vt 0.6966471300952604 0.074412094616534
vt 0.6966471300952604 0.090037094616534
vt 0.7127315050952603 0.074412094616534
vt 0.6425338488452603 0.136912094616534
vt 0.6323088488452604 0.152537094616534
vt 0.6425338488452603 0.152537094616534
vt 0.06730781250000001 0.1129039062499999
vt 0.084134375 0.12898828125
vt 0.084134375 0.1129039062499999
vt 0.084134375 0.1129039062499999
vt 0.10096171875 0.12898828125
vt 0.10096171875 0.1129039062499999
vt 0.6483932238452603 0.105662094616534
vt 0.6323088488452604 0.121287094616534
vt 0.6425338488452603 0.123240219616534
vt 0.6323088488452604 0.090037094616534
vt 0.6323088488452604 0.105662094616534
vt 0.6483932238452603 0.090037094616534
vt 0.6323679915054963 0.0744122065482712
vt 0.6323088488452604 0.090037094616534
vt 0.648452251282966 0.0744730880027181
vt 0.38754492783153505 0.1685152680375385
vt 0.3875968922952834 0.1859843658898213
vt 0.41587860745263716 0.1640625
vt 0.6607141361540749 0.0525740314573641
vt 0.6323679915054963 0.0744122065482712
vt 0.648452251282966 0.0744730880027181
vt 0.8048327899060431 0.4090054202358884
vt 0.8543468415140945 0.4090382624211779
vt 0.8084445538439569 0.3936265624999999
vt 0.8084445538439569 0.3936265624999999
vt 0.8543468975939569 0.40903828125
vt 0.8553234600939569 0.3933828125000001
vt 0.8084445538439569 0.3936265624999999
vt 0.8553234600939569 0.3933828125000001
vt 0.8084484600939569 0.3797109375000001
vt 0.8084484600939569 0.3797109375000001
vt 0.8553234600939569 0.3933828125000001
vt 0.8553234600939569 0.3797109375000001
vt 0.5314095906601626 0.7333984375
vt 0.5448025594101626 0.7373046875
vt 0.5448025594101626 0.7333984375
vt 0.5180166219101626 0.7353515625
vt 0.5314095906601626 0.7373046875
vt 0.5157845906601626 0.7333984375
vt 0.4354568724622051 0.1891253803419861
vt 0.4197107808971755 0.1891336754906641
vt 0.4332449136981379 0.1946023276268184
vt 0.4332449136981379 0.1946023276268184
vt 0.4197105386981379 0.1891335776268184
vt 0.4197105386981379 0.1946023276268184
vt 0.005926562499999996 0.0009353620893113
vt 0 0.0009353620893113
vt 0.006128906249999996 0.0065619245893113
vt 0.00612906545177172 0.0065620707424228
vt 0 0.0009353620893113
vt 0.0002760942072054795 0.0068359375
vt 0.6052660912202211 0.168419596627338
vt 0.6032192300958066 0.1640632178640804
vt 0.5955690650297788 0.17297578125
vt 0.5955690650297788 0.17297578125
vt 0.6032198462797789 0.1640625
vt 0.5939526587797789 0.16851953125
vt 0.02388388311576723 0.4663671886251793
vt 0.029827130792211408 0.4673719463141134
vt 0.02396767938423277 0.461903125
vt 0.02396767938423277 0.461903125
vt 0.02982705438423277 0.467371875
vt 0.02982705438423277 0.461903125
vt 0.42339865827467665 0.1796875
vt 0.4197098728658726 0.1891342220516057
vt 0.4336251206632423 0.1807583754101938
vt 0.4336251206632423 0.1807583754101938
vt 0.41971078089717545 0.1891336754906641
vt 0.4354568724622051 0.1891253803419861
vt 0.34551668725978296 0.1328125
vt 0.3437501202187312 0.1415756191157338
vt 0.35014765625 0.1338242022757963
vt 0.35014765625 0.1338242022757963
vt 0.34375 0.1415757647757963
vt 0.3496765625 0.1415757647757963
vt 0.02394920930809221 0.4541374607259401
vt 0.023967554793402797 0.4619033583170943
vt 0.028655179384232767 0.453125
vt 0.3041331973175121 0.1959122207734253
vt 0.28919324626901394 0.197265625
vt 0.33775987873098606 0.197265625
vt 0.4921875 0.69301406249999997
vt 0.4921875 0.67417343750000003
vt 0.45703125 0.68359375
vt 0.5 0.67417343750000003
vt 0.5 0.69301406249999997
vt 0.53515625 0.68359375
vt 0.4921875 0.67417343750000003
vt 0.48276718750000003 0.65785781249999997
vt 0.45703125 0.68359375
vt 0.5094203125 0.65785781249999997
vt 0.5 0.67417343750000003
vt 0.53515625 0.68359375
vt 0.48276718750000003 0.65785781249999997
vt 0.46645156249999997 0.6484375
vt 0.45703125 0.68359375
vt 0.5257359375 0.6484375
vt 0.5094203125 0.65785781249999997
vt 0.53515625 0.68359375
vt 0.46645156249999997 0.6484375
vt 0.44761093750000003 0.6484375
vt 0.45703125 0.68359375
vt 0.5445765625 0.6484375
vt 0.5257359375 0.6484375
vt 0.53515625 0.68359375
vt 0.44761093750000003 0.6484375
vt 0.43129531249999997 0.65785781249999997
vt 0.45703125 0.68359375
vt 0.5608921875 0.65785781249999997
vt 0.5445765625 0.6484375
vt 0.53515625 0.68359375
vt 0.43129531249999997 0.65785781249999997
vt 0.421875 0.67417343750000003
vt 0.45703125 0.68359375
vt 0.5703125 0.67417343750000003
vt 0.5608921875 0.65785781249999997
vt 0.53515625 0.68359375
vt 0.421875 0.67417343750000003
vt 0.421875 0.69301406249999997
vt 0.45703125 0.68359375
vt 0.5703125 0.69301406249999997
vt 0.5703125 0.67417343750000003
vt 0.53515625 0.68359375
vt 0.48276718750000003 0.70932968750000003
vt 0.4921875 0.69301406249999997
vt 0.45703125 0.68359375
vt 0.5 0.69301406249999997
vt 0.5094203125 0.70932968750000003
vt 0.53515625 0.68359375
vt 0.46645156249999997 0.71875
vt 0.48276718750000003 0.70932968750000003
vt 0.45703125 0.68359375
vt 0.5094203125 0.70932968750000003
vt 0.5257359375 0.71875
vt 0.53515625 0.68359375
vt 0.44761093750000003 0.71875
vt 0.46645156249999997 0.71875
vt 0.45703125 0.68359375
vt 0.5257359375 0.71875
vt 0.5445765625 0.71875
vt 0.53515625 0.68359375
vt 0.43129531249999997 0.70932968750000003
vt 0.44761093750000003 0.71875
vt 0.45703125 0.68359375
vt 0.5445765625 0.71875
vt 0.5608921875 0.70932968750000003
vt 0.53515625 0.68359375
vt 0.421875 0.69301406249999997
vt 0.43129531249999997 0.70932968750000003
vt 0.45703125 0.68359375
vt 0.5608921875 0.70932968750000003
vt 0.5703125 0.69301406249999997
vt 0.53515625 0.68359375
vt 0.7265625 0.4273890625
vt 0.7265625 0.4085484375
vt 0.69140625 0.41796875
vt 0.6640625 0.4866734375
vt 0.6640625 0.50551406249999997
vt 0.69921875 0.49609375
vt 0.7265625 0.4085484375
vt 0.7171421875 0.3922328125
vt 0.69140625 0.41796875
vt 0.6734828125 0.4703578125
vt 0.6640625 0.4866734375
vt 0.69921875 0.49609375
vt 0.7171421875 0.3922328125
vt 0.7008265625 0.3828125
vt 0.69140625 0.41796875
vt 0.6897984375 0.4609375
vt 0.6734828125 0.4703578125
vt 0.69921875 0.49609375
vt 0.7008265625 0.3828125
vt 0.6819859375 0.3828125
vt 0.69140625 0.41796875
vt 0.7086390625 0.4609375
vt 0.6897984375 0.4609375
vt 0.69921875 0.49609375
vt 0.6819859375 0.3828125
vt 0.6656703125 0.3922328125
vt 0.69140625 0.41796875
vt 0.7249546875 0.4703578125
vt 0.7086390625 0.4609375
vt 0.69921875 0.49609375
vt 0.6656703125 0.3922328125
vt 0.65625 0.4085484375
vt 0.69140625 0.41796875
vt 0.734375 0.4866734375
vt 0.7249546875 0.4703578125
vt 0.69921875 0.49609375
vt 0.65625 0.4085484375
vt 0.65625 0.4273890625
vt 0.69140625 0.41796875
vt 0.734375 0.50551406249999997
vt 0.734375 0.4866734375
vt 0.69921875 0.49609375
vt 0.7171421875 0.4437046875
vt 0.7265625 0.4273890625
vt 0.69140625 0.41796875
vt 0.6640625 0.50551406249999997
vt 0.6734828125 0.52182968750000003
vt 0.69921875 0.49609375
vt 0.7008265625 0.453125
vt 0.7171421875 0.4437046875
vt 0.69140625 0.41796875
vt 0.6734828125 0.52182968750000003
vt 0.6897984375 0.53125
vt 0.69921875 0.49609375
vt 0.6819859375 0.453125
vt 0.7008265625 0.453125
vt 0.69140625 0.41796875
vt 0.6897984375 0.53125
vt 0.7086390625 0.53125
vt 0.69921875 0.49609375
vt 0.6656703125 0.4437046875
vt 0.6819859375 0.453125
vt 0.69140625 0.41796875
vt 0.7086390625 0.53125
vt 0.7249546875 0.52182968750000003
vt 0.69921875 0.49609375
vt 0.65625 0.4273890625
vt 0.6656703125 0.4437046875
vt 0.69140625 0.41796875
vt 0.7249546875 0.52182968750000003
vt 0.734375 0.50551406249999997
vt 0.69921875 0.49609375
vt 0.05048046874999999 0.12898828125
vt 0.05048046874999999 0.1187632812499999
vt 0.016826562500000003 0.12898828125
vt 0.016826562500000003 0.12898828125
vt 0.05048046874999999 0.1187632812499999
vt 0 0.1187632812499999
vt 0.05048046874999999 0.0324804687499999
vt 0.001953125 0.0344335937499999
vt 0.05048046874999999 0.04270625
vt 0.05048046875 0.04270625
vt 0.001953125 0.0344335937499999
vt 0.0009765625 0.0436828125
vt 0.0703125 0.81111875
vt 0.1328125 0.81111875
vt 0.0703125 0.79227812499999994
vt 0.0703125 0.79227812499999994
vt 0.1328125 0.81111875
vt 0.1328125 0.79227812499999994
vt 0.0703125 0.79227812499999994
vt 0.1328125 0.79227812499999994
vt 0.0703125 0.7734375
vt 0.0703125 0.7734375
vt 0.1328125 0.79227812499999994
vt 0.1328125 0.7734375
vt 0.81439375 0.203125
vt 0.81439375 0.140625
vt 0.795553125 0.203125
vt 0.795553125 0.203125
vt 0.81439375 0.140625
vt 0.795553125 0.140625
vt 0.795553125 0.203125
vt 0.795553125 0.140625
vt 0.7767125 0.203125
vt 0.7767125 0.203125
vt 0.795553125 0.140625
vt 0.7767125 0.140625
vt 0.7767125 0.203125
vt 0.7767125 0.140625
vt 0.757871875 0.203125
vt 0.757871875 0.203125
vt 0.7767125 0.140625
vt 0.757871875 0.140625
vt 0.8359375 0.0703125
vt 0.7734375 0.0703125
vt 0.8359375 0.0891531249999999
vt 0.8359375 0.0891531249999999
vt 0.7734375 0.0703125
vt 0.7734375 0.0891531249999999
vt 0.8359375 0.0891531249999999
vt 0.7734375 0.0891531249999999
vt 0.8359375 0.10799375
vt 0.8359375 0.10799375
vt 0.7734375 0.0891531249999999
vt 0.7734375 0.10799375
vt 0.1328125 0.82995937500000005
vt 0.1328125 0.81111875
vt 0.0703125 0.82995937500000005
vt 0.0703125 0.82995937500000005
vt 0.1328125 0.81111875
vt 0.0703125 0.81111875
vt 0.46421250000000003 0.7275390625
vt 0.44537187500000003 0.7275390625
vt 0.46421250000000003 0.7900390625
vt 0.4642125 0.7900390625
vt 0.44537187500000003 0.7275390625
vt 0.445371875 0.7900390625
vt 0.483053125 0.7275390625
vt 0.46421250000000003 0.7275390625
vt 0.483053125 0.7900390625
vt 0.483053125 0.7900390625
vt 0.46421250000000003 0.7275390625
vt 0.46421250000000003 0.7900390625
vt 0.50189375 0.7275390625
vt 0.483053125 0.7275390625
vt 0.50189375 0.7900390625
vt 0.50189375 0.7900390625
vt 0.483053125 0.7275390625
vt 0.483053125 0.7900390625
vt 0.7734375 0.10799375
vt 0.7734375 0.126834375
vt 0.8359375 0.10799375
vt 0.8359375 0.10799375
vt 0.7734375 0.126834375
vt 0.8359375 0.126834375
vt 0.734375 0.75643125
vt 0.796875 0.75643125
vt 0.734375 0.73759062500000006
vt 0.734375 0.73759062500000006
vt 0.796875 0.75643125
vt 0.796875 0.73759062500000006
vt 0.734375 0.73759062500000006
vt 0.796875 0.73759062500000006
vt 0.734375 0.71875
vt 0.734375 0.71875
vt 0.796875 0.73759062500000006
vt 0.796875 0.71875
vt 0.71875 0.7890625
vt 0.65625 0.7890625
vt 0.71875 0.80790234375000003
vt 0.71875 0.80790234375000003
vt 0.65625 0.7890625
vt 0.65625 0.80790234375000003
vt 0.71875 0.80790234375000003
vt 0.65625 0.80790234375000003
vt 0.71875 0.82674296874999997
vt 0.71875 0.82674296874999997
vt 0.65625 0.80790234375000003
vt 0.65625 0.82674296874999997
vt 0.71875 0.82674296874999997
vt 0.65625 0.82674296874999997
vt 0.71875 0.8455828125
vt 0.71875 0.8455828125
vt 0.65625 0.82674296874999997
vt 0.65625 0.8455828125
vt 0.8046875 0.46875
vt 0.7421875 0.46875
vt 0.8046875 0.4875906249999999
vt 0.8046875 0.4875906249999999
vt 0.7421875 0.46875
vt 0.7421875 0.4875906249999999
vt 0.8046875 0.4875906249999999
vt 0.7421875 0.4875906249999999
vt 0.8046875 0.50643125
vt 0.8046875 0.50643125
vt 0.7421875 0.4875906249999999
vt 0.7421875 0.50643125
vt 0.796875 0.77527187500000005
vt 0.796875 0.75643125
vt 0.734375 0.77527187500000005
vt 0.734375 0.77527187500000005
vt 0.796875 0.75643125
vt 0.734375 0.75643125
vt 0.534525 0.7900390625
vt 0.51568515625 0.7900390625
vt 0.534525 0.8525390625
vt 0.534525 0.8525390625
vt 0.51568515625 0.7900390625
vt 0.51568515625 0.8525390625
vt 0.553365625 0.7900390625
vt 0.534525 0.7900390625
vt 0.553365625 0.8525390625
vt 0.553365625 0.8525390625
vt 0.534525 0.7900390625
vt 0.534525 0.8525390625
vt 0.57220546875 0.7900390625
vt 0.553365625 0.7900390625
vt 0.57220546875 0.8525390625
vt 0.57220546875 0.8525390625
vt 0.553365625 0.7900390625
vt 0.553365625 0.8525390625
vt 0.7421875 0.50643125
vt 0.7421875 0.52527187500000005
vt 0.8046875 0.50643125
vt 0.8046875 0.50643125
vt 0.7421875 0.52527187500000005
vt 0.8046875 0.52527187500000005
vt 0.012920312500000003 0.5315617187499999
vt 0.016826562500000003 0.51501796874999994
vt 0.001953125 0.50720546874999994
vt 0.1935646007105294 0.64761118923297634
vt 0.19054563577153916 0.63228061599851615
vt 0.16984476273304755 0.63635712435563463
vt 0.18752667083254887 0.61695004276405585
vt 0.18744926934633188 0.5994814079889951
vt 0.1741349351053928 0.6152623998939035
vt 0.016826562500000003 0.0178898437499999
vt 0.001953125 0.0344335937499999
vt 0.016826562500000003 0.0324804687499999
vt 0.15887890625 0.8359375
vt 0.15887890625 0.828125
vt 0.14106093749999998 0.8359375
vt 0.59837421875 0.666015625
vt 0.57838359375 0.6796875
vt 0.59837421875 0.6796875
vt 0.3588713488452603 0.105662094616534
vt 0.33888072384526036 0.095896469616534
vt 0.35450572384526036 0.105662094616534
vt 0.7127315050952603 0.105662094616534
vt 0.6907877550952604 0.095896469616534
vt 0.7083658800952604 0.105662094616534
vt 0.57838359375 0.6796875
vt 0.59837421875 0.666015625
vt 0.58814921875 0.6484375
vt 0.03373330438423277 0.461903125
vt 0.028655179384232767 0.453125
vt 0.02982705438423277 0.461903125
vt 0.24263828125 0.68127704268458555
vt 0.24263828125 0.71344657393458566
vt 0.26772890625 0.68127704268458555
vt 0.26772890625 0.68127704268458555
vt 0.24263828125 0.71344657393458566
vt 0.26772890625 0.71344657393458566
vt 0.016826562500000003 0.51501796874999994
vt 0.012920312500000003 0.5315617187499999
vt 0.033653906250000004 0.51501796874999994
vt 0.033653906250000004 0.51501796874999994
vt 0.012920312500000003 0.5315617187499999
vt 0.029747656250000004 0.5432804687499999
vt 0.033653906250000004 0.51501796874999994
vt 0.029747656250000004 0.5432804687499999
vt 0.05048046874999999 0.51501796874999994
vt 0.050480468749999986 0.51501796874999994
vt 0.05048046874999998 0.55078125
vt 0.06730781249999998 0.51501796874999994
vt 0.0673078125 0.51501796874999994
vt 0.050480468749999986 0.55078125
vt 0.0673078125 0.55078125
vt 0.0673078125 0.51501796874999994
vt 0.0673078125 0.55078125
vt 0.084134375 0.51501796874999994
vt 0.08413437499999998 0.51501796874999994
vt 0.06730781249999998 0.55078125
vt 0.08413437499999998 0.55078125
vt 0.084134375 0.51501796874999994
vt 0.08413437499999998 0.55078125
vt 0.10096171875 0.51501796874999994
vt 0.10096171874999998 0.51501796874999994
vt 0.084134375 0.55078125
vt 0.10096171874999998 0.55078125
vt 0.5978062524567311 7.222085E-09
vt 0.5978062524567311 0.025390632222085
vt 0.6146335962067311 7.222085E-09
vt 0.6146335962067311 7.222085E-09
vt 0.5978062524567311 0.025390632222085
vt 0.6146335962067311 0.025390632222085
vt 0.7222521750106536 0.68275506731526225
vt 0.722843881441508 0.7043196072171556
vt 0.7390731877563488 0.6822935178706465
vt 0.7390731877563488 0.6822935178706465
vt 0.722843881441508 0.7043196072171556
vt 0.7396648941872033 0.70385805777253985
vt 0.7218104255422124 0.66665565797627224
vt 0.7222521750106536 0.68275506731526225
vt 0.7386314382879076 0.6661941085316565
vt 0.7386314382879076 0.6661941085316565
vt 0.7222521750106536 0.68275506731526225
vt 0.7390731877563488 0.6822935178706465
vt 0.720214453125 0.1883546875
vt 0.720214453125 0.2041015625
vt 0.737041796875 0.1883546875
vt 0.7381995245219168 0.65045315802781556
vt 0.7218104255422124 0.66665565797627224
vt 0.7386314382879076 0.6661941085316565
vt 0.5809796899567311 7.222085E-09
vt 0.5809796899567311 0.025390632222085
vt 0.5978062524567311 7.222085E-09
vt 0.5978062524567311 7.222085E-09
vt 0.5809796899567311 0.025390632222085
vt 0.5978062524567311 0.025390632222085
vt 0.7054319432210263 0.6832165953313324
vt 0.7060236496518808 0.7047811352332257
vt 0.7222521750106535 0.68275506731526225
vt 0.7222521750106535 0.68275506731526225
vt 0.7060236496518808 0.7047811352332257
vt 0.722843881441508 0.7043196072171556
vt 0.7049901937525851 0.6671171859923424
vt 0.7054319432210263 0.6832165953313324
vt 0.7218104255422124 0.66665565797627224
vt 0.7218104255422124 0.66665565797627224
vt 0.7054319432210263 0.6832165953313324
vt 0.7222521750106535 0.68275506731526225
vt 0.7049963497208149 0.6518320229739393
vt 0.7049963497208149 0.6675788979739393
vt 0.721822912220815 0.6518320229739393
vt 0.720214453125 0.1883546875
vt 0.703387890625 0.2041015625
vt 0.720214453125 0.2041015625
vt 0.564152346206731 7.222085E-09
vt 0.564152346206731 0.025390632222085
vt 0.5809796899567311 7.222085E-09
vt 0.5809796899567311 7.222085E-09
vt 0.564152346206731 0.025390632222085
vt 0.5809796899567311 0.025390632222085
vt 0.6886109304753312 0.6836781447759481
vt 0.6892026369061856 0.70524268467784146
vt 0.7054319432210263 0.6832165953313324
vt 0.7054319432210263 0.6832165953313324
vt 0.6892026369061856 0.70524268467784146
vt 0.7060236496518808 0.7047811352332257
vt 0.68816918100689 0.6675787354369581
vt 0.6886109304753312 0.6836781447759481
vt 0.7049901937525851 0.6671171859923424
vt 0.7049901937525851 0.6671171859923424
vt 0.6886109304753312 0.6836781447759481
vt 0.7054319432210263 0.6832165953313324
vt 0.6881690059708149 0.6518320229739393
vt 0.6881690059708149 0.6675788979739393
vt 0.7049963497208149 0.6518320229739393
vt 0.7049963497208149 0.6518320229739393
vt 0.6881690059708149 0.6675788979739393
vt 0.7049963497208149 0.6675788979739393
vt 0.5471442542363666 0.0096465645620872
vt 0.5468781225432688 0.0253906394441701
vt 0.564152346206731 7.222085E-09
vt 0.564152346206731 7.222085E-09
vt 0.5468781274567311 0.025390632222085
vt 0.564152346206731 0.025390632222085
vt 0.671342443470815 0.6832038979739393
vt 0.6704690667416344 0.6989256896606676
vt 0.6886109315106358 0.6836781825072764
vt 0.671342443470815 0.6675788979739393
vt 0.671342443470815 0.6832038979739393
vt 0.6881690059708149 0.6675788979739393
vt 0.68816918100689 0.6675787354369581
vt 0.671342443470815 0.6832038979739393
vt 0.6886109315106358 0.6836781825072764
vt 0.671342443470815 0.6518320229739393
vt 0.671342443470815 0.6675788979739393
vt 0.6881690059708149 0.6518320229739393
vt 0.6881690059708149 0.6518320229739393
vt 0.671342443470815 0.6675788979739393
vt 0.6881690059708149 0.6675788979739393
vt 0.01465908481540365 0.08643359375
vt 0.011965165664446682 0.1029025532162824
vt 0.03411235125424317 0.0861408666727647
vt 0.034033303565403655 0.0546875
vt 0.016303616065403658 0.0704125
vt 0.03485595981540365 0.0704125
vt 0.671342443470815 0.6675788979739393
vt 0.6544025997208149 0.6832038979739393
vt 0.671342443470815 0.6832038979739393
vt 0.6369596309708149 0.6832038979739393
vt 0.633022912220815 0.6994203042239393
vt 0.6544025997208149 0.6832038979739393
vt 0.7625017751804857 0.1063730090199291
vt 0.7401931879738897 0.1212862527263358
vt 0.7589877156459055 0.1220902999357312
vt 0.6369596309708149 0.6675788979739393
vt 0.636959630970815 0.6832038979739393
vt 0.6544025997208149 0.6675788979739393
vt 0.6544025997208149 0.6675788979739393
vt 0.636959630970815 0.6832038979739393
vt 0.6544025997208149 0.6832038979739393
vt 0.6540721319940602 0.65219941230248346
vt 0.6369654223124259 0.66819185638341594
vt 0.6544044456194451 0.6678208780677176
vt 0.421875 0.6171875
vt 0.423809375 0.63758046874999996
vt 0.4434078125 0.62217265624999996
vt 0.443407848799618 0.62217262771212767
vt 0.423809375 0.63758046874999996
vt 0.4399895088309446 0.63829930250791
vt 0.2273018175952603 0.136912094616534
vt 0.2273018175952603 0.152537094616534
vt 0.2540135363452603 0.136912094616534
vt 0.2540135363452603 0.136912094616534
vt 0.2273018175952603 0.152537094616534
vt 0.2540135363452603 0.152537094616534
vt 0.2273199076729001 0.1048182676736764
vt 0.22675603731951427 0.1204330899661193
vt 0.2540142271229459 0.1057822322363072
vt 0.2540135363452603 0.105662094616534
vt 0.2273018175952603 0.121287094616534
vt 0.2540135363452603 0.121287094616534
vt 0.25378072225002646 0.0900369870498348
vt 0.2273199076729001 0.1048182676736764
vt 0.2540142271229459 0.1057822322363072
vt 0.19054563577153916 0.63228061599851615
vt 0.1935646007105294 0.64761118923297634
vt 0.21066471355578298 0.62831867736083225
vt 0.20462678367780246 0.59765753089191187
vt 0.18752667083254887 0.61695004276405585
vt 0.20764574861679275 0.61298810412637206
vt 0.17438213418544596 0.59951839240862903
vt 0.1491877971946976 0.6153548033823084
vt 0.17413450386016865 0.6152631583466075
vt 0.1490179166418671 0.58410528102293
vt 0.16519928339955853 0.6002541512503975
vt 0.1662884269910025 0.58449910494349244
vt 0.15026790816726732 0.568047572960213
vt 0.1490179166418671 0.58410528102293
vt 0.1675376374694441 0.5684413790703594
vt 0.1675376374694441 0.5684413790703594
vt 0.1490179166418671 0.58410528102293
vt 0.1662884269910025 0.58449910494349244
vt 0.16515906899016597 0.5995921174589487
vt 0.11530750649016598 0.61535539870894873
vt 0.149187193990166 0.61535539870894873
vt 0.11530750649016598 0.58410539870894873
vt 0.11530750649016598 0.59973039870894873
vt 0.14901766274016598 0.58410539870894873
vt 0.1490179166418671 0.58410528102293
vt 0.11530750649016598 0.59973039870894873
vt 0.1651992886436464 0.60025415648395386
vt 0.13233250649016598 0.5682093049589487
vt 0.11530750649016598 0.58410539870894873
vt 0.14901766274016598 0.58410539870894873
vt 0.23341406250000002 0.68127704268458555
vt 0.23341406250000002 0.71344657393458566
vt 0.24263828125 0.68127704268458555
vt 0.24263828125 0.68127704268458555
vt 0.23341406250000002 0.71344657393458566
vt 0.24263828125 0.71344657393458566
vt 0.23341574856686453 0.64893037792290287
vt 0.23341574856686453 0.6811585241434579
vt 0.24263828125 0.6490489176845856
vt 0.24263828125 0.6490489176845856
vt 0.23341574856686453 0.6811585241434579
vt 0.24263828125 0.68127706390514065
vt 0.22698359375 0.68127704268458555
vt 0.22698359375 0.71344657393458566
vt 0.23341406250000002 0.68127704268458555
vt 0.23341406250000002 0.68127704268458555
vt 0.22698359375 0.71344657393458566
vt 0.23341406250000002 0.71344657393458566
vt 0.22699023702985538 0.648693234175974
vt 0.22698938186408246 0.68092210011450394
vt 0.23341574856686453 0.64893037792290287
vt 0.23341574856686453 0.64893037792290287
vt 0.22698938186408246 0.68092210011450394
vt 0.23341574856686453 0.6811585442939765
vt 0.5040698387721123 0.0265788870619502
vt 0.536239367287503 0.0265656227417574
vt 0.5040588850857379 1.32643201928E-05
vt 0.5040588850857379 1.32643201928E-05
vt 0.536239367287503 0.0265656227417574
vt 0.5362284136011286 0
vt 0.5039159108832223 0.0426563050204551
vt 0.5360839349050956 0.0429677072890877
vt 0.5040683412236201 0.0269101678034438
vt 0.47174866807474536 0.0423449103143518
vt 0.5039159108832223 0.0426563050204551
vt 0.47190109841514316 0.0265987730973405
vt 0.47190109841514316 0.0265987730973405
vt 0.5039159108832223 0.0426563050204551
vt 0.5040683412236201 0.0269101678034438
vt 0.439391204485206 0.0417896301839579
vt 0.4716086926658011 0.042617577252822
vt 0.4396777950131244 0.0260457027552927
vt 0.5680987473731748 0.0590252392122025
vt 0.600266771395048 0.0593366414808351
vt 0.5682511777135726 0.043279101995191
vt 0.5682511777135726 0.043279101995191
vt 0.600266771395048 0.0593366414808351
vt 0.6004192017354458 0.0435905042638237
vt 0.5359315045646978 0.0587138445060992
vt 0.5680987473731748 0.0590252392122025
vt 0.5360839349050956 0.0429677072890877
vt 0.5360839349050956 0.0429677072890877
vt 0.5680987473731748 0.0590252392122025
vt 0.5682511777135726 0.043279101995191
vt 0.5039159108832223 0.0426563050204551
vt 0.5359315045646978 0.0587138445060992
vt 0.5360839349050956 0.0429677072890877
vt 0.47174866807474536 0.0423449103143518
vt 0.5037634805428246 0.0584024422374665
vt 0.5039159108832223 0.0426563050204551
vt 0.4392940050952603 0.057602719616534
vt 0.4714635363452603 0.057602719616534
vt 0.4392940050952603 0.041496469616534
vt 0.439391204485206 0.0417896301839579
vt 0.471322883130033 0.0583615247519581
vt 0.4716086926658011 0.042617577252822
vt 0.7288168660484762 0.074412282771519
vt 0.747722334020636 0.0744068595924857
vt 0.7189584982551867 0.0506901097440824
vt 0.3232065487973628 0.1852978536176226
vt 0.3553760800473628 0.1852978536176226
vt 0.3232065487973628 0.1686103536176226
vt 0.2910377987973628 0.1852978536176226
vt 0.3232065487973628 0.1852978536176226
vt 0.2910377987973628 0.1686103536176226
vt 0.2910377987973628 0.1686103536176226
vt 0.3232065487973628 0.1852978536176226
vt 0.3232065487973628 0.1686103536176226
vt 0.25886826754736286 0.1852978536176226
vt 0.29103779879736286 0.1852978536176226
vt 0.25886826754736286 0.1686103536176226
vt 0.25886826754736286 0.1686103536176226
vt 0.2910377987973628 0.1852978536176226
vt 0.2910377987973628 0.1686103536176226
vt 0.4714635363452603 0.0742902196165339
vt 0.5036322863452602 0.0742902196165339
vt 0.4714635363452603 0.057602719616534
vt 0.22669951754736284 0.1686103536176226
vt 0.25886826754736286 0.1852978536176226
vt 0.25886826754736286 0.1686103536176226
vt 0.4392940050952603 0.0742902196165339
vt 0.4714635363452603 0.0742902196165339
vt 0.4392940050952603 0.057602719616534
vt 0.4392940050952603 0.057602719616534
vt 0.4714635363452603 0.0742902196165339
vt 0.4714635363452603 0.057602719616534
vt 0.4071252550952603 0.0742902196165339
vt 0.4392940050952603 0.0742902196165339
vt 0.4071252550952603 0.057602719616534
vt 0.4071252550952603 0.057602719616534
vt 0.4392940050952603 0.0742902196165339
vt 0.4392940050952603 0.057602719616534
vt 0.39104088009526033 0.057602719616534
vt 0.3749557238452603 0.057602719616534
vt 0.39104088009526033 0.0742902196165339
vt 0.3749557238452603 0.0742902196165339
vt 0.3749557238452603 0.057602719616534
vt 0.3588713488452603 0.0742902196165339
vt 0.3588713488452603 0.0742902196165339
vt 0.3749557238452603 0.057602719616534
vt 0.3588713488452603 0.057602719616534
vt 0.31061744259526036 0.0742902196165339
vt 0.31061744259526036 0.0611877405657821
vt 0.2945085304464674 0.0738530257586335
vt 0.2945084844244021 0.0738530619424911
vt 0.31061744259526036 0.0611877405657821
vt 0.2736419472506342 0.0613863468571793
vt 0.7288166613452602 0.090037094616534
vt 0.7458158800952603 0.090037094616534
vt 0.7288166613452602 0.074412094616534
vt 0.7288168660484762 0.074412282771519
vt 0.7458158800952603 0.090037094616534
vt 0.747722334020636 0.0744068595924857
vt 0.7288166613452602 0.090037094616534
vt 0.7288166613452602 0.074412094616534
vt 0.7127315050952603 0.090037094616534
vt 0.7127315050952603 0.090037094616534
vt 0.7288166613452602 0.074412094616534
vt 0.7127315050952603 0.074412094616534
vt 0.6644783800952603 0.090037094616534
vt 0.6966471300952604 0.090037094616534
vt 0.6644783800952603 0.074412094616534
vt 0.6644783800952603 0.090037094616534
vt 0.6644783800952603 0.074412094616534
vt 0.6483932238452603 0.090037094616534
vt 0.6483932238452603 0.090037094616534
vt 0.6644783800952603 0.074412094616534
vt 0.6483932238452603 0.074412094616534
vt 0.6001400988452603 0.090037094616534
vt 0.6323088488452604 0.090037094616534
vt 0.6001400988452603 0.0742902196165339
vt 0.5679705675952603 0.090037094616534
vt 0.6001400988452603 0.090037094616534
vt 0.5679705675952603 0.0742902196165339
vt 0.5679705675952603 0.0742902196165339
vt 0.6001400988452603 0.090037094616534
vt 0.6001400988452603 0.0742902196165339
vt 0.5358018175952604 0.090037094616534
vt 0.5679705675952603 0.090037094616534
vt 0.5358018175952604 0.0742902196165339
vt 0.5358018175952604 0.0742902196165339
vt 0.5679705675952603 0.090037094616534
vt 0.5679705675952603 0.0742902196165339
vt 0.5036322863452602 0.090037094616534
vt 0.5358018175952604 0.090037094616534
vt 0.5036322863452602 0.0742902196165339
vt 0.5036322863452602 0.0742902196165339
vt 0.5358018175952604 0.090037094616534
vt 0.5358018175952604 0.0742902196165339
vt 0.4714635363452603 0.090037094616534
vt 0.5036322863452602 0.090037094616534
vt 0.4714635363452603 0.0742902196165339
vt 0.4714635363452603 0.0742902196165339
vt 0.5036322863452602 0.090037094616534
vt 0.5036322863452602 0.0742902196165339
vt 0.4392940050952603 0.090037094616534
vt 0.4714635363452603 0.090037094616534
vt 0.4392940050952603 0.0742902196165339
vt 0.4392940050952603 0.0742902196165339
vt 0.4714635363452603 0.090037094616534
vt 0.4714635363452603 0.0742902196165339
vt 0.4071252550952603 0.090037094616534
vt 0.4392940050952603 0.090037094616534
vt 0.4071252550952603 0.0742902196165339
vt 0.4071252550952603 0.0742902196165339
vt 0.4392940050952603 0.090037094616534
vt 0.4392940050952603 0.0742902196165339
vt 0.39104088009526033 0.0742902196165339
vt 0.3749557238452603 0.0742902196165339
vt 0.39104088009526033 0.090037094616534
vt 0.3749557238452603 0.090037094616534
vt 0.3749557238452603 0.0742902196165339
vt 0.3588713488452603 0.090037094616534
vt 0.3588713488452603 0.090037094616534
vt 0.3749557238452603 0.0742902196165339
vt 0.3588713488452603 0.0742902196165339
vt 0.31061744259526036 0.090037094616534
vt 0.34278697384526036 0.090037094616534
vt 0.31061744259526036 0.0742902196165339
vt 0.31061744259526036 0.090037094616534
vt 0.31061744259526036 0.0742902196165339
vt 0.2945330675952603 0.090037094616534
vt 0.7288166613452602 0.105662094616534
vt 0.7458158800952603 0.105662094616534
vt 0.7288166613452602 0.090037094616534
vt 0.7288166613452602 0.090037094616534
vt 0.7458158800952603 0.105662094616534
vt 0.7458158800952603 0.090037094616534
vt 0.7288166613452602 0.105662094616534
vt 0.7288166613452602 0.090037094616534
vt 0.7127315050952603 0.105662094616534
vt 0.7127315050952603 0.105662094616534
vt 0.7288166613452602 0.090037094616534
vt 0.7127315050952603 0.090037094616534
vt 0.6703377550952603 0.095896469616534
vt 0.6644783800952603 0.090037094616534
vt 0.6483932238452603 0.105662094616534
vt 0.6483932238452603 0.105662094616534
vt 0.6644783800952603 0.090037094616534
vt 0.6483932238452603 0.090037094616534
vt 0.6001400988452603 0.105662094616534
vt 0.6323088488452604 0.105662094616534
vt 0.6001400988452603 0.090037094616534
vt 0.5679705675952603 0.105662094616534
vt 0.6001400988452603 0.105662094616534
vt 0.5679705675952603 0.090037094616534
vt 0.5679705675952603 0.090037094616534
vt 0.6001400988452603 0.105662094616534
vt 0.6001400988452603 0.090037094616534
vt 0.5358018175952604 0.105662094616534
vt 0.5679705675952603 0.105662094616534
vt 0.5358018175952604 0.090037094616534
vt 0.5358018175952604 0.090037094616534
vt 0.5679705675952603 0.105662094616534
vt 0.5679705675952603 0.090037094616534
vt 0.5036322863452602 0.105662094616534
vt 0.5358018175952604 0.105662094616534
vt 0.5036322863452602 0.090037094616534
vt 0.5036322863452602 0.090037094616534
vt 0.5358018175952604 0.105662094616534
vt 0.5358018175952604 0.090037094616534
vt 0.4714635363452603 0.105662094616534
vt 0.5036322863452602 0.105662094616534
vt 0.4714635363452603 0.090037094616534
vt 0.4714635363452603 0.090037094616534
vt 0.5036322863452602 0.105662094616534
vt 0.5036322863452602 0.090037094616534
vt 0.4392940050952603 0.105662094616534
vt 0.4714635363452603 0.105662094616534
vt 0.4392940050952603 0.090037094616534
vt 0.4392940050952603 0.090037094616534
vt 0.4714635363452603 0.105662094616534
vt 0.4714635363452603 0.090037094616534
vt 0.4071252550952603 0.105662094616534
vt 0.4392940050952603 0.105662094616534
vt 0.4071252550952603 0.090037094616534
vt 0.4071252550952603 0.090037094616534
vt 0.4392940050952603 0.105662094616534
vt 0.4392940050952603 0.090037094616534
vt 0.39104088009526033 0.090037094616534
vt 0.3749557238452603 0.090037094616534
vt 0.39104088009526033 0.105662094616534
vt 0.39104088009526033 0.105662094616534
vt 0.3749557238452603 0.090037094616534
vt 0.3749557238452603 0.105662094616534
vt 0.3749557238452603 0.105662094616534
vt 0.3749557238452603 0.090037094616534
vt 0.3588713488452603 0.105662094616534
vt 0.31647681759526036 0.095896469616534
vt 0.31061744259526036 0.090037094616534
vt 0.2945330675952603 0.105662094616534
vt 0.2945330675952603 0.105662094616534
vt 0.31061744259526036 0.090037094616534
vt 0.2945330675952603 0.090037094616534
vt 0.7288166613452602 0.121287094616534
vt 0.7401932238452604 0.121287094616534
vt 0.7288166613452602 0.105662094616534
vt 0.7288166613452602 0.105662094616534
vt 0.7401135363452604 0.121344907116534
vt 0.7458158800952603 0.105662094616534
vt 0.7288166613452602 0.121287094616534
vt 0.7288166613452602 0.105662094616534
vt 0.7185908800952603 0.123240219616534
vt 0.7185908800952603 0.123240219616534
vt 0.7288166613452602 0.105662094616534
vt 0.7127315050952603 0.105662094616534
vt 0.1997365393977605 0.736328125
vt 0.25338966439776056 0.736328125
vt 0.2153615393977605 0.7265625
vt 0.2153615393977605 0.7265625
vt 0.25338966439776056 0.736328125
vt 0.23581153939776053 0.7265625
vt 0.6001400988452603 0.121287094616534
vt 0.6323088488452604 0.121287094616534
vt 0.6001400988452603 0.105662094616534
vt 0.5679705675952603 0.121287094616534
vt 0.6001400988452603 0.121287094616534
vt 0.5679705675952603 0.105662094616534
vt 0.5679705675952603 0.105662094616534
vt 0.6001400988452603 0.121287094616534
vt 0.6001400988452603 0.105662094616534
vt 0.5358018175952604 0.121287094616534
vt 0.5679705675952603 0.121287094616534
vt 0.5358018175952604 0.105662094616534
vt 0.5358018175952604 0.105662094616534
vt 0.5679705675952603 0.121287094616534
vt 0.5679705675952603 0.105662094616534
vt 0.5036322863452602 0.121287094616534
vt 0.5358018175952604 0.121287094616534
vt 0.5036322863452602 0.105662094616534
vt 0.5036322863452602 0.105662094616534
vt 0.5358018175952604 0.121287094616534
vt 0.5358018175952604 0.105662094616534
vt 0.4714635363452603 0.121287094616534
vt 0.5036322863452602 0.121287094616534
vt 0.4714635363452603 0.105662094616534
vt 0.4714635363452603 0.105662094616534
vt 0.5036322863452602 0.121287094616534
vt 0.5036322863452602 0.105662094616534
vt 0.4392940050952603 0.121287094616534
vt 0.4714635363452603 0.121287094616534
vt 0.4392940050952603 0.105662094616534
vt 0.4392940050952603 0.105662094616534
vt 0.4714635363452603 0.121287094616534
vt 0.4714635363452603 0.105662094616534
vt 0.4071252550952603 0.121287094616534
vt 0.4392940050952603 0.121287094616534
vt 0.4071252550952603 0.105662094616534
vt 0.4071252550952603 0.105662094616534
vt 0.4392940050952603 0.121287094616534
vt 0.4392940050952603 0.105662094616534
vt 0.39104088009526033 0.105662094616534
vt 0.3749557238452603 0.105662094616534
vt 0.39104088009526033 0.121287094616534
vt 0.39104088009526033 0.121287094616534
vt 0.3749557238452603 0.105662094616534
vt 0.3749557238452603 0.121287094616534
vt 0.3749557238452603 0.121287094616534
vt 0.3749557238452603 0.105662094616534
vt 0.36473072384526034 0.123240219616534
vt 0.36473072384526034 0.123240219616534
vt 0.3749557238452603 0.105662094616534
vt 0.3588713488452603 0.105662094616534
vt 0.284437890625 0.736328125
vt 0.338091796875 0.736328125
vt 0.300062890625 0.7265625
vt 0.300062890625 0.7265625
vt 0.338091796875 0.736328125
vt 0.322466796875 0.7265625
vt 0.2540135363452603 0.121287094616534
vt 0.2784486925952603 0.121287094616534
vt 0.2540135363452603 0.105662094616534
vt 0.2540135363452603 0.105662094616534
vt 0.2784486925952603 0.121287094616534
vt 0.2784486925952603 0.105662094616534
vt 0.7176143175952603 0.152567563366534
vt 0.7288166613452602 0.136912094616534
vt 0.7185908800952603 0.136912094616534
vt 0.20950174185136325 0.78361336851494545
vt 0.2095018851435037 0.76757821226558565
vt 0.18755721060223945 0.78361317241589878
vt 0.18755721060223945 0.78361317241589878
vt 0.2095018851435037 0.76757821226558565
vt 0.1875573538943799 0.76757801616653898
vt 0.6001400988452603 0.152537094616534
vt 0.6323088488452604 0.152537094616534
vt 0.6001400988452603 0.136912094616534
vt 0.6001400988452603 0.136912094616534
vt 0.6323088488452604 0.152537094616534
vt 0.6323088488452604 0.136912094616534
vt 0.5679705675952603 0.152537094616534
vt 0.6001400988452603 0.152537094616534
vt 0.5679705675952603 0.136912094616534
vt 0.5679705675952603 0.136912094616534
vt 0.6001400988452603 0.152537094616534
vt 0.6001400988452603 0.136912094616534
vt 0.5358018175952604 0.152537094616534
vt 0.5679705675952603 0.152537094616534
vt 0.5358018175952604 0.136912094616534
vt 0.5358018175952604 0.136912094616534
vt 0.5679705675952603 0.152537094616534
vt 0.5679705675952603 0.136912094616534
vt 0.5036322863452602 0.152537094616534
vt 0.5358018175952604 0.152537094616534
vt 0.5036322863452602 0.136912094616534
vt 0.5036322863452602 0.136912094616534
vt 0.5358018175952604 0.152537094616534
vt 0.5358018175952604 0.136912094616534
vt 0.4714635363452603 0.152537094616534
vt 0.5036322863452602 0.152537094616534
vt 0.4714635363452603 0.136912094616534
vt 0.4714635363452603 0.136912094616534
vt 0.5036322863452602 0.152537094616534
vt 0.5036322863452602 0.136912094616534
vt 0.4392940050952603 0.152537094616534
vt 0.4714635363452603 0.152537094616534
vt 0.4392940050952603 0.136912094616534
vt 0.4392940050952603 0.136912094616534
vt 0.4714635363452603 0.152537094616534
vt 0.4714635363452603 0.136912094616534
vt 0.4071252550952603 0.152537094616534
vt 0.4392940050952603 0.152537094616534
vt 0.4071252550952603 0.136912094616534
vt 0.4071252550952603 0.136912094616534
vt 0.4392940050952603 0.152537094616534
vt 0.4392940050952603 0.136912094616534
vt 0.39104088009526033 0.136912094616534
vt 0.3749557238452603 0.136912094616534
vt 0.39104088009526033 0.152537094616534
vt 0.3749557238452603 0.152537094616534
vt 0.3749557238452603 0.136912094616534
vt 0.36473072384526034 0.152537094616534
vt 0.36473072384526034 0.152537094616534
vt 0.3749557238452603 0.136912094616534
vt 0.36473072384526034 0.136912094616534
vt 0.293744140625 0.78361328124999996
vt 0.325913671875 0.78361328124999996
vt 0.294203515625 0.767578125
vt 0.293744140625 0.78361328124999996
vt 0.294203515625 0.767578125
vt 0.273753515625 0.78361328124999996
vt 0.2540135363452603 0.152537094616534
vt 0.2784486925952603 0.152537094616534
vt 0.2540135363452603 0.136912094616534
vt 0.2540135363452603 0.136912094616534
vt 0.2784486925952603 0.152537094616534
vt 0.2784486925952603 0.136912094616534
vt 0.016826562500000003 0.1611570312499999
vt 0.016826562500000003 0.12898828125
vt 0 0.1611570312499999
vt 0 0.1611570312499999
vt 0.016826562500000003 0.12898828125
vt 0 0.12898828125
vt 0.016826562500000003 0.1933265624999999
vt 0.016826562500000003 0.1611570312499999
vt 0 0.1933265624999999
vt 0 0.1933265624999999
vt 0.016826562500000003 0.1611570312499999
vt 0 0.1611570312499999
vt 0.016826562500000003 0.2254953124999999
vt 0.016826562500000003 0.1933265624999999
vt 0 0.2254953124999999
vt 0 0.2254953124999999
vt 0.016826562500000003 0.1933265624999999
vt 0 0.1933265624999999
vt 0.016826562500000003 0.25766484375
vt 0.016826562500000003 0.2254953124999999
vt 0 0.25766484375
vt 0 0.25766484375
vt 0.016826562500000003 0.2254953124999999
vt 0 0.2254953124999999
vt 0.016826562500000003 0.2898335937499998
vt 0.016826562500000003 0.25766484375
vt 0 0.2898335937499998
vt 0 0.2898335937499998
vt 0.016826562500000003 0.25766484375
vt 0 0.25766484375
vt 0.016826562500000003 0.322003125
vt 0.016826562500000003 0.2898335937499998
vt 0 0.322003125
vt 0 0.322003125
vt 0.016826562500000003 0.2898335937499998
vt 0 0.2898335937499998
vt 0.016826562500000003 0.3541718749999999
vt 0.016826562500000003 0.322003125
vt 0 0.3541718749999999
vt 0 0.3541718749999999
vt 0.016826562500000003 0.322003125
vt 0 0.322003125
vt 0.016826562500000003 0.51501796874999994
vt 0.016826562500000003 0.4828484375
vt 0.001953125 0.50720546874999994
vt 0.001953125 0.50720546874999994
vt 0.016826562500000003 0.4828484375
vt 0 0.4828484375
vt 0.033653906250000004 0.0324804687499999
vt 0.033653906250000004 0.0042179687499999
vt 0.016826562500000003 0.0324804687499999
vt 0.016826562500000003 0.0324804687499999
vt 0.033653906250000004 0.0042179687499999
vt 0.016826562500000003 0.0178898437499999
vt 0.321777734375 0.1494140625
vt 0.321777734375 0.1172453125
vt 0.304950390625 0.1494140625
vt 0.033653906250000004 0.1933265624999999
vt 0.033653906250000004 0.1611570312499999
vt 0.016826562500000003 0.1933265624999999
vt 0.016826562500000003 0.1933265624999999
vt 0.033653906250000004 0.1611570312499999
vt 0.016826562500000003 0.1611570312499999
vt 0.033653906250000004 0.2254953124999999
vt 0.033653906250000004 0.1933265624999999
vt 0.016826562500000003 0.2254953124999999
vt 0.016826562500000003 0.2254953124999999
vt 0.033653906250000004 0.1933265624999999
vt 0.016826562500000003 0.1933265624999999
vt 0.033653906250000004 0.25766484375
vt 0.033653906250000004 0.2254953124999999
vt 0.016826562500000003 0.25766484375
vt 0.016826562500000003 0.25766484375
vt 0.033653906250000004 0.2254953124999999
vt 0.016826562500000003 0.2254953124999999
vt 0.033653906250000004 0.2898335937499998
vt 0.033653906250000004 0.25766484375
vt 0.016826562500000003 0.2898335937499998
vt 0.016826562500000003 0.2898335937499998
vt 0.033653906250000004 0.25766484375
vt 0.016826562500000003 0.25766484375
vt 0.033653906250000004 0.322003125
vt 0.033653906250000004 0.2898335937499998
vt 0.016826562500000003 0.322003125
vt 0.016826562500000003 0.322003125
vt 0.033653906250000004 0.2898335937499998
vt 0.016826562500000003 0.2898335937499998
vt 0.033653906250000004 0.3541718749999999
vt 0.033653906250000004 0.322003125
vt 0.016826562500000003 0.3541718749999999
vt 0.016826562500000003 0.3541718749999999
vt 0.033653906250000004 0.322003125
vt 0.016826562500000003 0.322003125
vt 0.033653906250000004 0.51501796874999994
vt 0.033653906250000004 0.4828484375
vt 0.016826562500000003 0.51501796874999994
vt 0.05048046874999999 0.0324804687499999
vt 0.05048046874999999 0.0003117187499999
vt 0.033653906250000004 0.0324804687499999
vt 0.033653906250000004 0.0324804687499999
vt 0.05048046874999999 0.0003117187499999
vt 0.033653906250000004 0.0042179687499999
vt 0.05048046874999999 0.1611570312499999
vt 0.05048046874999999 0.12898828125
vt 0.033653906250000004 0.1611570312499999
vt 0.05048046875 0.1933265624999999
vt 0.05048046875 0.1611570312499999
vt 0.033653906250000004 0.1933265624999999
vt 0.033653906250000004 0.1933265624999999
vt 0.05048046874999999 0.1611570312499999
vt 0.033653906250000004 0.1611570312499999
vt 0.05048046874999999 0.2254953124999999
vt 0.05048046874999999 0.1933265624999999
vt 0.033653906250000004 0.2254953124999999
vt 0.033653906250000004 0.2254953124999999
vt 0.05048046875 0.1933265624999999
vt 0.033653906250000004 0.1933265624999999
vt 0.05048046874999999 0.25766484375
vt 0.05048046874999999 0.2254953124999999
vt 0.033653906250000004 0.25766484375
vt 0.033653906250000004 0.25766484375
vt 0.05048046874999999 0.2254953124999999
vt 0.033653906250000004 0.2254953124999999
vt 0.05048046874999999 0.2898335937499998
vt 0.05048046874999999 0.25766484375
vt 0.033653906250000004 0.2898335937499998
vt 0.033653906250000004 0.2898335937499998
vt 0.05048046874999999 0.25766484375
vt 0.033653906250000004 0.25766484375
vt 0.05048046874999999 0.322003125
vt 0.05048046874999999 0.2898335937499998
vt 0.033653906250000004 0.322003125
vt 0.033653906250000004 0.322003125
vt 0.05048046874999999 0.2898335937499998
vt 0.033653906250000004 0.2898335937499998
vt 0.05048046874999999 0.3541718749999999
vt 0.05048046874999999 0.322003125
vt 0.033653906250000004 0.3541718749999999
vt 0.033653906250000004 0.3541718749999999
vt 0.05048046874999999 0.322003125
vt 0.033653906250000004 0.322003125
vt 0.05048046874999999 0.51501796874999994
vt 0.05048046874999999 0.4828484375
vt 0.033653906250000004 0.51501796874999994
vt 0.033653906250000004 0.51501796874999994
vt 0.05048046874999999 0.4828484375
vt 0.033653906250000004 0.4828484375
vt 0.0673078125 0.0324804687499999
vt 0.0673078125 0.0003117187499999
vt 0.05048046874999999 0.0324804687499999
vt 0.05048046874999999 0.0324804687499999
vt 0.0673078125 0.0003117187499999
vt 0.05048046874999999 0.0003117187499999
vt 0.0673078125 0.0324804687499999
vt 0.05048046874999999 0.0324804687499999
vt 0.0673078125 0.048565625
vt 0.0673078125 0.048565625
vt 0.05048046874999999 0.0324804687499999
vt 0.05048046874999999 0.04270625
vt 0.0673078125 0.09681875
vt 0.0673078125 0.0646499999999999
vt 0.05048046874999999 0.09681875
vt 0.05048046874999999 0.09681875
vt 0.0673078125 0.0646499999999999
vt 0.05048046874999999 0.0646499999999999
vt 0.0673078125 0.09681875
vt 0.05048046874999999 0.09681875
vt 0.0673078125 0.1129039062499999
vt 0.0673078125 0.1129039062499999
vt 0.05048046874999999 0.09681875
vt 0.05048046874999999 0.1187632812499999
vt 0.06730781250000001 0.1611570312499999
vt 0.06730781250000001 0.12898828125
vt 0.05048046875 0.1611570312499999
vt 0.05048046874999999 0.1611570312499999
vt 0.0673078125 0.12898828125
vt 0.05048046874999999 0.12898828125
vt 0.0673078125 0.1933265624999999
vt 0.0673078125 0.1611570312499999
vt 0.05048046874999999 0.1933265624999999
vt 0.05048046875 0.1933265624999999
vt 0.06730781250000001 0.1611570312499999
vt 0.05048046875 0.1611570312499999
vt 0.0673078125 0.2254953124999999
vt 0.0673078125 0.1933265624999999
vt 0.05048046874999999 0.2254953124999999
vt 0.05048046874999999 0.2254953124999999
vt 0.0673078125 0.1933265624999999
vt 0.05048046874999999 0.1933265624999999
vt 0.0673078125 0.25766484375
vt 0.0673078125 0.2254953124999999
vt 0.05048046874999999 0.25766484375
vt 0.05048046874999999 0.25766484375
vt 0.0673078125 0.2254953124999999
vt 0.05048046874999999 0.2254953124999999
vt 0.0673078125 0.2898335937499998
vt 0.0673078125 0.25766484375
vt 0.05048046874999999 0.2898335937499998
vt 0.05048046874999999 0.2898335937499998
vt 0.0673078125 0.25766484375
vt 0.05048046874999999 0.25766484375
vt 0.0673078125 0.322003125
vt 0.0673078125 0.2898335937499998
vt 0.05048046874999999 0.322003125
vt 0.05048046874999999 0.322003125
vt 0.0673078125 0.2898335937499998
vt 0.05048046874999999 0.2898335937499998
vt 0.0673078125 0.3541718749999999
vt 0.0673078125 0.322003125
vt 0.05048046874999999 0.3541718749999999
vt 0.05048046874999999 0.3541718749999999
vt 0.0673078125 0.322003125
vt 0.05048046874999999 0.322003125
vt 0.05048046874999999 0.37025625
vt 0.05048046874999999 0.3863414062499999
vt 0.0673078125 0.37025625
vt 0.0673078125 0.37025625
vt 0.05048046874999999 0.3863414062499999
vt 0.0673078125 0.3863414062499999
vt 0.0673078125 0.4028851562499999
vt 0.0673078125 0.3863414062499999
vt 0.05048046874999999 0.39702578125
vt 0.05048046874999999 0.39702578125
vt 0.0673078125 0.3863414062499999
vt 0.05048046874999999 0.3863414062499999
vt 0.0673078125 0.4506796874999999
vt 0.0673078125 0.4028851562499999
vt 0.05048046874999999 0.4506796874999999
vt 0.05048046874999999 0.4506796874999999
vt 0.0673078125 0.4028851562499999
vt 0.05048046874999999 0.39702578125
vt 0.0673078125 0.4506796874999999
vt 0.05048046874999999 0.4506796874999999
vt 0.0673078125 0.4667640624999999
vt 0.0673078125 0.4667640624999999
vt 0.05048046874999999 0.4506796874999999
vt 0.05048046874999999 0.4711296875
vt 0.0673078125 0.51501796874999994
vt 0.0673078125 0.4828484375
vt 0.05048046874999999 0.51501796874999994
vt 0.05048046874999999 0.51501796874999994
vt 0.0673078125 0.4828484375
vt 0.05048046874999999 0.4828484375
vt 0.084134375 0.0324804687499999
vt 0.084134375 0.0003117187499999
vt 0.0673078125 0.0324804687499999
vt 0.0673078125 0.0324804687499999
vt 0.084134375 0.0003117187499999
vt 0.0673078125 0.0003117187499999
vt 0.084134375 0.0324804687499999
vt 0.0673078125 0.0324804687499999
vt 0.084134375 0.048565625
vt 0.084134375 0.048565625
vt 0.0673078125 0.0324804687499999
vt 0.0673078125 0.048565625
vt 0.084134375 0.09681875
vt 0.084134375 0.0646499999999999
vt 0.0673078125 0.09681875
vt 0.0673078125 0.09681875
vt 0.084134375 0.0646499999999999
vt 0.0673078125 0.0646499999999999
vt 0.084134375 0.09681875
vt 0.0673078125 0.09681875
vt 0.084134375 0.1129039062499999
vt 0.084134375 0.1129039062499999
vt 0.0673078125 0.09681875
vt 0.06730781250000001 0.1129039062499999
vt 0.084134375 0.1611570312499999
vt 0.084134375 0.12898828125
vt 0.0673078125 0.1611570312499999
vt 0.06730781250000001 0.1611570312499999
vt 0.084134375 0.12898828125
vt 0.06730781250000001 0.12898828125
vt 0.084134375 0.1933265624999999
vt 0.084134375 0.1611570312499999
vt 0.0673078125 0.1933265624999999
vt 0.0673078125 0.1933265624999999
vt 0.084134375 0.1611570312499999
vt 0.0673078125 0.1611570312499999
vt 0.084134375 0.2254953124999999
vt 0.084134375 0.1933265624999999
vt 0.0673078125 0.2254953124999999
vt 0.0673078125 0.2254953124999999
vt 0.084134375 0.1933265624999999
vt 0.0673078125 0.1933265624999999
vt 0.084134375 0.25766484375
vt 0.084134375 0.2254953124999999
vt 0.0673078125 0.25766484375
vt 0.0673078125 0.25766484375
vt 0.084134375 0.2254953124999999
vt 0.0673078125 0.2254953124999999
vt 0.084134375 0.2898335937499998
vt 0.084134375 0.25766484375
vt 0.0673078125 0.2898335937499998
vt 0.0673078125 0.2898335937499998
vt 0.084134375 0.25766484375
vt 0.0673078125 0.25766484375
vt 0.084134375 0.322003125
vt 0.084134375 0.2898335937499998
vt 0.0673078125 0.322003125
vt 0.0673078125 0.322003125
vt 0.084134375 0.2898335937499998
vt 0.0673078125 0.2898335937499998
vt 0.084134375 0.3541718749999999
vt 0.084134375 0.322003125
vt 0.0673078125 0.3541718749999999
vt 0.0673078125 0.3541718749999999
vt 0.084134375 0.322003125
vt 0.0673078125 0.322003125
vt 0.0673078125 0.37025625
vt 0.0673078125 0.3863414062499999
vt 0.084134375 0.37025625
vt 0.084134375 0.37025625
vt 0.0673078125 0.3863414062499999
vt 0.084134375 0.3863414062499999
vt 0.084134375 0.4028851562499999
vt 0.084134375 0.3863414062499999
vt 0.0673078125 0.4028851562499999
vt 0.0673078125 0.4028851562499999
vt 0.084134375 0.3863414062499999
vt 0.0673078125 0.3863414062499999
vt 0.084134375 0.4506796874999999
vt 0.084134375 0.4028851562499999
vt 0.0673078125 0.4506796874999999
vt 0.0673078125 0.4506796874999999
vt 0.084134375 0.4028851562499999
vt 0.0673078125 0.4028851562499999
vt 0.084134375 0.4506796874999999
vt 0.0673078125 0.4506796874999999
vt 0.084134375 0.4667640624999999
vt 0.084134375 0.4667640624999999
vt 0.0673078125 0.4506796874999999
vt 0.0673078125 0.4667640624999999
vt 0.084134375 0.51501796874999994
vt 0.084134375 0.4828484375
vt 0.0673078125 0.51501796874999994
vt 0.0673078125 0.51501796874999994
vt 0.084134375 0.4828484375
vt 0.0673078125 0.4828484375
vt 0.084134375 0.0324804687499999
vt 0.10096171875 0.0003117187499999
vt 0.084134375 0.0003117187499999
vt 0.10096171875 0.048565625
vt 0.084134375 0.0324804687499999
vt 0.084134375 0.048565625
vt 0.084134375 0.09681875
vt 0.10096171875 0.0646499999999999
vt 0.084134375 0.0646499999999999
vt 0.10096171875 0.1129039062499999
vt 0.084134375 0.09681875
vt 0.084134375 0.1129039062499999
vt 0.10096171875 0.1611570312499999
vt 0.10096171875 0.12898828125
vt 0.084134375 0.1611570312499999
vt 0.084134375 0.1611570312499999
vt 0.10096171875 0.12898828125
vt 0.084134375 0.12898828125
vt 0.10096171875 0.1933265624999999
vt 0.10096171875 0.1611570312499999
vt 0.084134375 0.1933265624999999
vt 0.084134375 0.1933265624999999
vt 0.10096171875 0.1611570312499999
vt 0.084134375 0.1611570312499999
vt 0.10096171875 0.2254953124999999
vt 0.10096171875 0.1933265624999999
vt 0.084134375 0.2254953124999999
vt 0.084134375 0.2254953124999999
vt 0.10096171875 0.1933265624999999
vt 0.084134375 0.1933265624999999
vt 0.10096171875 0.25766484375
vt 0.10096171875 0.2254953124999999
vt 0.084134375 0.25766484375
vt 0.084134375 0.25766484375
vt 0.10096171875 0.2254953124999999
vt 0.084134375 0.2254953124999999
vt 0.10096171875 0.2898335937499998
vt 0.10096171875 0.25766484375
vt 0.084134375 0.2898335937499998
vt 0.084134375 0.2898335937499998
vt 0.10096171875 0.25766484375
vt 0.084134375 0.25766484375
vt 0.10096171875 0.322003125
vt 0.10096171875 0.2898335937499998
vt 0.084134375 0.322003125
vt 0.084134375 0.322003125
vt 0.10096171875 0.2898335937499998
vt 0.084134375 0.2898335937499998
vt 0.10096171875 0.3541718749999999
vt 0.10096171875 0.322003125
vt 0.084134375 0.3541718749999999
vt 0.084134375 0.3541718749999999
vt 0.10096171875 0.322003125
vt 0.084134375 0.322003125
vt 0.084134375 0.37025625
vt 0.084134375 0.3863414062499999
vt 0.10096171875 0.37025625
vt 0.10096171875 0.37025625
vt 0.084134375 0.3863414062499999
vt 0.10096171875 0.3863414062499999
vt 0.084134375 0.4028851562499999
vt 0.10096171875 0.3863414062499999
vt 0.084134375 0.3863414062499999
vt 0.084134375 0.4506796874999999
vt 0.10096171875 0.4028851562499999
vt 0.084134375 0.4028851562499999
vt 0.10096171875 0.4667640624999999
vt 0.084134375 0.4506796874999999
vt 0.084134375 0.4667640624999999
vt 0.10096171875 0.51501796874999994
vt 0.10096171875 0.4828484375
vt 0.084134375 0.51501796874999994
vt 0.084134375 0.51501796874999994
vt 0.10096171875 0.4828484375
vt 0.084134375 0.4828484375
vt 0.1925328125 0.828125
vt 0.1925328125 0.8359375
vt 0.20936015625 0.828125
vt 0.20936015625 0.828125
vt 0.1925328125 0.8359375
vt 0.20936015625 0.8359375
vt 0.17570625 0.828125
vt 0.17570625 0.8359375
vt 0.1925328125 0.828125
vt 0.1925328125 0.828125
vt 0.17570625 0.8359375
vt 0.1925328125 0.8359375
vt 0.15887890625 0.828125
vt 0.15887890625 0.8359375
vt 0.17570625 0.828125
vt 0.016303616065403658 0.0704125
vt 0.01465908481540365 0.08643359375
vt 0.03485595981540365 0.0704125
vt 0.03485625164757242 0.0704122685052497
vt 0.01465908481540365 0.08643359375
vt 0.03411235125424317 0.0861408666727647
vt 0.7401931879738897 0.1212862527263358
vt 0.7408635363452603 0.137019125866534
vt 0.7589877156459055 0.1220902999357312
vt 0.2273018175952603 0.121287094616534
vt 0.2273018175952603 0.136912094616534
vt 0.2540135363452603 0.121287094616534
vt 0.2540135363452603 0.121287094616534
vt 0.2273018175952603 0.136912094616534
vt 0.2540135363452603 0.136912094616534
vt 0.18752667083254887 0.61695004276405585
vt 0.19054563577153916 0.63228061599851615
vt 0.20764574861679275 0.61298810412637206
vt 0.20764574861679275 0.61298810412637206
vt 0.19054563577153916 0.63228061599851615
vt 0.21066471355578298 0.62831867736083225
vt 0.1741349351053928 0.6152623998939035
vt 0.16665585410507117 0.63287722128373614
vt 0.18752667083254887 0.61695004276405585
vt 0.18752667083254887 0.61695004276405585
vt 0.16984476273304755 0.63635712435563463
vt 0.19054563577153916 0.63228061599851615
vt 0.1491877971946976 0.6153548033823084
vt 0.1486352046986552 0.63145069200098736
vt 0.17413450386016865 0.6152631583466075
vt 0.11530750649016598 0.61535539870894873
vt 0.11530750649016598 0.63098039870894873
vt 0.149187193990166 0.61535539870894873
vt 0.7288166613452602 0.121287094616534
vt 0.7408635363452603 0.137019125866534
vt 0.7401932238452604 0.121287094616534
vt 0.7288166613452602 0.136912094616534
vt 0.7288166613452602 0.121287094616534
vt 0.7185908800952603 0.136912094616534
vt 0.7185908800952603 0.136912094616534
vt 0.7288166613452602 0.121287094616534
vt 0.7185908800952603 0.123240219616534
vt 0.1997365393977605 0.736328125
vt 0.24167091439776053 0.76770000000000005
vt 0.25338966439776056 0.736328125
vt 0.2095018851435037 0.76757821226558565
vt 0.1997365393977605 0.736328125
vt 0.1875573538943799 0.76757801616653898
vt 0.1875573538943799 0.76757801616653898
vt 0.1997365393977605 0.736328125
vt 0.18755747606794668 0.75390614116708488
vt 0.6001400988452603 0.136912094616534
vt 0.6323088488452604 0.136912094616534
vt 0.6001400988452603 0.121287094616534
vt 0.6001400988452603 0.121287094616534
vt 0.6323088488452604 0.136912094616534
vt 0.6323088488452604 0.121287094616534
vt 0.5679705675952603 0.136912094616534
vt 0.6001400988452603 0.136912094616534
vt 0.5679705675952603 0.121287094616534
vt 0.5679705675952603 0.121287094616534
vt 0.6001400988452603 0.136912094616534
vt 0.6001400988452603 0.121287094616534
vt 0.5358018175952604 0.136912094616534
vt 0.5679705675952603 0.136912094616534
vt 0.5358018175952604 0.121287094616534
vt 0.5358018175952604 0.121287094616534
vt 0.5679705675952603 0.136912094616534
vt 0.5679705675952603 0.121287094616534
vt 0.5036322863452602 0.136912094616534
vt 0.5358018175952604 0.136912094616534
vt 0.5036322863452602 0.121287094616534
vt 0.5036322863452602 0.121287094616534
vt 0.5358018175952604 0.136912094616534
vt 0.5358018175952604 0.121287094616534
vt 0.4714635363452603 0.136912094616534
vt 0.5036322863452602 0.136912094616534
vt 0.4714635363452603 0.121287094616534
vt 0.4714635363452603 0.121287094616534
vt 0.5036322863452602 0.136912094616534
vt 0.5036322863452602 0.121287094616534
vt 0.4392940050952603 0.136912094616534
vt 0.4714635363452603 0.136912094616534
vt 0.4392940050952603 0.121287094616534
vt 0.4392940050952603 0.121287094616534
vt 0.4714635363452603 0.136912094616534
vt 0.4714635363452603 0.121287094616534
vt 0.4071252550952603 0.136912094616534
vt 0.4392940050952603 0.136912094616534
vt 0.4071252550952603 0.121287094616534
vt 0.4071252550952603 0.121287094616534
vt 0.4392940050952603 0.136912094616534
vt 0.4392940050952603 0.121287094616534
vt 0.39104088009526033 0.121287094616534
vt 0.3749557238452603 0.121287094616534
vt 0.39104088009526033 0.136912094616534
vt 0.36473072384526034 0.136912094616534
vt 0.3749557238452603 0.121287094616534
vt 0.36473072384526034 0.123240219616534
vt 0.294203515625 0.767578125
vt 0.326373046875 0.767578125
vt 0.284437890625 0.736328125
vt 0.284437890625 0.736328125
vt 0.326373046875 0.767578125
vt 0.338091796875 0.736328125
vt 0.2540135363452603 0.136912094616534
vt 0.2784486925952603 0.136912094616534
vt 0.2540135363452603 0.121287094616534
vt 0.2540135363452603 0.121287094616534
vt 0.2784486925952603 0.136912094616534
vt 0.2784486925952603 0.121287094616534
vt 0.600266771395048 0.0593366414808351
vt 0.632434014203525 0.0596480361869384
vt 0.6004192017354458 0.0435905042638237
vt 0.24267578100897574 0.5043375000000001
vt 0.24267578100897574 0.5391851562500001
vt 0.32530781225897576 0.5043375
vt 0.23876953100897574 0.4697640625
vt 0.24267578100897572 0.5043375
vt 0.32530781225897576 0.4697640625
vt 0.3253078122589757 0.4697640625
vt 0.24267578100897574 0.5043375000000001
vt 0.3253078122589757 0.5043375
vt 0.3266945310089758 0.3934640625
vt 0.23876953100897574 0.4697640625
vt 0.3253078122589757 0.4697640625
vt 0.15325168272760298 0.6833943999562655
vt 0.15325168272760298 0.66764752495626556
vt 0.12108293272760297 0.6833943999562655
vt 0.12108293272760297 0.6833943999562655
vt 0.15325168272760298 0.66764752495626556
vt 0.12108293272760297 0.66764752495626556
vt 0.6305721876229324 0.3291698745305065
vt 0.6241458136377321 0.3289336283644562
vt 0.6305724032887412 0.3613979631110755
vt 0.6305724032887412 0.3613979631110755
vt 0.6241458136377321 0.3289336283644562
vt 0.6241460293035409 0.3611617169450252
vt 0.6241458136377321 0.3289336283644562
vt 0.6149232801615518 0.32881515031866
vt 0.6241460293039266 0.3611617745842897
vt 0.6241460293039266 0.3611617745842897
vt 0.6149232801615518 0.3288151503186599
vt 0.6149232801615518 0.3610440474310657
vt 0.6149232801615518 0.3288151503186599
vt 0.5898326551615518 0.3288151503186599
vt 0.6149232801615518 0.36104327531866
vt 0.6149232801615518 0.36104327531866
vt 0.5898326551615518 0.3288151503186599
vt 0.5898326551615518 0.36104327531866
vt 0.08891340147760297 0.6833943999562655
vt 0.12108293272760297 0.6833943999562655
vt 0.08891340147760297 0.66764752495626556
vt 0.08891340147760297 0.66764752495626556
vt 0.12108293272760297 0.6833943999562655
vt 0.12108293272760297 0.66764752495626556
vt 0.6249691350445076 0.3938501445534635
vt 0.6241460293039266 0.3611617745842897
vt 0.6157457475660054 0.3937319178754806
vt 0.6157457475660054 0.3937319178754806
vt 0.6241460293039266 0.3611617745842897
vt 0.614923242908966 0.3610440469555414
vt 0.6157457475660054 0.3937319178754806
vt 0.614923237371729 0.3610438268954046
vt 0.5906630618032082 0.3943630579672133
vt 0.5898326551615518 0.39374171281866
vt 0.6149232801615518 0.36104327531866
vt 0.5898326551615518 0.36104327531866
vt 0 0.37025625
vt 0 0.3863414062499999
vt 0.016826562500000003 0.37025625
vt 0.016826562500000003 0.37025625
vt 0 0.3863414062499999
vt 0.016826562500000003 0.3863414062499999
vt 0.016826562500000003 0.37025625
vt 0.016826562500000003 0.3863414062499999
vt 0.033653906250000004 0.37025625
vt 0.033653906250000004 0.37025625
vt 0.016826562500000003 0.3863414062499999
vt 0.033653906250000004 0.3863414062499999
vt 0.033653906250000004 0.37025625
vt 0.033653906250000004 0.3863414062499999
vt 0.05048046874999999 0.37025625
vt 0.39104088009526033 0.152537094616534
vt 0.4071252550952603 0.152537094616534
vt 0.39104088009526033 0.136912094616534
vt 0.39104088009526033 0.136912094616534
vt 0.4071252550952603 0.152537094616534
vt 0.4071252550952603 0.136912094616534
vt 0.016826562500000003 0.37025625
vt 0.016826562500000003 0.3541718749999999
vt 0 0.37025625
vt 0 0.37025625
vt 0.016826562500000003 0.3541718749999999
vt 0 0.3541718749999999
vt 0.016826562500000003 0.37025625
vt 0.033653906250000004 0.3541718749999999
vt 0.016826562500000003 0.3541718749999999
vt 0.033653906250000004 0.37025625
vt 0.05048046874999999 0.3541718749999999
vt 0.033653906250000004 0.3541718749999999
vt 0.0673078125 0.37025625
vt 0.0673078125 0.3541718749999999
vt 0.05048046874999999 0.37025625
vt 0.05048046874999999 0.37025625
vt 0.0673078125 0.3541718749999999
vt 0.05048046874999999 0.3541718749999999
vt 0.0673078125 0.37025625
vt 0.084134375 0.3541718749999999
vt 0.0673078125 0.3541718749999999
vt 0.084134375 0.37025625
vt 0.10096171875 0.3541718749999999
vt 0.084134375 0.3541718749999999
vt 0.39104088009526033 0.121287094616534
vt 0.4071252550952603 0.136912094616534
vt 0.4071252550952603 0.121287094616534
vt 0.39104088009526033 0.105662094616534
vt 0.4071252550952603 0.121287094616534
vt 0.4071252550952603 0.105662094616534
vt 0.39104088009526033 0.105662094616534
vt 0.4071252550952603 0.105662094616534
vt 0.39104088009526033 0.090037094616534
vt 0.39104088009526033 0.090037094616534
vt 0.4071252550952603 0.105662094616534
vt 0.4071252550952603 0.090037094616534
vt 0.39104088009526033 0.090037094616534
vt 0.4071252550952603 0.090037094616534
vt 0.39104088009526033 0.0742902196165339
vt 0.39104088009526033 0.0742902196165339
vt 0.4071252550952603 0.090037094616534
vt 0.4071252550952603 0.0742902196165339
vt 0.39104088009526033 0.0742902196165339
vt 0.4071252550952603 0.0742902196165339
vt 0.39104088009526033 0.057602719616534
vt 0.39104088009526033 0.057602719616534
vt 0.4071252550952603 0.0742902196165339
vt 0.4071252550952603 0.057602719616534
vt 0.2784486925952603 0.136912094616534
vt 0.2784486925952603 0.152537094616534
vt 0.2906268175952603 0.136912094616534
vt 0 0.4828484375
vt 0.016826562500000003 0.4828484375
vt 0 0.4706703124999999
vt 0.05048046874999999 0.4711296875
vt 0.0673078125 0.4828484375
vt 0.0673078125 0.4667640624999999
vt 0.0673078125 0.4828484375
vt 0.084134375 0.4828484375
vt 0.0673078125 0.4667640624999999
vt 0.0673078125 0.4667640624999999
vt 0.084134375 0.4828484375
vt 0.084134375 0.4667640624999999
vt 0.084134375 0.4828484375
vt 0.10096171875 0.4828484375
vt 0.084134375 0.4667640624999999
vt 0.084134375 0.4667640624999999
vt 0.10096171875 0.4828484375
vt 0.10096171875 0.4667640624999999
vt 0.2784486925952603 0.121287094616534
vt 0.2784486925952603 0.136912094616534
vt 0.2906268175952603 0.123240219616534
vt 0.2906268175952603 0.123240219616534
vt 0.2784486925952603 0.136912094616534
vt 0.2906268175952603 0.136912094616534
vt 0.2784486925952603 0.105662094616534
vt 0.2784486925952603 0.121287094616534
vt 0.2945330675952603 0.105662094616534
vt 0.2945330675952603 0.090037094616534
vt 0.2784486925952603 0.105662094616534
vt 0.2945330675952603 0.105662094616534
vt 0.23764768190589416 0.0602274298984123
vt 0.2783954147809571 0.0736732087086197
vt 0.2736423989494059 0.0613866167246635
vt 0.2736423989494059 0.0613866167246635
vt 0.27839542534517964 0.0736732360172373
vt 0.2945084844244021 0.0738530619424911
vt 0.326373046875 0.767578125
vt 0.325913671875 0.78361328124999996
vt 0.348316796875 0.767578125
vt 0.348316796875 0.767578125
vt 0.325913671875 0.78361328124999996
vt 0.347857421875 0.78361328124999996
vt 0.338091796875 0.736328125
vt 0.326373046875 0.767578125
vt 0.348316796875 0.75390625
vt 0.348316796875 0.75390625
vt 0.326373046875 0.767578125
vt 0.348316796875 0.767578125
vt 0.3588713488452603 0.090037094616534
vt 0.33888072384526036 0.095896469616534
vt 0.3588713488452603 0.105662094616534
vt 0.34278697384526036 0.0742902196165339
vt 0.34278697384526036 0.090037094616534
vt 0.3588713488452603 0.0742902196165339
vt 0.3588713488452603 0.0742902196165339
vt 0.34278697384526036 0.090037094616534
vt 0.3588713488452603 0.090037094616534
vt 0.34278697384526036 0.057602719616534
vt 0.34278697384526036 0.0742902196165339
vt 0.3588713488452603 0.057602719616534
vt 0.3588713488452603 0.057602719616534
vt 0.34278697384526036 0.0742902196165339
vt 0.3588713488452603 0.0742902196165339
vt 0.05048046874999999 0.39702578125
vt 0.05048046874999999 0.3863414062499999
vt 0 0.3965664062499998
vt 0.8595261891931272 0.51838281250000007
vt 0.8126511891931272 0.51838281250000007
vt 0.8631316579431272 0.53401406250000005
vt 0.8084446479939101 0.74494531249999996
vt 0.8553196479939101 0.76057031249999996
vt 0.8553196479939101 0.74494531249999996
vt 0.8595261891931272 0.50471093750000007
vt 0.8126511891931272 0.50471093750000007
vt 0.8595261891931272 0.51838281250000007
vt 0.8595261891931272 0.51838281250000007
vt 0.8126511891931272 0.50471093750000007
vt 0.8126511891931272 0.51838281250000007
vt 0.8595261891931272 0.50471093749999996
vt 0.8126511891931272 0.484375
vt 0.8126511891931272 0.50471093750000007
vt 0.35986328125 0.83801953125000006
vt 0.31298828125 0.83801953125000006
vt 0.35986328125 0.8564453125
vt 0.35986328125 0.8564453125
vt 0.31298828125 0.83801953125000006
vt 0.31298828125 0.8564453125
vt 0.35986328125 0.81561562499999996
vt 0.31298828125 0.81561562499999996
vt 0.35986328125 0.83801953125000006
vt 0.35986328125 0.83801953125000006
vt 0.31298828125 0.81561562499999996
vt 0.31298828125 0.83801953125000006
vt 0.35986328125 0.79718984375000002
vt 0.31298828125 0.79718984375000002
vt 0.35986328125 0.81561562499999996
vt 0.35986328125 0.81561562499999996
vt 0.31298828125 0.79718984375000002
vt 0.31298828125 0.81561562499999996
vt 0.8084446479939101 0.73127343749999996
vt 0.8553196479939101 0.73127343749999996
vt 0.8084446479939101 0.7109375
vt 0.8084446479939101 0.7109375
vt 0.8553196479939101 0.73127343749999996
vt 0.8553196479939101 0.7109375
vt 0.8084446479939101 0.74494531249999996
vt 0.8553196479939101 0.74494531249999996
vt 0.8084446479939101 0.73127343749999996
vt 0.05048046874999999 0.0646499999999999
vt 0.0673078125 0.0646499999999999
vt 0.05048046874999999 0.04270625
vt 0.05048046874999999 0.04270625
vt 0.0673078125 0.0646499999999999
vt 0.0673078125 0.048565625
vt 0.0673078125 0.0646499999999999
vt 0.084134375 0.0646499999999999
vt 0.0673078125 0.048565625
vt 0.0673078125 0.048565625
vt 0.084134375 0.0646499999999999
vt 0.084134375 0.048565625
vt 0.084134375 0.0646499999999999
vt 0.10096171875 0.0646499999999999
vt 0.084134375 0.048565625
vt 0.084134375 0.048565625
vt 0.10096171875 0.0646499999999999
vt 0.10096171875 0.048565625
vt 0.25338966439776056 0.736328125
vt 0.24167091439776053 0.76770000000000005
vt 0.2636146643977605 0.75390625
vt 0.7127315050952603 0.090037094616534
vt 0.6907877550952604 0.095896469616534
vt 0.7127315050952603 0.105662094616534
vt 0.7127315050952603 0.074412094616534
vt 0.6966471300952604 0.090037094616534
vt 0.7127315050952603 0.090037094616534
vt 0.6323088488452604 0.136912094616534
vt 0.6323088488452604 0.152537094616534
vt 0.6425338488452603 0.136912094616534
vt 0 0.12898828125
vt 0.016826562500000003 0.12898828125
vt 0 0.1187632812499999
vt 0.05048046874999999 0.12898828125
vt 0.0673078125 0.12898828125
vt 0.05048046874999999 0.1187632812499999
vt 0.05048046874999999 0.1187632812499999
vt 0.0673078125 0.12898828125
vt 0.0673078125 0.1129039062499999
vt 0.06730781250000001 0.12898828125
vt 0.084134375 0.12898828125
vt 0.06730781250000001 0.1129039062499999
vt 0.084134375 0.12898828125
vt 0.10096171875 0.12898828125
vt 0.084134375 0.1129039062499999
vt 0.6323088488452604 0.121287094616534
vt 0.6323088488452604 0.136912094616534
vt 0.6425338488452603 0.123240219616534
vt 0.6425338488452603 0.123240219616534
vt 0.6323088488452604 0.136912094616534
vt 0.6425338488452603 0.136912094616534
vt 0.6323088488452604 0.105662094616534
vt 0.6323088488452604 0.121287094616534
vt 0.6483932238452603 0.105662094616534
vt 0.6483932238452603 0.090037094616534
vt 0.6323088488452604 0.105662094616534
vt 0.6483932238452603 0.105662094616534
vt 0.6483932238452603 0.074412094616534
vt 0.6323088488452604 0.090037094616534
vt 0.6483932238452603 0.090037094616534
vt 0.547025390625 0.44130625
vt 0.500150390625 0.44130625
vt 0.550630859375 0.45693125
vt 0.550630859375 0.45693125
vt 0.500150390625 0.44130625
vt 0.500150390625 0.45693125
vt 0.8084484600939569 0.3797109375000001
vt 0.8553234600939569 0.3797109375000001
vt 0.8084484600939569 0.359375
vt 0.8084484600939569 0.359375
vt 0.8553234600939569 0.3797109375000001
vt 0.8553234600939569 0.359375
vt 0.42236328125 0.83801953124999995
vt 0.37548828125 0.83801953124999995
vt 0.42236328125 0.8564453125
vt 0.42236328125 0.8564453125
vt 0.37548828125 0.83801953124999995
vt 0.37548828125 0.8564453125
vt 0.42236328125 0.81756953124999998
vt 0.37548828125 0.81756953124999998
vt 0.42236328125 0.83801953124999995
vt 0.42236328125 0.83801953124999995
vt 0.37548828125 0.81756953124999998
vt 0.37548828125 0.83801953124999995
vt 0.42236328125 0.79746015624999989
vt 0.37548828125 0.79746015624999989
vt 0.42236328125 0.81756953124999998
vt 0.42236328125 0.81756953124999998
vt 0.37548828125 0.79746015624999989
vt 0.37548828125 0.81756953124999998
vt 0.547025390625 0.427634375
vt 0.500150390625 0.427634375
vt 0.547025390625 0.44130625
vt 0.547025390625 0.44130625
vt 0.500150390625 0.427634375
vt 0.500150390625 0.44130625
vt 0.547025390625 0.40625
vt 0.500150390625 0.40625
vt 0.547025390625 0.427634375
vt 0.547025390625 0.427634375
vt 0.500150390625 0.40625
vt 0.500150390625 0.427634375
vt 0.4354568724622051 0.1891253803419861
vt 0.4332450549796685 0.1946019778049737
vt 0.4384089925518621 0.1894080791514434
vt 0.4384089925518621 0.1894080791514434
vt 0.43324505497966853 0.1946019778049737
vt 0.4361971750693255 0.194884676614431
vt 0.411969921875 0.00390625
vt 0.411969921875 0
vt 0.398576953125 0.00390625
vt 0.398576953125 0.00390625
vt 0.411969921875 0
vt 0.398576953125 0
vt 0.5314095906601626 0.7373046875
vt 0.5448025594101626 0.7373046875
vt 0.5314095906601626 0.7333984375
vt 0.211076953125 0.06015625
vt 0.224469921875 0.06015625
vt 0.211076953125 0.0546875
vt 0.211076953125 0.0546875
vt 0.224469921875 0.06015625
vt 0.224469921875 0.0546875
vt 0.4063175699481379 0.1891335776268184
vt 0.4063175699481379 0.1946023276268184
vt 0.4197105386981379 0.1891335776268184
vt 0.4197105386981379 0.1891335776268184
vt 0.4063175699481379 0.1946023276268184
vt 0.4197105386981379 0.1946023276268184
vt 0.2109375 0.10703125
vt 0.21484375 0.10703125
vt 0.2109375 0.1015625
vt 0.2109375 0.1015625
vt 0.21484375 0.10703125
vt 0.21484375 0.1015625
vt 0.84539609375 0.075078125
vt 0.860128125 0.073984375
vt 0.84405703125 0.069609375
vt 0.84405703125 0.069609375
vt 0.860128125 0.073984375
vt 0.86102109375 0.069609375
vt 0.5157845906601626 0.7333984375
vt 0.5314095906601626 0.7373046875
vt 0.5314095906601626 0.7333984375
vt 0.5157443155898374 0.7275391791972067
vt 0.5157846452730068 0.7333984154023174
vt 0.5305166219101626 0.72743749999999996
vt 0.5305166219101626 0.72743749999999996
vt 0.5157845906601626 0.7333984375
vt 0.5314095906601626 0.7333984375
vt 0.10504492736182554 0.84375
vt 0.10191133361182554 0.85203281249999996
vt 0.11531289611182553 0.84430234375000002
vt 0.11531288080241359 0.84430235258098008
vt 0.10191133361182554 0.85203281249999996
vt 0.11976835388817446 0.85205260930631654
vt 0.84718203125 0.0625
vt 0.84405703125 0.069609375
vt 0.85789609375 0.0625
vt 0.85789609375 0.0625
vt 0.84405703125 0.069609375
vt 0.86102109375 0.069609375
vt 0.8485630031404411 0.1104187120538135
vt 0.844098854278519 0.1181640477887322
vt 0.858830859375 0.10987734375
vt 0.858830859375 0.10987734375
vt 0.844098828125 0.1181640625
vt 0.861955859375 0.1181640625
vt 0.028655179384232767 0.453125
vt 0.02396767938423277 0.461903125
vt 0.02982705438423277 0.461903125
vt 0.361328125 0.64893984375
vt 0.34438828125 0.64893984375
vt 0.3448390625 0.6650390625
vt 0.12958203124999992 0.943359375
vt 0.1127554687499999 0.95553750000000004
vt 0.0791015625 0.95553750000000004
vt 0.0791015625 0.94381875000000004
vn 0 0 0
vn 0 -0.09053574604251854 -0.995893206467704
vn 0 -0.09053574604251854 -0.995893206467704
vn 0 -0.8995081585759975 0.4369039627369132
vn 0 -0.8995081585759975 0.4369039627369132
vn 0 0 -1
vn 0 0 -1
vn 0 -0.24253562503633297 -0.9701425001453319
vn 0 -0.24253562503633297 -0.9701425001453319
vn 0 -0.12403473458920848 -0.9922778767136679
vn 0 -0.12403473458920848 -0.9922778767136679
vn 0 0 1
vn 0 0 1
vn 0 0 1
vn 0 0 1
vn 0 0.24253562503633297 0.9701425001453319
vn 0 0.24253562503633297 0.9701425001453319
vn 0 -1 0
vn 0 -1 0
vn 0 -1 0
vn 0 -1 0
vn 0 -1 0
vn 0 -1 0
vn 0 -1 0
vn 0 -1 0
vn 0 -1 0
vn 0 -1 0
vn 0 -1 0
vn 0 -1 0
vn 0 -1 0
vn 0 -1 0
vn 0 -1 0
vn 0 -1 0
vn 0 -1 0
vn 0 -1 0
vn 0 -1 0
vn 0 -1 0
vn 0 -1 0
vn 0 -1 0
vn 0 -1 0
vn 0 -1 0
vn 0 -1 0
vn 0 -1 0
vn 0 -1 0
vn 0 -1 0
vn 0 -1 0
vn 0 -1 0
vn 0 -1 0
vn 0 -1 0
vn 0 1 0
vn 0 1 0
vn 0 0 1
vn 0 0 1
vn 0 0.9284766908852593 0.3713906763541037
vn 0 0.9284766908852593 0.3713906763541037
vn 0 1 0
vn 0 1 0
vn 0 -0.9981619677466238 0.06060269089890217
vn 0 -0.9981619677466238 0.06060269089890217
vn 0 -0.9838136435918469 0.17919462793994356
vn 0 -0.9838136435918469 0.17919462793994356
vn 0 0.9905835023786986 -0.13690991496290958
vn 0 0.9905835023786986 -0.13690991496290958
vn 0 0.9822418366057124 -0.18761922721682098
vn 0 0.9822418366057124 -0.18761922721682098
vn 0 0.9539937169012555 -0.2998265967403949
vn 0 0.9539937169012553 -0.2998265967403949
vn 0 0.8574929257125445 -0.5144957554275259
vn 0 0.8574929257125445 -0.5144957554275259
vn 0 0.8921040966399526 -0.4518299245935512
vn 0 0.8921040966399527 -0.45182992459355126
vn 0 0.3713906763541038 -0.9284766908852594
vn 0 0.37139067635410383 -0.9284766908852593
vn 0 -1 0
vn 0 -1 0
vn 0 -0.972659443205846 -0.23223610301263162
vn 0 -0.972659443205846 -0.23223610301263165
vn 0 -0.9785069120509285 -0.20621402248284856
vn 0 -0.9785069120509284 -0.20621402248284854
vn 0 -0.9935967918545947 -0.11298413701160634
vn 0 -0.9935967918545947 -0.11298413701160634
vn 0 -0.9935967982291475 -0.11298408095296805
vn 0 -0.9935967982291475 -0.11298408095296805
vn 0 -0.8432271980573245 -0.5375573387615443
vn 0 -0.8432271980573246 -0.5375573387615444
vn 0 -0.9838136435918469 -0.17919462793994353
vn 0 -0.9838136435918469 -0.17919462793994353
vn 0 -1 0
vn 0 -1 0
vn 0 -1 0
vn 0 -1 0
vn 0 -1 0
vn 0 -1 0
vn 0 -1 0
vn 0 -1 0
vn 0 0.3713906763541038 -0.9284766908852594
vn 0.6403586406436172 0.26968950442490797 0.7191720117997545
vn -0.7716183820438255 0.2611631446917565 0.5799990382291867
vn -0.6057266353196245 0.20501516887741147 0.7688068832902923
vn -0.20461810945479827 0.9443912744067607 0.25740347726384527
vn 0.9701425001453319 -0.24253562503633297 0
vn 0.894427190999916 -0.447213595499958 0
vn -0.951197944026183 0.3056756293016865 -0.04224785120429814
vn -0.9557790087219501 0.2940858488375231 0
vn 1 0 0
vn 1 0 0
vn 0 -0.242535625036333 -0.970142500145332
vn 0 0.9284766908852594 0.3713906763541038
vn 0 -1 0
vn -0.9904820209025812 0.12381025261282265 0.060136408411942434
vn -0.9164668280791536 0.38154012554976785 0.12048105920020365
vn 0.23034048182764677 -0.8770656808052701 -0.4215436560843915
vn 0.7127688452444252 -0.6832001741427934 -0.1587390793099966
vn 0.6650450028619885 -0.7320748201282244 -0.14758591363177434
vn 0.05342671405601064 -0.9714473037776231 -0.23116167980087818
vn -0.03963543581091935 0.939054940751012 0.3414745239094589
vn 0 0.9981619677466239 0.060602690898902176
vn 0.027911104544608843 -0.9988542028745223 -0.03887482016681977
vn 0 -1 0
vn 0.992050132125723 -0.12400626651571538 -0.021423846857389853
vn 0.9921853573869146 -0.12402316967336433 -0.013655400806005141
vn 0.91227138871202 -0.40545395053867556 0.05803453566648142
vn 0.5865108022715042 -0.7669756645088891 0.2602948498721877
vn 0.19429806395469196 -0.8967602951755009 0.39757921894913834
vn 0.9397934234884371 -0.3417430630867044 0
vn 0 -0.8921040966399526 0.45182992459355115
vn -0.9904820209025812 0.12381025261282265 0.060136408411942434
vn 0.4635169528933535 -0.8534412558187762 -0.2383066454107624
vn 0.894427190999916 -0.447213595499958 0
vn 1 0 0
vn -1 0 0
vn 0.04315043812070087 0.12391920691073069 0.9913536552858455
vn 0.9397934234884371 -0.3417430630867044 0
vn 0.992050132125723 -0.12400626651571538 -0.021423846857389853
vn 1 0 0
vn -1 0 0
vn -0.5891827269306563 0.44661081341682246 0.6733516879207477
vn -0.14833609386044624 0.1226625391538305 0.981300313230644
vn 0.511697553573962 -0.7728265114953833 0.37537287701204336
vn 0.3956889011954736 -0.08314663589848599 -0.9146129948833459
vn -0.6276459144608479 -0.09656090991705352 -0.7724872793364281
vn -0.11189861942784861 -0.24101241107536617 -0.9640496443014647
vn -0.11529735086230586 0 -0.9933310228137117
vn -0.22612970719934958 0 -0.9740972002433518
vn -0.11441871127762732 -0.12322015060667554 -0.9857612048534043
vn -0.26867814378065835 0.5166887380397275 -0.8129236145158374
vn -0.20737054884737638 0.39878951701418525 -0.893288518111775
vn -0.5999884618712912 -0.09922886100179044 -0.7938308880143236
vn -0.7219176766971994 0.4293901626387946 0.5426407248826314
vn -0.5714937537595791 0 0.8206064156547802
vn -0.20329879151257155 0.4378743201809232 0.8757486403618464
vn -0.6159104803639746 0.09771656659620749 0.7817325327696599
vn -0.19071528142015107 0.5373036293856178 0.8215427507329582
vn -0.35202498007897626 -0.05754254482060184 0.9342201394403599
vn -0.14833609386044624 0.1226625391538305 0.981300313230644
vn -0.4400861322142738 0.2177862141470636 0.8711448565882544
vn -0.32599068331940423 0.38115833741961114 0.8651291211168803
vn -0.21164107056789913 0.0325601647027536 0.976804941082611
vn -0.20975246129938982 -0.13714584008037015 0.9680882829202603
vn -0.1565810543382804 0 0.9876651119799225
vn 0 0.242535625036333 0.970142500145332
vn -0.24919112643767485 0.9488431352819156 0.19390845039117688
vn -0.5688618357982206 0.7438962468130571 0.3507343521095784
vn -0.9486832980505139 0.31622776601683794 0
vn -0.9556266898554052 0.29403898149397084 0.017852366733562518
vn -0.9242941354335032 0.37753296172880646 0.05611785822274842
vn -0.9440627856458086 0.3146875952152695 0.09857572812973187
vn -0.9922778767136677 0.12403473458920847 0
vn -0.9904820209025812 0.12381025261282265 0.060136408411942434
vn -0.9922778767136677 0.12403473458920847 0
vn -0.9922778767136677 0.12403473458920847 0
vn -0.9147433146956728 0.4002002001793568 0.05553798696366586
vn -0.894427190999916 0.447213595499958 0
vn -0.9694317452468085 0.24100398136024004 -0.04603446834970865
vn -0.9557790087219501 0.29408584883752314 0
vn -0.918404854678354 0.38986642666242466 0.06735497208598801
vn -0.9348198400770594 0.35055744002889727 0.05675691886182147
vn -0.894427190999916 0.447213595499958 0
vn -0.9363291775690447 0.3511234415883917 0
vn -0.9363291775690447 0.3511234415883917 0
vn -0.8944271909999161 0.44721359549995804 0
vn -0.9354792765333199 0.35080472869999496 0.04259771705642797
vn -1 0 0
vn -0.9981619677466238 0 0.06060269089890216
vn -0.9922778767136677 0.12403473458920847 0
vn -0.9922778767136677 0.12403473458920847 0
vn -0.9811268273792352 0.18396128013360658 0.05956841451945357
vn -0.782201769547506 0.610264965486592 0.12544745360667536
vn -0.8965123193846574 0.22412807984616434 0.3821416818616015
vn -1 0 0
vn -1 0 0
vn -1 0 0
vn -1 0 0
vn -1 0 0
vn -1 0 0
vn -0.9891515110248548 0.12364393887810685 0.07931875324255902
vn -0.9873824376051593 0 0.15835378716309143
vn -1 0 0
vn -0.73232676862213 -0.17383958750345002 -0.6583899314054703
vn -0.7857330946663207 -0.4438027187926088 -0.43088589062346405
vn -0.9852106019339493 -0.13615488132317 -0.10402844865141081
vn -0.9743911956946201 -0.22485950669875768 0
vn -0.9740154386801249 -0.22648010405364144 0.0008292651058649743
vn -1 0 0
vn -0.9743911956946201 -0.2248595066987577 0
vn -0.9743911956946201 -0.2248595066987577 0
vn 0 -1 0
vn 0 -1 0
vn 0 -1 0
vn 0 -1 0
vn 0 -1 0
vn 0 -1 0
vn 0 -1 0
vn 0 -1 0
vn 0 -1 0
vn 0 -1 0
vn 0 1 0
vn -0.6537018542909409 -0.18353936678168717 -0.7341574671267487
vn 0 0.44721359549995804 0.8944271909999161
vn 0 0.242535625036333 0.970142500145332
vn -0.8768124086713199 0 -0.4808326112068505
vn -0.9999999995195058 0.000009246470488521954 -0.00002958870556327025
vn -1 0 0
vn -1 0 0
vn -0.9922778767136677 0.12403473458920847 0
vn 0.7124070797542276 -0.6966492349313799 -0.08459312138452471
vn 0.662361325100402 -0.7385184693785711 -0.12596803323848535
vn 0.022847244841668887 -0.9666142048398374 -0.2552155606639102
vn 0.06734216743240756 -0.9765783561648833 -0.20435201676469922
vn 0.02347854122576684 -0.9933228980132123 -0.11295299192382517
vn 0.06411815945099257 -0.8789011611642386 -0.4726749523010191
vn 0.0270317192272155 -0.9673836561313571 -0.25186930739085533
vn 0.061596185940729214 -0.9819455311474369 -0.17885436460185455
vn -0.06811138750538369 0.9535594250753714 0.2934029000231912
vn -0.05447252496350763 0.9402330270410567 0.33614669250985035
vn 0.9557790087219501 -0.2940858488375231 0
vn 0.9485084933964026 -0.3161694977988009 0.019196005223498628
vn 0.9138115486202572 -0.4061384660534476 0
vn 0.9471135260586695 -0.3157045086862232 0.057503321224990654
vn 0.6011899808034316 -0.7861715133583329 0.14319552564741064
vn 0.6011899808034316 -0.7861715133583329 0.14319552564741064
vn 0 -1 0
vn 0 -1 0
vn 0 -1 0
vn 0 -1 0
vn 0 -1 0
vn -1 0 0
vn -1 0 0
vn -0.9363291775690447 0.3511234415883917 0
vn -0.9348198400770594 0.35055744002889716 0.05675691886182147
vn -1 0 0
vn 0 -1 0
vn -1 0 0
vn -1 0 0
vn -0.9684639662431431 0.24211599156078578 0.058799597950476554
vn -0.982872186934322 0.18428853505018536 0
vn -1 0 0
vn 0 -1 0
vn 0.009103264242024494 0 -0.9999585644316169
vn -0.009099871419725222 0.027299614259175667 0.9995858759513585
vn 0 -0.5028168340384035 -0.8643929843581545
vn 0 0 1
vn -0.9740151500593347 -0.22648003694293253 0.001131512801536168
vn -0.9736585946500554 -0.228010835409371 0
vn -0.999999954367449 -0.0002733958806797816 -0.00012852934445456077
vn -1 0 0
vn -1 0 0
vn -1 0 0
vn 0 -1 0
vn 0 -1 0
vn -1 0 0
vn -1 0 0
vn -1 0 0
vn -0.8917694445306144 0.4458847222653072 0.07703292965965673
vn -0.9344877349289681 0.3559953275919878 0
vn 0.019722811285039443 0.0046186771240277445 0.9997948182185377
vn 0.0003244909058156741 0.062398484626817054 0.9980512631232571
vn 0 0 1
vn 0 0 1
vn 0 -1 0
vn 0 -1 0
vn -0.12387608682871008 -0.05056166809335092 0.9910086946296807
vn -0.14430689307172848 0 0.9895329810632816
vn -0.9608302856023215 -0.23530537606587407 -0.1464122339965437
vn -0.925847643695199 -0.37789699742661087 0
vn 0 0.973841209741793 -0.2272296156064194
vn -0.05285830119208652 0.9924415734024385 -0.11075072630722918
vn 0.9631737132732069 -0.19656606393330728 -0.1834616596710866
vn 1 0 0
vn -0.027617184846404352 0.5185267358916725 0.8546153024997197
vn -0.11348172759080599 0.40363763166409133 0.9078538207264479
vn -0.8621017483785456 0.5062108368567164 0.02304699745038688
vn -0.9066837737717911 0.39854231814144514 -0.13816133695570101
vn 0.9114544238673832 0.4006393071944527 -0.09348250501203942
vn 0 -1 0
vn 1 0 0
vn -1 0 0
vn 1 -3.6830299872301104e-16 9.868649107779147e-17
vn -1 0 0
vn 1 -1.709300165674279e-16 -9.868649107779166e-17
vn -1 0 0
vn 1 -1.9737298215558337e-16 0
vn -1 0 0
vn 1 -1.7093001656742803e-16 9.868649107779156e-17
vn -1 0 0
vn 1 -3.6830299872301124e-16 -9.868649107779166e-17
vn -1 0 0
vn 1 0 0
vn -1 0 0
vn 1 -3.6830299872301114e-16 -9.868649107779148e-17
vn -1 0 0
vn 1 -1.709300165674279e-16 9.86864910777917e-17
vn -1 5.392330152904392e-16 5.392330152904391e-16
vn 1 -1.9737298215558337e-16 0
vn -1 3.9474596431116675e-16 0
vn 1 -1.7093001656742803e-16 -9.868649107779153e-17
vn -1 5.392330152904386e-16 -5.392330152904387e-16
vn 1 -3.683029987230112e-16 9.868649107779165e-17
vn -1 0 0
vn 1 0 0
vn -1 0 0
vn 1 -3.6830299872301104e-16 9.868649107779147e-17
vn -1 0 0
vn 1 -1.709300165674279e-16 -9.868649107779166e-17
vn -1 0 0
vn 1 -1.9737298215558337e-16 0
vn -1 0 0
vn 1 -1.709300165674279e-16 9.868649107779166e-17
vn -1 0 0
vn 1 -3.6830299872301124e-16 -9.868649107779166e-17
vn -1 0 0
vn 1 0 0
vn -1 0 0
vn 1 -3.6830299872301114e-16 -9.868649107779151e-17
vn -1 0 0
vn 1 -1.709300165674279e-16 9.868649107779166e-17
vn -1 5.392330152904392e-16 5.392330152904392e-16
vn 1 -1.9737298215558337e-16 0
vn -1 3.9474596431116675e-16 0
vn 1 -1.7093001656742794e-16 -9.86864910777916e-17
vn -1 5.392330152904392e-16 -5.392330152904393e-16
vn 1 -3.683029987230112e-16 9.868649107779167e-17
vn -1 0 0
vn 0 -1 0
vn 0 -1 0
vn 0 -1 0
vn 0 -1 0
vn 0 0 1
vn 0 0 1
vn 1.1102230246251556e-16 0.49999999999999956 0.8660254037844389
vn 1.1509468710094094e-16 0.49999999999999956 0.8660254037844389
vn 1.922962686383564e-16 0.8660254037844387 0.49999999999999983
vn 1.8415149936150562e-16 0.8660254037844387 0.49999999999999983
vn 2.220446049250313e-16 1 0
vn 2.220446049250313e-16 1 0
vn 1.9229626863835653e-16 0.8660254037844393 -0.4999999999999993
vn 1.8415149936150542e-16 0.8660254037844393 -0.4999999999999993
vn 1.1102230246251562e-16 0.49999999999999983 -0.8660254037844387
vn 1.15094687100941e-16 0.49999999999999983 -0.8660254037844387
vn 0 0 -1
vn 0 0 -1
vn -9.207574968075278e-17 -0.4999999999999996 0.8660254037844388
vn -1.1102230246251557e-16 -0.4999999999999996 0.8660254037844389
vn -1.8415149936150562e-16 -0.8660254037844387 0.5
vn -1.9229626863835648e-16 -0.8660254037844388 0.5000000000000001
vn -2.220446049250313e-16 -1 0
vn -2.220446049250313e-16 -1 0
vn -1.8415149936150545e-16 -0.8660254037844392 -0.49999999999999906
vn -1.922962686383565e-16 -0.8660254037844392 -0.49999999999999906
vn -1.15094687100941e-16 -0.49999999999999983 -0.8660254037844388
vn -1.1102230246251563e-16 -0.49999999999999983 -0.8660254037844388
vn 0 0 1
vn 0 0 1
vn 1.1102230246251556e-16 0.49999999999999956 0.8660254037844389
vn 1.1509468710094094e-16 0.49999999999999956 0.8660254037844389
vn 1.922962686383564e-16 0.8660254037844387 0.49999999999999983
vn 0 0.8660254037844392 0.4999999999999994
vn 0 1 0
vn 0 1 0
vn 0 0.8660254037844387 -0.49999999999999983
vn 1.8415149936150572e-16 0.8660254037844392 -0.4999999999999994
vn 1.1102230246251562e-16 0.49999999999999983 -0.8660254037844387
vn 1.15094687100941e-16 0.49999999999999983 -0.8660254037844387
vn 0 0 -1
vn 0 0 -1
vn -9.207574968075278e-17 -0.4999999999999996 0.8660254037844388
vn -1.1102230246251557e-16 -0.4999999999999996 0.8660254037844389
vn -1.8415149936150562e-16 -0.8660254037844387 0.49999999999999983
vn -1.9229626863835646e-16 -0.8660254037844388 0.4999999999999999
vn -2.220446049250313e-16 -1 0
vn -2.220446049250313e-16 -1 0
vn -2.0717043678169394e-16 -0.866025403784439 -0.49999999999999967
vn -1.9229626863835646e-16 -0.8660254037844389 -0.4999999999999996
vn -1.15094687100941e-16 -0.49999999999999983 -0.8660254037844388
vn -1.1102230246251563e-16 -0.49999999999999983 -0.8660254037844388
vn 0 -1 0
vn -0.18514836986616268 0 0.9827105785204017
vn 0.2610331253133128 0.43170863032586326 0.8634172606517265
vn 0 -1 0
vn 0.32884764705458686 0.9443829864131724 0
vn 1 0 0
vn -1 0 0
vn -1 0 0
vn 1 0 0
vn 0.9344877349289687 0.35599532759198654 0
vn 0 1 0
vn 0 1 0
vn 0 -1 0
vn 0 -1 0
vn 0 -1 0
vn 0 -0.8995081585759975 0.4369039627369132
vn 0 -0.8995081585759975 0.4369039627369132
vn 0 -0.8995081585759975 0.4369039627369132
vn 0 -0.8995081585759975 0.4369039627369132
vn 0 -0.8995081585759975 0.4369039627369132
vn 0 -0.8995081585759975 0.4369039627369132
vn 0 0 -1
vn 0 0 -1
vn 0 -0.09053574604251853 -0.995893206467704
vn 0 -0.09053574604251853 -0.995893206467704
vn 0 -0.242535625036333 -0.970142500145332
vn 0 -0.242535625036333 -0.970142500145332
vn 0 -0.12403473458920847 -0.9922778767136677
vn 0 -0.12403473458920847 -0.9922778767136677
vn 0 0 -1
vn 0 0 -1
vn 0 -0.09053574604251853 -0.995893206467704
vn 0 -0.09053574604251853 -0.995893206467704
vn 0 -0.242535625036333 -0.970142500145332
vn 0 -0.242535625036333 -0.970142500145332
vn 0 -0.12403473458920847 -0.9922778767136677
vn 0 -0.12403473458920847 -0.9922778767136677
vn 0 0 -1
vn 0 0 -1
vn 0 -0.09053574604251853 -0.995893206467704
vn 0 -0.09053574604251853 -0.995893206467704
vn 0 -0.242535625036333 -0.970142500145332
vn 0 -0.242535625036333 -0.970142500145332
vn 0 -0.12403473458920847 -0.9922778767136677
vn 0 -0.12403473458920847 -0.9922778767136677
vn -0.04315043812070087 -0.12391920691073069 -0.9913536552858455
vn -0.22612970719934955 0 -0.9740972002433517
vn 0.22447181760574053 0.12086944024924487 -0.966955521993959
vn 0 0 -1
vn 0.21970872151080406 -0.23660939239625048 -0.9464375695850019
vn 0 -0.12403473458920847 -0.9922778767136677
vn 0 -0.12403473458920847 -0.9922778767136677
vn -0.47746384796147867 -0.3085151017597246 -0.8227069380259323
vn -0.4184306096405654 0.11265439490322911 -0.9012351592258329
vn -0.11529735086230586 0 -0.9933310228137117
vn -0.6473070839162568 -0.2676365827730676 -0.7136975540615137
vn -0.7163078619422125 -0.16923757177755566 -0.6769502871102226
vn -0.6718149384858157 0 -0.740719034740771
vn -0.6718149384858157 0 -0.740719034740771
vn -0.6718149384858157 0 -0.740719034740771
vn -0.4618677054249423 0.5069612979664307 -0.7277832541695985
vn -0.4924262960236566 0.5770968808603035 -0.6515178685851455
vn -0.9118224299814769 0 0.4105847734423122
vn -0.9118224299814769 0 0.4105847734423122
vn -0.9118224299814769 0 0.4105847734423122
vn -0.9118224299814769 0 0.4105847734423122
vn -0.9059568033880104 0.1132446004235013 0.40794353882602347
vn -0.5714937537595791 0 0.8206064156547802
vn -0.5714937537595791 0 0.8206064156547802
vn -0.15540122712166954 0.12252789061516249 0.9802231249212999
vn -0.22397154549374762 -0.13782864338076767 0.9648005036653741
vn -0.21970872151080406 0.23660939239625048 0.9464375695850019
vn -0.21970872151080406 0.23660939239625048 0.9464375695850019
vn -0.1142904068996627 0.13187354642268767 0.9846558132894015
vn -0.05793822416202077 0 0.9983201701763577
vn -0.15312076156766263 -0.20906873214046237 0.9658386498883333
vn -0.05694911544684004 0.18398944990517546 0.9812770661609358
vn -0.21175334700580614 0.9773231400267972 0
vn -0.21175334700580614 0.9773231400267972 0
vn -0.21138154353847158 0.9756071240237145 0.05923328967286838
vn -0.21138154353847158 0.9756071240237145 0.05923328967286838
vn -0.6074501075707974 0.794357832977196 0
vn -0.6074501075707974 0.794357832977196 0
vn -0.6067448659505574 0.7934355939353437 0.048172875346074444
vn -0.6067448659505574 0.7934355939353437 0.048172875346074444
vn -0.9557790087219501 0.2940858488375231 0
vn -0.9557790087219501 0.2940858488375231 0
vn -0.9922778767136677 0.12403473458920847 0
vn -0.9922778767136677 0.12403473458920847 0
vn -0.9922778767136677 0.12403473458920847 0
vn -0.9904820209025812 0.12381025261282265 0.060136408411942434
vn -0.9922778767136677 0.12403473458920847 0
vn -0.9922778767136677 0.12403473458920847 0
vn -0.9922778767136677 0.12403473458920847 0
vn -0.9922778767136677 0.12403473458920847 0
vn -0.9922778767136677 0.12403473458920847 0
vn -0.9922778767136677 0.12403473458920847 0
vn -0.9701425001453319 0.24253562503633297 0
vn -0.9904820209025812 0.12381025261282265 0.060136408411942434
vn -0.8860072736301875 0.4242428955609252 -0.18710712610823782
vn -0.9363291775690447 0.3511234415883917 0
vn -0.9363291775690447 0.3511234415883917 0
vn -0.9363291775690447 0.3511234415883917 0
vn -0.9363291775690447 0.3511234415883917 0
vn -0.9363291775690447 0.3511234415883917 0
vn -0.9363291775690447 0.3511234415883917 0
vn -0.9363291775690447 0.3511234415883917 0
vn -0.9363291775690447 0.3511234415883917 0
vn -0.9363291775690447 0.3511234415883917 0
vn -0.9363291775690445 0.3511234415883917 0
vn -0.9363291775690445 0.3511234415883917 0
vn -0.9363291775690447 0.3511234415883917 0
vn -0.9363291775690447 0.3511234415883917 0
vn -0.9363291775690447 0.3511234415883917 0
vn -0.8931112769721179 0.44655563848605895 0.054224613244735737
vn -0.8192455936408357 0.5524359273962054 0.15378947760483885
vn -0.9732396017899371 0 -0.22979268375595663
vn -0.9780944564599062 -0.025819263602202422 -0.20655410881761938
vn -1 0 0
vn -1 0 0
vn -1 0 0
vn -1 0 0
vn -1 0 0
vn -0.9922778767136677 0.12403473458920847 0
vn -0.9922778767136677 0.12403473458920847 0
vn -0.9922778767136677 0.12403473458920847 0
vn -0.9922778767136677 0.12403473458920847 0
vn -0.9922778767136677 0.12403473458920847 0
vn -0.9922778767136677 0.12403473458920847 0
vn -0.9922778767136677 0.12403473458920847 0
vn -0.9922778767136677 0.12403473458920847 0
vn -0.9922778767136677 0.12403473458920847 0
vn -0.9922778767136677 0.12403473458920847 0
vn -0.9922778767136677 0.12403473458920847 0
vn -0.9922778767136677 0.12403473458920847 0
vn -0.9922778767136677 0.12403473458920847 0
vn -0.9922778767136677 0.12403473458920847 0
vn -0.9922778767136677 0.12403473458920847 0
vn -0.9922778767136677 0.12403473458920847 0
vn -0.9922778767136677 0.12403473458920847 0
vn -0.9922778767136677 0.12403473458920847 0
vn -0.9732396017899371 0 -0.22979268375595663
vn -0.9732396017899371 0 -0.22979268375595663
vn -1 0 0
vn -1 0 0
vn -1 0 0
vn -1 0 0
vn -1 0 0
vn -1 0 0
vn -1 0 0
vn -1 0 0
vn -1 0 0
vn -1 0 0
vn -1 0 0
vn -1 0 0
vn -1 0 0
vn -1 0 0
vn -1 0 0
vn -1 0 0
vn -1 0 0
vn -1 0 0
vn -1 0 0
vn -1 0 0
vn -1 0 0
vn -1 0 0
vn -0.9392023045613883 0 -0.34336428338803276
vn -0.9696461302612055 -0.08585408445021063 -0.22894422520056168
vn -1 0 0
vn -1 0 0
vn -1 0 0
vn -1 0 0
vn -1 0 0
vn -1 0 0
vn -1 0 0
vn -1 0 0
vn -1 0 0
vn -1 0 0
vn -1 0 0
vn -1 0 0
vn -1 0 0
vn -1 0 0
vn -1 0 0
vn -1 0 0
vn -1 0 0
vn -1 0 0
vn -1 0 0
vn -1 0 0
vn -1 0 0
vn -1 0 0
vn -1 0 0
vn -0.9968003106582415 0 0.07993210038297212
vn -0.9968003106582415 0 0.07993210038297212
vn -0.9980525784828888 -0.06237828615518055 0
vn -0.9743911956946201 -0.2248595066987577 0
vn -0.9743911956946201 -0.2248595066987577 0
vn -1 0 0
vn -1 0 0
vn -1 0 0
vn -1 0 0
vn -1 0 0
vn -1 0 0
vn -1 0 0
vn -1 0 0
vn -1 0 0
vn -1 0 0
vn -1 0 0
vn -1 0 0
vn -1 0 0
vn -1 0 0
vn -1 0 0
vn -1 0 0
vn -1 0 0
vn -0.9743911956946201 -0.22485950669875768 0
vn -0.9743911956946201 -0.22485950669875765 0
vn -0.9968003106582415 0 0.07993210038297212
vn -0.9968003106582415 0 0.07993210038297212
vn 0 -1 0
vn 0 -1 0
vn 0 -1 0
vn 0 -1 0
vn 0 -1 0
vn 0 -1 0
vn 0 -1 0
vn 0 -1 0
vn 0 -1 0
vn 0 -1 0
vn 0 -1 0
vn 0 -1 0
vn 0 -1 0
vn 0 -1 0
vn 0 -1 0
vn 0 -1 0
vn 0 -1 0
vn 0 -1 0
vn 0 -1 0
vn 0 -1 0
vn 0 -1 0
vn 0 -1 0
vn 0 -1 0
vn 0 -1 0
vn 0 -1 0
vn 0 -1 0
vn 0 -1 0
vn 0 -1 0
vn 0 -1 0
vn 0 -1 0
vn 0 -1 0
vn 0 -1 0
vn 0 -1 0
vn 0 -1 0
vn 0 -1 0
vn 0 -1 0
vn 0 -1 0
vn 0 -1 0
vn 0 -1 0
vn 0 -1 0
vn 0 -1 0
vn 0 -1 0
vn 0 -1 0
vn 0 -1 0
vn 0 -1 0
vn 0 -1 0
vn 0 -1 0
vn 0 -1 0
vn 0 -1 0
vn 0 -1 0
vn 0 -1 0
vn 0 -1 0
vn 0 -1 0
vn 0 -1 0
vn 0 -1 0
vn 0 -1 0
vn 0 -1 0
vn 0 -1 0
vn 0 -1 0
vn 0 -1 0
vn 0 -1 0
vn 0 -1 0
vn 0 -1 0
vn 0 -1 0
vn 0 -1 0
vn 0 -1 0
vn 0 -1 0
vn 0 -1 0
vn 0 -1 0
vn 0 -1 0
vn 0 -1 0
vn 0 -1 0
vn 0 -1 0
vn 0 -1 0
vn 0 -1 0
vn 0 -1 0
vn 0 -1 0
vn 0 -1 0
vn 0 -1 0
vn 0 -1 0
vn 0 -1 0
vn 0 -1 0
vn 0 -1 0
vn 0 -1 0
vn 0 -1 0
vn 0 -1 0
vn 0 -1 0
vn 0 -1 0
vn 0 -1 0
vn 0 -1 0
vn 0 -1 0
vn 0 -1 0
vn 0 -1 0
vn 0 -1 0
vn 0 -1 0
vn 0 -1 0
vn 0 -1 0
vn 0 -1 0
vn 0 -1 0
vn 0 -1 0
vn 0 -1 0
vn 0 -1 0
vn 0 -1 0
vn 0 -1 0
vn 0 -1 0
vn 0 -1 0
vn 0 -1 0
vn 0 -1 0
vn 0 -1 0
vn 0 -1 0
vn 0 -1 0
vn 0 -1 0
vn 0 -1 0
vn 0 -1 0
vn 0 -1 0
vn 0 -1 0
vn 0 -1 0
vn 0 -1 0
vn 0 -1 0
vn 0 -1 0
vn 0 -1 0
vn 0 -1 0
vn 0 -1 0
vn 0 -1 0
vn 0 -1 0
vn 0 -1 0
vn 0 -1 0
vn 0 -1 0
vn 0 -1 0
vn 0 -1 0
vn 0 -1 0
vn 0 -1 0
vn 0 -1 0
vn 0 -1 0
vn 0 -1 0
vn 0 -1 0
vn 0 -1 0
vn 0 -1 0
vn 0 1 0
vn 0 1 0
vn 0 1 0
vn 0 1 0
vn 0 1 0
vn -0.4106856153442663 -0.2211384082622972 -0.8845536330491888
vn -0.49904122634695214 -0.10748580259780505 -0.8598864207824404
vn -0.7238107635516222 -0.09047634544395278 -0.684040941378456
vn -0.9118224299814769 0 0.4105847734423122
vn -0.9118224299814769 0 0.4105847734423122
vn -0.5714937537595791 0 0.8206064156547802
vn -0.5714937537595791 0 0.8206064156547802
vn 0.2455892126798839 0.5289613811566729 0.8123335496334618
vn -0.18514836986616268 0 0.9827105785204017
vn -0.15201559454158226 0.23971689908480273 0.9588675963392109
vn -0.11529735086230586 0 0.9933310228137117
vn -0.9327960198178104 -0.1165995024772263 -0.3410222007936064
vn -1 0 0
vn -1 0 0
vn -0.9999999995408123 -0.000030304709349844925 0
vn -1 0 0
vn -1 0 0
vn -1 0 0
vn -1 0 0
vn -1 0 0
vn -1 0 0
vn -1 0 0
vn -1 0 0
vn -1 0 0
vn -1 0 0
vn -1 0 0
vn -1 0 0
vn -1 0 0
vn -1 0 0
vn -1 0 0
vn -1 0 0
vn -1 0 0
vn -1 0 0
vn -1 0 0
vn -1 0 0
vn -0.9968003106582415 0 0.07993210038297212
vn -0.9968003106582415 0 0.07993210038297212
vn -0.9922778767136677 0.12403473458920847 0
vn 0 -0.9857630929687059 -0.1681401931150635
vn 0 -0.9935967982291475 -0.11298408095296802
vn 0 -0.9935967982291475 -0.11298408095296804
vn 0 -0.8432271980573245 -0.5375573387615444
vn 0.9922778767136677 -0.12403473458920847 0
vn 0.9922778767136677 -0.12403473458920847 0
vn 0.6067448659505574 -0.7934355939353437 0.048172875346074444
vn 0.6067448659505574 -0.7934355939353437 0.048172875346074444
vn 0.21138154353847158 -0.9756071240237145 0.05923328967286838
vn 0.21138154353847158 -0.9756071240237145 0.05923328967286838
vn 0 -0.9981619677466239 0.060602690898902176
vn 0 -0.9981619677466239 0.060602690898902176
vn 0.9922778767136677 -0.12403473458920847 0
vn 0.9922778767136677 -0.12403473458920847 0
vn 0.20847597066717816 -0.962196787694668 0.17525727204438596
vn 0.20847597066717816 -0.962196787694668 0.17525727204438596
vn 0 -0.9838136435918469 0.17919462793994356
vn 0 -0.9838136435918469 0.17919462793994356
vn 0 -1 0
vn 0 -1 0
vn 0 -1 0
vn 0 -1 0
vn 0 -1 0
vn -1 0 0
vn -1 0 0
vn 0 -1 0
vn 0 -1 0
vn 0 -1 0
vn 0 -1 0
vn 0 -1 0
vn 0 -1 0
vn 0 -1 0
vn 0 -1 0
vn -1 0 0
vn -1 0 0
vn -1 0 0
vn -1 0 0
vn -0.9922778767136677 0.12403473458920847 0
vn -0.9922778767136677 0.12403473458920847 0
vn -0.9363291775690447 0.3511234415883917 0
vn -0.9363291775690447 0.3511234415883917 0
vn -1 0 0
vn 0 -1 0
vn 0 -1 0
vn 0 -1 0
vn 0 -1 0
vn 0 -1 0
vn 0 -1 0
vn -1 0 0
vn -1 0 0
vn -1 0 0
vn -1 0 0
vn -0.7447072169839448 0.6080448370476019 0.27512294908237483
vn -0.7171678032826165 0.6955389330248869 0.04354233091358744
vn -0.9743911956946201 -0.22485950669875768 0
vn -0.9743911956946201 -0.2248595066987577 0
vn -1 0 0
vn -1 0 0
vn -1 0 0
vn -0.9922778767136677 0.12403473458920847 0
vn -0.9922778767136677 0.12403473458920847 0
vn -0.9363291775690447 0.3511234415883917 0
vn -0.9363291775690447 0.3511234415883917 0
vn 0 -1 0
vn 0 -0.029399051601892632 -0.9995677544643531
vn 0 0 1
vn 0 0 -1
vn 0 0 -1
vn 0 -0.5028168340384035 -0.8643929843581545
vn 0 -0.847998304005088 -0.52999894000318
vn 0 -0.847998304005088 -0.52999894000318
vn 0 -1 0
vn 0 -1 0
vn 0 -0.847998304005088 0.52999894000318
vn 0 -0.847998304005088 0.52999894000318
vn 0 -0.5028168340384035 0.8643929843581545
vn 0 -0.5028168340384035 0.8643929843581545
vn 0 0 1
vn 0 -1 0
vn 0 -1 0
vn 0 -1 0
vn 0 -1 0
vn 0 -1 0
vn 0 -1 0
vn -0.9999999993264956 -0.000018454193111121566 0.00003172462411237751
vn -1 0 0
vn -1 0 0
vn -1 0 0
vn 0 -1 0
vn 0 -1 0
vn 0 -1 0
vn 0 -1 0
vn 0 -1 0
vn -1 0 0
vn -1 0 0
vn -1 0 0
vn -1 0 0
vn -1 0 0
vn 0 0 -1
vn 0 0 -1
vn 0 -0.5028168340384035 0.8643929843581545
vn 0 -0.5028168340384035 0.8643929843581545
vn 0 -0.847998304005088 -0.52999894000318
vn 0 -0.847998304005088 -0.52999894000318
vn 0 -1 0
vn 0 -1 0
vn 0 -0.8741572761215379 0.48564293117863216
vn 0 -0.8741572761215379 0.48564293117863216
vn 0 0 -1
vn 0 0 -1
vn 0 -0.5694893180890407 -0.8219987327134267
vn 0 -0.5694893180890407 -0.8219987327134267
vn -0.6359347475962225 -0.25956520310049835 0.7267825686813946
vn -0.6359347475962225 -0.25956520310049835 0.7267825686813946
vn 0 1 0
vn 0 1 0
vn 0 -1 0
vn 0 0 -1
vn 0 0 -1
vn 0 0 1
vn 0 0 1
vn 1 0 0
vn 1 0 0
vn 0 0 -1
vn 0 0 -1
vn 0 -1 0
vn 0.07403865641993303 -0.9972553721868492 0
vn 0 -0.9830202487654599 -0.18349711310288658
vn -0.007385143171491308 0.13865983097493856 0.9903125319485451
vn 0 0.151299186009207 0.9884880152601504
vn 0 0 -1
vn 0 0 -1
vn 0.008310126183890832 -0.15602685896284796 -0.9877178549995922
vn 0 -0.14142135623730978 -0.9899494936611667
vn 0.9344877349289687 0.35599532759198654 0
vn 0.11189861942784861 -0.24101241107536617 -0.9640496443014647
vn 0 -1 0
vn 0 0.3713906763541038 -0.9284766908852594
vn -0.6403586406436172 0.26968950442490797 0.7191720117997545
vn 0.7716183820438255 0.2611631446917565 0.5799990382291867
vn 0.6057266353196245 0.20501516887741147 0.7688068832902923
vn 0.20461810945479827 0.9443912744067607 0.25740347726384527
vn -0.9701425001453319 -0.24253562503633297 0
vn -0.894427190999916 -0.447213595499958 0
vn 0.951197944026183 0.3056756293016865 -0.04224785120429814
vn 0.9557790087219501 0.2940858488375231 0
vn -1 0 0
vn -1 0 0
vn 0 -0.242535625036333 -0.970142500145332
vn 0 0.9284766908852594 0.3713906763541038
vn 0 -1 0
vn 0.9904820209025812 0.12381025261282265 0.060136408411942434
vn 0.9164668280791536 0.38154012554976785 0.12048105920020365
vn -0.23034048182764677 -0.8770656808052701 -0.4215436560843915
vn -0.7127688452444252 -0.6832001741427934 -0.1587390793099966
vn -0.6650450028619884 -0.7320748201282246 -0.14758591363177434
vn -0.053426714056010655 -0.9714473037776231 -0.2311616798008782
vn 0.03963543581091935 0.939054940751012 0.3414745239094589
vn 0 0.9981619677466239 0.060602690898902176
vn -0.027911104544608843 -0.9988542028745223 -0.03887482016681977
vn 0 -1 0
vn -0.992050132125723 -0.12400626651571538 -0.021423846857389853
vn -0.9921853573869146 -0.12402316967336433 -0.013655400806005141
vn -0.91227138871202 -0.40545395053867556 0.05803453566648142
vn -0.586510802271504 -0.7669756645088893 0.26029484987218776
vn -0.19429806395469196 -0.8967602951755009 0.39757921894913834
vn -0.9397934234884371 -0.3417430630867044 0
vn 0 -0.8921040966399528 0.4518299245935511
vn 0.9904820209025812 0.12381025261282265 0.060136408411942434
vn -0.4635169528933536 -0.8534412558187763 -0.23830664541076244
vn -0.894427190999916 -0.447213595499958 0
vn -1 0 0
vn 1 0 0
vn -0.04315043812070087 0.12391920691073069 0.9913536552858455
vn -0.9397934234884371 -0.3417430630867044 0
vn -0.992050132125723 -0.12400626651571538 -0.021423846857389853
vn -1 0 0
vn 1 0 0
vn 0.5891827269306563 0.44661081341682257 0.6733516879207477
vn 0.14833609386044624 0.1226625391538305 0.981300313230644
vn -0.511697553573962 -0.7728265114953833 0.37537287701204336
vn -0.3956889011954736 -0.08314663589848599 -0.9146129948833459
vn 0.6276459144608479 -0.09656090991705352 -0.7724872793364281
vn 0.11189861942784861 -0.24101241107536617 -0.9640496443014647
vn 0.11529735086230586 0 -0.9933310228137117
vn 0.22612970719934958 0 -0.9740972002433518
vn 0.11441871127762732 -0.12322015060667554 -0.9857612048534043
vn 0.26867814378065835 0.5166887380397275 -0.8129236145158374
vn 0.20737054884737638 0.39878951701418525 -0.893288518111775
vn 0.5999884618712912 -0.09922886100179044 -0.7938308880143236
vn 0.7219176766971994 0.4293901626387946 0.5426407248826314
vn 0.5714937537595791 0 0.8206064156547802
vn 0.20329879151257155 0.4378743201809232 0.8757486403618464
vn 0.6159104803639746 0.09771656659620749 0.7817325327696599
vn 0.19071528142015107 0.5373036293856178 0.8215427507329582
vn 0.35202498007897626 -0.05754254482060184 0.9342201394403599
vn 0.14833609386044624 0.1226625391538305 0.981300313230644
vn 0.4400861322142738 0.2177862141470636 0.8711448565882544
vn 0.32599068331940423 0.38115833741961114 0.8651291211168803
vn 0.21164107056789913 0.0325601647027536 0.976804941082611
vn 0.20975246129938982 -0.13714584008037015 0.9680882829202603
vn 0.1565810543382804 0 0.9876651119799225
vn 0 0.242535625036333 0.970142500145332
vn 0.24919112643767485 0.9488431352819156 0.19390845039117688
vn 0.5688618357982206 0.7438962468130571 0.3507343521095784
vn 0.9486832980505139 0.31622776601683794 0
vn 0.9556266898554052 0.29403898149397084 0.017852366733562518
vn 0.9242941354335032 0.37753296172880646 0.05611785822274842
vn 0.9440627856458086 0.3146875952152695 0.09857572812973187
vn 0.9922778767136677 0.12403473458920847 0
vn 0.9904820209025812 0.12381025261282265 0.060136408411942434
vn 0.9922778767136677 0.12403473458920847 0
vn 0.9922778767136677 0.12403473458920847 0
vn 0.9147433146956728 0.4002002001793568 0.05553798696366586
vn 0.894427190999916 0.447213595499958 0
vn 0.9694317452468085 0.24100398136024004 -0.04603446834970865
vn 0.9557790087219501 0.2940858488375231 0
vn 0.9184048546783538 0.3898664266624246 0.06735497208598801
vn 0.9348198400770594 0.35055744002889727 0.05675691886182147
vn 0.894427190999916 0.447213595499958 0
vn 0.9363291775690447 0.3511234415883917 0
vn 0.9363291775690447 0.3511234415883917 0
vn 0.8944271909999161 0.44721359549995804 0
vn 0.9354792765333199 0.35080472869999496 0.04259771705642797
vn 1 0 0
vn 0.9981619677466238 0 0.06060269089890216
vn 0.9922778767136677 0.12403473458920847 0
vn 0.9922778767136677 0.12403473458920847 0
vn 0.9811268273792352 0.18396128013360658 0.05956841451945357
vn 0.782201769547506 0.610264965486592 0.12544745360667536
vn 0.8965123193846574 0.22412807984616448 0.3821416818616015
vn 1 0 0
vn 1 0 0
vn 1 0 0
vn 1 0 0
vn 1 0 0
vn 1 0 0
vn 0.9891515110248548 0.12364393887810685 0.07931875324255902
vn 0.9873824376051593 0 0.15835378716309143
vn 1 0 0
vn 0.73232676862213 -0.17383958750345002 -0.6583899314054703
vn 0.7857330946663207 -0.4438027187926088 -0.43088589062346405
vn 0.9852106019339493 -0.13615488132317 -0.10402844865141081
vn 0.9743911956946201 -0.22485950669875768 0
vn 0.9740154386801249 -0.22648010405364144 0.0008292651058649743
vn 1 0 0
vn 0.9743911956946201 -0.22485950669875768 0
vn 0.9743911956946201 -0.22485950669875765 0
vn 0 -1 0
vn 0 -1 0
vn 0 -1 0
vn 0 -1 0
vn 0 -1 0
vn 0 -1 0
vn 0 -1 0
vn 0 -1 0
vn 0 -1 0
vn 0 -1 0
vn 0 1 0
vn 0.6537018542909409 -0.18353936678168717 -0.7341574671267487
vn 0 0.44721359549995804 0.8944271909999161
vn 0 0.242535625036333 0.970142500145332
vn 0.8768124086713199 0 -0.4808326112068505
vn 0.9999999995195058 0.000009246470488521954 -0.000029588705563270256
vn 1 0 0
vn 1 0 0
vn 0.9922778767136677 0.12403473458920847 0
vn -0.7124070797542276 -0.6966492349313799 -0.08459312138452471
vn -0.662361325100402 -0.7385184693785711 -0.12596803323848535
vn -0.022847244841668887 -0.9666142048398374 -0.2552155606639102
vn -0.06734216743240753 -0.9765783561648833 -0.20435201676469925
vn -0.02347854122576684 -0.9933228980132123 -0.11295299192382516
vn -0.06411815945099249 -0.8789011611642386 -0.4726749523010191
vn -0.027031719227215506 -0.9673836561313571 -0.2518693073908554
vn -0.06159618594072923 -0.9819455311474369 -0.1788543646018546
vn 0.06811138750538369 0.9535594250753714 0.2934029000231912
vn 0.05447252496350763 0.9402330270410567 0.33614669250985035
vn -0.9557790087219501 -0.2940858488375231 0
vn -0.9485084933964026 -0.3161694977988009 0.019196005223498628
vn -0.9138115486202572 -0.4061384660534476 0
vn -0.9471135260586695 -0.3157045086862232 0.057503321224990654
vn -0.6011899808034316 -0.7861715133583329 0.14319552564741064
vn -0.6011899808034316 -0.7861715133583329 0.14319552564741064
vn 0 -1 0
vn 0 -1 0
vn 0 -1 0
vn 0 -1 0
vn 0 -1 0
vn 1 0 0
vn 1 0 0
vn 0.9363291775690447 0.3511234415883917 0
vn 0.9348198400770594 0.35055744002889716 0.05675691886182147
vn 1 0 0
vn 0 -1 0
vn 1 0 0
vn 1 0 0
vn 0.9684639662431431 0.24211599156078578 0.058799597950476554
vn 0.982872186934322 0.18428853505018536 0
vn 1 0 0
vn 0 -1 0
vn -0.009103264242024494 0 -0.9999585644316169
vn 0.009099871419725222 0.027299614259175667 0.9995858759513585
vn 0 -0.5028168340384035 -0.8643929843581545
vn 0 0 1
vn 0.9740151500593347 -0.22648003694293253 0.0011315128015361605
vn 0.9736585946500554 -0.228010835409371 0
vn 0.999999954367449 -0.00027339588067978155 -0.0001285293444545608
vn 1 0 0
vn 1 0 0
vn 1 0 0
vn 0 -1 0
vn 0 -1 0
vn 1 0 0
vn 1 0 0
vn 1 0 0
vn 0.8917694445306144 0.4458847222653072 0.07703292965965673
vn 0.9344877349289681 0.3559953275919878 0
vn -0.019722811285039443 0.0046186771240277445 0.9997948182185377
vn -0.0003244909058156741 0.062398484626817054 0.9980512631232571
vn 0 0 1
vn 0 0 1
vn 0 -1 0
vn 0 -1 0
vn 0.12387608682871008 -0.05056166809335092 0.9910086946296807
vn 0.14430689307172848 0 0.9895329810632816
vn 0.9608302856023215 -0.23530537606587407 -0.1464122339965437
vn 0.925847643695199 -0.37789699742661087 0
vn 0 0.973841209741793 -0.2272296156064194
vn 0.05285830119208652 0.9924415734024385 -0.11075072630722918
vn -0.9631737132732069 -0.19656606393330728 -0.18346165967108657
vn -1 0 0
vn 0.02761718484640435 0.5185267358916724 0.8546153024997196
vn 0.11348172759080602 0.40363763166409133 0.9078538207264479
vn 0.8621017483785455 0.5062108368567164 0.023046997450386904
vn 0.9066837737717911 0.39854231814144514 -0.13816133695570101
vn -0.9114544238673832 0.4006393071944527 -0.09348250501203939
vn 0 -1 0
vn -1 0 0
vn 1 0 0
vn -1 -3.6830299872301104e-16 9.868649107779147e-17
vn 1 0 0
vn -1 -1.709300165674279e-16 -9.868649107779166e-17
vn 1 0 0
vn -1 -1.9737298215558337e-16 0
vn 1 0 0
vn -1 -1.7093001656742803e-16 9.868649107779156e-17
vn 1 0 0
vn -1 -3.6830299872301124e-16 -9.868649107779166e-17
vn 1 0 0
vn -1 0 0
vn 1 0 0
vn -1 -3.6830299872301114e-16 -9.868649107779148e-17
vn 1 0 0
vn -1 -1.709300165674279e-16 9.86864910777917e-17
vn 1 5.392330152904392e-16 5.392330152904391e-16
vn -1 -1.9737298215558337e-16 0
vn 1 3.9474596431116675e-16 0
vn -1 -1.7093001656742803e-16 -9.868649107779153e-17
vn 1 5.392330152904386e-16 -5.392330152904387e-16
vn -1 -3.683029987230112e-16 9.868649107779165e-17
vn 1 0 0
vn -1 0 0
vn 1 0 0
vn -1 -3.6830299872301104e-16 9.868649107779147e-17
vn 1 0 0
vn -1 -1.709300165674279e-16 -9.868649107779166e-17
vn 1 0 0
vn -1 -1.9737298215558337e-16 0
vn 1 0 0
vn -1 -1.709300165674279e-16 9.868649107779166e-17
vn 1 0 0
vn -1 -3.6830299872301124e-16 -9.868649107779166e-17
vn 1 0 0
vn -1 0 0
vn 1 0 0
vn -1 -3.6830299872301114e-16 -9.868649107779151e-17
vn 1 0 0
vn -1 -1.709300165674279e-16 9.868649107779166e-17
vn 1 5.392330152904392e-16 5.392330152904392e-16
vn -1 -1.9737298215558337e-16 0
vn 1 3.9474596431116675e-16 0
vn -1 -1.709300165674279e-16 -9.868649107779159e-17
vn 1 5.392330152904392e-16 -5.392330152904394e-16
vn -1 -3.683029987230112e-16 9.868649107779167e-17
vn 1 0 0
vn 0 -1 0
vn 0 -1 0
vn 0 -1 0
vn 0 -1 0
vn 0 0 1
vn 0 0 1
vn -1.1102230246251556e-16 0.49999999999999956 0.8660254037844389
vn -1.1102230246251556e-16 0.49999999999999956 0.8660254037844389
vn -1.922962686383564e-16 0.8660254037844387 0.49999999999999983
vn -1.922962686383564e-16 0.8660254037844387 0.49999999999999983
vn -2.220446049250313e-16 1 0
vn -2.220446049250313e-16 1 0
vn -1.9229626863835653e-16 0.8660254037844393 -0.4999999999999993
vn -1.9229626863835653e-16 0.8660254037844393 -0.4999999999999993
vn -1.1102230246251562e-16 0.49999999999999983 -0.8660254037844387
vn -1.1102230246251562e-16 0.49999999999999983 -0.8660254037844387
vn 0 0 -1
vn 0 0 -1
vn 1.1102230246251559e-16 -0.4999999999999996 0.8660254037844388
vn 9.207574968075277e-17 -0.4999999999999996 0.8660254037844389
vn 1.922962686383564e-16 -0.8660254037844387 0.5
vn 1.841514993615057e-16 -0.8660254037844388 0.5000000000000001
vn 2.220446049250313e-16 -1 0
vn 2.220446049250313e-16 -1 0
vn 1.9229626863835655e-16 -0.8660254037844392 -0.49999999999999906
vn 1.841514993615054e-16 -0.8660254037844392 -0.49999999999999906
vn 1.1102230246251562e-16 -0.49999999999999983 -0.8660254037844388
vn 1.1509468710094104e-16 -0.49999999999999983 -0.8660254037844388
vn 0 0 1
vn 0 0 1
vn -1.1102230246251556e-16 0.49999999999999956 0.8660254037844389
vn -1.1102230246251556e-16 0.49999999999999956 0.8660254037844389
vn -1.922962686383564e-16 0.8660254037844387 0.49999999999999983
vn 0 0.8660254037844392 0.4999999999999994
vn 0 1 0
vn 0 1 0
vn 0 0.8660254037844387 -0.49999999999999983
vn -1.922962686383565e-16 0.8660254037844392 -0.4999999999999994
vn -1.1102230246251562e-16 0.49999999999999983 -0.8660254037844387
vn -1.1102230246251562e-16 0.49999999999999983 -0.8660254037844387
vn 0 0 -1
vn 0 0 -1
vn 1.1102230246251559e-16 -0.4999999999999996 0.8660254037844388
vn 9.207574968075277e-17 -0.4999999999999996 0.8660254037844389
vn 1.922962686383564e-16 -0.8660254037844387 0.49999999999999983
vn 1.8415149936150567e-16 -0.8660254037844388 0.4999999999999999
vn 2.220446049250313e-16 -1 0
vn 2.220446049250313e-16 -1 0
vn 1.922962686383565e-16 -0.866025403784439 -0.49999999999999967
vn 2.071704367816939e-16 -0.8660254037844389 -0.4999999999999996
vn 1.1102230246251562e-16 -0.49999999999999983 -0.8660254037844388
vn 1.1509468710094104e-16 -0.49999999999999983 -0.8660254037844388
vn 0 -1 0
vn 0.18514836986616268 0 0.9827105785204017
vn -0.2610331253133128 0.43170863032586326 0.8634172606517265
vn 0 -1 0
vn -0.32884764705458686 0.9443829864131724 0
vn -1 0 0
vn 1 0 0
vn 1 0 0
vn -1 0 0
vn -0.9344877349289687 0.35599532759198654 0
vn 0 1 0
vn 0 1 0
vn 0 -1 0
vn 0 -1 0
vn 0 -1 0
vn 0 -0.8995081585759975 0.4369039627369132
vn 0 -0.8995081585759975 0.4369039627369132
vn 0 -0.8995081585759975 0.4369039627369132
vn 0 -0.8995081585759975 0.4369039627369132
vn 0 -0.8995081585759975 0.4369039627369132
vn 0 -0.8995081585759975 0.4369039627369132
vn 0 0 -1
vn 0 0 -1
vn 0 -0.09053574604251853 -0.995893206467704
vn 0 -0.09053574604251853 -0.995893206467704
vn 0 -0.242535625036333 -0.970142500145332
vn 0 -0.242535625036333 -0.970142500145332
vn 0 -0.12403473458920847 -0.9922778767136677
vn 0 -0.12403473458920847 -0.9922778767136677
vn 0 0 -1
vn 0 0 -1
vn 0 -0.09053574604251853 -0.995893206467704
vn 0 -0.09053574604251853 -0.995893206467704
vn 0 -0.242535625036333 -0.970142500145332
vn 0 -0.242535625036333 -0.970142500145332
vn 0 -0.12403473458920847 -0.9922778767136677
vn 0 -0.12403473458920847 -0.9922778767136677
vn 0 0 -1
vn 0 0 -1
vn 0 -0.09053574604251853 -0.995893206467704
vn 0 -0.09053574604251853 -0.995893206467704
vn 0 -0.242535625036333 -0.970142500145332
vn 0 -0.242535625036333 -0.970142500145332
vn 0 -0.12403473458920847 -0.9922778767136677
vn 0 -0.12403473458920847 -0.9922778767136677
vn 0.04315043812070087 -0.12391920691073069 -0.9913536552858455
vn 0.22612970719934955 0 -0.9740972002433517
vn -0.22447181760574053 0.12086944024924487 -0.966955521993959
vn 0 0 -1
vn -0.21970872151080406 -0.23660939239625048 -0.9464375695850019
vn 0 -0.12403473458920847 -0.9922778767136677
vn 0 -0.12403473458920847 -0.9922778767136677
vn 0.47746384796147867 -0.3085151017597246 -0.8227069380259323
vn 0.4184306096405654 0.11265439490322911 -0.9012351592258329
vn 0.11529735086230586 0 -0.9933310228137117
vn 0.6473070839162568 -0.2676365827730676 -0.7136975540615137
vn 0.7163078619422125 -0.16923757177755566 -0.6769502871102226
vn 0.6718149384858157 0 -0.740719034740771
vn 0.6718149384858157 0 -0.740719034740771
vn 0.6718149384858157 0 -0.740719034740771
vn 0.4618677054249423 0.5069612979664307 -0.7277832541695985
vn 0.4924262960236566 0.5770968808603035 -0.6515178685851455
vn 0.9118224299814769 0 0.4105847734423122
vn 0.9118224299814769 0 0.4105847734423122
vn 0.9118224299814769 0 0.4105847734423122
vn 0.9118224299814769 0 0.4105847734423122
vn 0.9059568033880104 0.1132446004235013 0.40794353882602347
vn 0.5714937537595791 0 0.8206064156547802
vn 0.5714937537595791 0 0.8206064156547802
vn 0.15540122712166954 0.12252789061516249 0.9802231249212999
vn 0.22397154549374762 -0.13782864338076767 0.9648005036653741
vn 0.21970872151080406 0.23660939239625048 0.9464375695850019
vn 0.21970872151080406 0.23660939239625048 0.9464375695850019
vn 0.1142904068996627 0.13187354642268767 0.9846558132894015
vn 0.05793822416202077 0 0.9983201701763577
vn 0.15312076156766263 -0.20906873214046237 0.9658386498883333
vn 0.05694911544684004 0.18398944990517546 0.9812770661609358
vn 0.21175334700580614 0.9773231400267972 0
vn 0.21175334700580614 0.9773231400267972 0
vn 0.21138154353847158 0.9756071240237145 0.05923328967286838
vn 0.21138154353847158 0.9756071240237145 0.05923328967286838
vn 0.6074501075707974 0.794357832977196 0
vn 0.6074501075707974 0.794357832977196 0
vn 0.6067448659505574 0.7934355939353437 0.048172875346074444
vn 0.6067448659505574 0.7934355939353437 0.048172875346074444
vn 0.9557790087219501 0.2940858488375231 0
vn 0.9557790087219501 0.2940858488375231 0
vn 0.9922778767136677 0.12403473458920847 0
vn 0.9922778767136677 0.12403473458920847 0
vn 0.9922778767136677 0.12403473458920847 0
vn 0.9904820209025812 0.12381025261282265 0.060136408411942434
vn 0.9922778767136677 0.12403473458920847 0
vn 0.9922778767136677 0.12403473458920847 0
vn 0.9922778767136677 0.12403473458920847 0
vn 0.9922778767136677 0.12403473458920847 0
vn 0.9922778767136677 0.12403473458920847 0
vn 0.9922778767136677 0.12403473458920847 0
vn 0.9701425001453319 0.24253562503633297 0
vn 0.9904820209025812 0.12381025261282265 0.060136408411942434
vn 0.8860072736301875 0.4242428955609252 -0.18710712610823782
vn 0.9363291775690447 0.3511234415883917 0
vn 0.9363291775690447 0.3511234415883917 0
vn 0.9363291775690447 0.3511234415883917 0
vn 0.9363291775690447 0.3511234415883917 0
vn 0.9363291775690447 0.3511234415883917 0
vn 0.9363291775690447 0.3511234415883917 0
vn 0.9363291775690447 0.3511234415883917 0
vn 0.9363291775690447 0.3511234415883917 0
vn 0.9363291775690447 0.3511234415883917 0
vn 0.9363291775690445 0.3511234415883917 0
vn 0.9363291775690445 0.3511234415883917 0
vn 0.9363291775690447 0.3511234415883917 0
vn 0.9363291775690447 0.3511234415883917 0
vn 0.9363291775690447 0.3511234415883917 0
vn 0.8931112769721179 0.44655563848605895 0.054224613244735737
vn 0.8192455936408357 0.5524359273962054 0.15378947760483885
vn 0.9732396017899371 0 -0.22979268375595663
vn 0.9780944564599062 -0.025819263602202422 -0.20655410881761938
vn 1 0 0
vn 1 0 0
vn 1 0 0
vn 1 0 0
vn 1 0 0
vn 0.9922778767136677 0.12403473458920847 0
vn 0.9922778767136677 0.12403473458920847 0
vn 0.9922778767136677 0.12403473458920847 0
vn 0.9922778767136677 0.12403473458920847 0
vn 0.9922778767136677 0.12403473458920847 0
vn 0.9922778767136677 0.12403473458920847 0
vn 0.9922778767136677 0.12403473458920847 0
vn 0.9922778767136677 0.12403473458920847 0
vn 0.9922778767136677 0.12403473458920847 0
vn 0.9922778767136677 0.12403473458920847 0
vn 0.9922778767136677 0.12403473458920847 0
vn 0.9922778767136677 0.12403473458920847 0
vn 0.9922778767136677 0.12403473458920847 0
vn 0.9922778767136677 0.12403473458920847 0
vn 0.9922778767136677 0.12403473458920847 0
vn 0.9922778767136677 0.12403473458920847 0
vn 0.9922778767136677 0.12403473458920847 0
vn 0.9922778767136677 0.12403473458920847 0
vn 0.9732396017899371 0 -0.22979268375595663
vn 0.9732396017899371 0 -0.22979268375595663
vn 1 0 0
vn 1 0 0
vn 1 0 0
vn 1 0 0
vn 1 0 0
vn 1 0 0
vn 1 0 0
vn 1 0 0
vn 1 0 0
vn 1 0 0
vn 1 0 0
vn 1 0 0
vn 1 0 0
vn 1 0 0
vn 1 0 0
vn 1 0 0
vn 1 0 0
vn 1 0 0
vn 1 0 0
vn 1 0 0
vn 1 0 0
vn 1 0 0
vn 0.9392023045613883 0 -0.34336428338803276
vn 0.9696461302612055 -0.08585408445021063 -0.22894422520056168
vn 1 0 0
vn 1 0 0
vn 1 0 0
vn 1 0 0
vn 1 0 0
vn 1 0 0
vn 1 0 0
vn 1 0 0
vn 1 0 0
vn 1 0 0
vn 1 0 0
vn 1 0 0
vn 1 0 0
vn 1 0 0
vn 1 0 0
vn 1 0 0
vn 1 0 0
vn 1 0 0
vn 1 0 0
vn 1 0 0
vn 1 0 0
vn 1 0 0
vn 1 0 0
vn 0.9968003106582415 0 0.07993210038297212
vn 0.9968003106582415 0 0.07993210038297212
vn 0.9980525784828888 -0.06237828615518055 0
vn 0.9743911956946201 -0.2248595066987577 0
vn 0.9743911956946201 -0.2248595066987577 0
vn 1 0 0
vn 1 0 0
vn 1 0 0
vn 1 0 0
vn 1 0 0
vn 1 0 0
vn 1 0 0
vn 1 0 0
vn 1 0 0
vn 1 0 0
vn 1 0 0
vn 1 0 0
vn 1 0 0
vn 1 0 0
vn 1 0 0
vn 1 0 0
vn 1 0 0
vn 0.9743911956946201 -0.22485950669875768 0
vn 0.9743911956946201 -0.2248595066987577 0
vn 0.9968003106582415 0 0.07993210038297212
vn 0.9968003106582415 0 0.07993210038297212
vn 0 -1 0
vn 0 -1 0
vn 0 -1 0
vn 0 -1 0
vn 0 -1 0
vn 0 -1 0
vn 0 -1 0
vn 0 -1 0
vn 0 -1 0
vn 0 -1 0
vn 0 -1 0
vn 0 -1 0
vn 0 -1 0
vn 0 -1 0
vn 0 -1 0
vn 0 -1 0
vn 0 -1 0
vn 0 -1 0
vn 0 -1 0
vn 0 -1 0
vn 0 -1 0
vn 0 -1 0
vn 0 -1 0
vn 0 -1 0
vn 0 -1 0
vn 0 -1 0
vn 0 -1 0
vn 0 -1 0
vn 0 -1 0
vn 0 -1 0
vn 0 -1 0
vn 0 -1 0
vn 0 -1 0
vn 0 -1 0
vn 0 -1 0
vn 0 -1 0
vn 0 -1 0
vn 0 -1 0
vn 0 -1 0
vn 0 -1 0
vn 0 -1 0
vn 0 -1 0
vn 0 -1 0
vn 0 -1 0
vn 0 -1 0
vn 0 -1 0
vn 0 -1 0
vn 0 -1 0
vn 0 -1 0
vn 0 -1 0
vn 0 -1 0
vn 0 -1 0
vn 0 -1 0
vn 0 -1 0
vn 0 -1 0
vn 0 -1 0
vn 0 -1 0
vn 0 -1 0
vn 0 -1 0
vn 0 -1 0
vn 0 -1 0
vn 0 -1 0
vn 0 -1 0
vn 0 -1 0
vn 0 -1 0
vn 0 -1 0
vn 0 -1 0
vn 0 -1 0
vn 0 -1 0
vn 0 -1 0
vn 0 -1 0
vn 0 -1 0
vn 0 -1 0
vn 0 -1 0
vn 0 -1 0
vn 0 -1 0
vn 0 -1 0
vn 0 -1 0
vn 0 -1 0
vn 0 -1 0
vn 0 -1 0
vn 0 -1 0
vn 0 -1 0
vn 0 -1 0
vn 0 -1 0
vn 0 -1 0
vn 0 -1 0
vn 0 -1 0
vn 0 -1 0
vn 0 -1 0
vn 0 -1 0
vn 0 -1 0
vn 0 -1 0
vn 0 -1 0
vn 0 -1 0
vn 0 -1 0
vn 0 -1 0
vn 0 -1 0
vn 0 -1 0
vn 0 -1 0
vn 0 -1 0
vn 0 -1 0
vn 0 -1 0
vn 0 -1 0
vn 0 -1 0
vn 0 -1 0
vn 0 -1 0
vn 0 -1 0
vn 0 -1 0
vn 0 -1 0
vn 0 -1 0
vn 0 -1 0
vn 0 -1 0
vn 0 -1 0
vn 0 -1 0
vn 0 -1 0
vn 0 -1 0
vn 0 -1 0
vn 0 -1 0
vn 0 -1 0
vn 0 -1 0
vn 0 -1 0
vn 0 -1 0
vn 0 -1 0
vn 0 -1 0
vn 0 -1 0
vn 0 -1 0
vn 0 -1 0
vn 0 -1 0
vn 0 -1 0
vn 0 -1 0
vn 0 -1 0
vn 0 -1 0
vn 0 -1 0
vn 0 -1 0
vn 0 -1 0
vn 0 -1 0
vn 0 -1 0
vn 0 1 0
vn 0 1 0
vn 0 1 0
vn 0 1 0
vn 0 1 0
vn 0.4106856153442663 -0.2211384082622972 -0.8845536330491888
vn 0.49904122634695214 -0.10748580259780505 -0.8598864207824404
vn 0.7238107635516222 -0.09047634544395278 -0.684040941378456
vn 0.9118224299814769 0 0.4105847734423122
vn 0.9118224299814769 0 0.4105847734423122
vn 0.5714937537595791 0 0.8206064156547802
vn 0.5714937537595791 0 0.8206064156547802
vn -0.2455892126798839 0.5289613811566729 0.8123335496334618
vn 0.18514836986616268 0 0.9827105785204017
vn 0.15201559454158226 0.23971689908480273 0.9588675963392109
vn 0.11529735086230586 0 0.9933310228137117
vn 0.9327960198178104 -0.1165995024772263 -0.3410222007936064
vn 1 0 0
vn 1 0 0
vn 0.9999999995408123 -0.000030304709349844925 0
vn 1 0 0
vn 1 0 0
vn 1 0 0
vn 1 0 0
vn 1 0 0
vn 1 0 0
vn 1 0 0
vn 1 0 0
vn 1 0 0
vn 1 0 0
vn 1 0 0
vn 1 0 0
vn 1 0 0
vn 1 0 0
vn 1 0 0
vn 1 0 0
vn 1 0 0
vn 1 0 0
vn 1 0 0
vn 1 0 0
vn 0.9968003106582415 0 0.07993210038297212
vn 0.9968003106582415 0 0.07993210038297212
vn 0.9922778767136677 0.12403473458920847 0
vn 0 -0.9857630929687059 -0.1681401931150635
vn 0 -0.9935967982291476 -0.11298408095296805
vn 0 -0.9935967982291475 -0.11298408095296804
vn 0 -0.8432271980573245 -0.5375573387615443
vn -0.9922778767136677 -0.12403473458920847 0
vn -0.9922778767136677 -0.12403473458920847 0
vn -0.6067448659505574 -0.7934355939353437 0.048172875346074444
vn -0.6067448659505574 -0.7934355939353437 0.048172875346074444
vn -0.21138154353847158 -0.9756071240237145 0.05923328967286838
vn -0.21138154353847158 -0.9756071240237145 0.05923328967286838
vn 0 -0.9981619677466239 0.060602690898902176
vn 0 -0.9981619677466239 0.060602690898902176
vn -0.9922778767136677 -0.12403473458920847 0
vn -0.9922778767136677 -0.12403473458920847 0
vn -0.20847597066717816 -0.962196787694668 0.17525727204438596
vn -0.20847597066717816 -0.962196787694668 0.17525727204438596
vn 0 -0.9838136435918469 0.17919462793994356
vn 0 -0.9838136435918469 0.17919462793994356
vn 0 -1 0
vn 0 -1 0
vn 0 -1 0
vn 0 -1 0
vn 0 -1 0
vn 1 0 0
vn 1 0 0
vn 0 -1 0
vn 0 -1 0
vn 0 -1 0
vn 0 -1 0
vn 0 -1 0
vn 0 -1 0
vn 0 -1 0
vn 0 -1 0
vn 1 0 0
vn 1 0 0
vn 1 0 0
vn 1 0 0
vn 0.9922778767136677 0.12403473458920847 0
vn 0.9922778767136677 0.12403473458920847 0
vn 0.9363291775690447 0.3511234415883917 0
vn 0.9363291775690447 0.3511234415883917 0
vn 1 0 0
vn 0 -1 0
vn 0 -1 0
vn 0 -1 0
vn 0 -1 0
vn 0 -1 0
vn 0 -1 0
vn 1 0 0
vn 1 0 0
vn 1 0 0
vn 1 0 0
vn 0.7447072169839448 0.608044837047602 0.27512294908237483
vn 0.7171678032826165 0.6955389330248869 0.04354233091358744
vn 0.9743911956946201 -0.2248595066987577 0
vn 0.9743911956946201 -0.22485950669875768 0
vn 1 0 0
vn 1 0 0
vn 1 0 0
vn 0.9922778767136677 0.12403473458920847 0
vn 0.9922778767136677 0.12403473458920847 0
vn 0.9363291775690447 0.3511234415883917 0
vn 0.9363291775690447 0.3511234415883917 0
vn 0 -1 0
vn 0 -0.029399051601892632 -0.9995677544643531
vn 0 0 1
vn 0 0 -1
vn 0 0 -1
vn 0 -0.5028168340384035 -0.8643929843581545
vn 0 -0.847998304005088 -0.52999894000318
vn 0 -0.847998304005088 -0.52999894000318
vn 0 -1 0
vn 0 -1 0
vn 0 -0.847998304005088 0.52999894000318
vn 0 -0.847998304005088 0.52999894000318
vn 0 -0.5028168340384035 0.8643929843581545
vn 0 -0.5028168340384035 0.8643929843581545
vn 0 0 1
vn 0 -1 0
vn 0 -1 0
vn 0 -1 0
vn 0 -1 0
vn 0 -1 0
vn 0 -1 0
vn 0.9999999993264956 -0.00001845419311112156 0.00003172462411237752
vn 1 0 0
vn 1 0 0
vn 1 0 0
vn 0 -1 0
vn 0 -1 0
vn 0 -1 0
vn 0 -1 0
vn 0 -1 0
vn 1 0 0
vn 1 0 0
vn 1 0 0
vn 1 0 0
vn 1 0 0
vn 0 0 -1
vn 0 0 -1
vn 0 -0.5028168340384035 0.8643929843581545
vn 0 -0.5028168340384035 0.8643929843581545
vn 0 -0.847998304005088 -0.52999894000318
vn 0 -0.847998304005088 -0.52999894000318
vn 0 -1 0
vn 0 -1 0
vn 0 -0.8741572761215379 0.48564293117863216
vn 0 -0.8741572761215379 0.48564293117863216
vn 0 0 -1
vn 0 0 -1
vn 0 -0.5694893180890407 -0.8219987327134267
vn 0 -0.5694893180890407 -0.8219987327134267
vn 0.6359347475962225 -0.25956520310049835 0.7267825686813946
vn 0.6359347475962225 -0.25956520310049835 0.7267825686813946
vn 0 1 0
vn 0 1 0
vn 0 -1 0
vn 0 0 -1
vn 0 0 -1
vn 0 0 1
vn 0 0 1
vn -1 0 0
vn -1 0 0
vn 0 0 -1
vn 0 0 -1
vn 0 -1 0
vn -0.07403865641993303 -0.9972553721868492 0
vn 0 -0.9830202487654599 -0.18349711310288658
vn 0.007385143171491311 0.13865983097493859 0.9903125319485451
vn 0 0.15129918600920697 0.9884880152601504
vn 0 0 -1
vn 0 0 -1
vn -0.008310126183890834 -0.156026858962848 -0.9877178549995922
vn 0 -0.14142135623730978 -0.9899494936611667
vn -0.9344877349289687 0.35599532759198654 0
vn -0.11189861942784861 -0.24101241107536617 -0.9640496443014647
vn 0 -1 0
vn 0 0 0
vn 0 0.09053574604251854 0.995893206467704
vn 0 0.09053574604251854 0.995893206467704
vn 0 0.8995081585759975 -0.4369039627369132
vn 0 0.8995081585759975 -0.4369039627369132
vn 0 0 1
vn 0 0 1
vn 0 0.24253562503633297 0.9701425001453319
vn 0 0.24253562503633297 0.9701425001453319
vn 0 0.12403473458920848 0.9922778767136679
vn 0 0.12403473458920848 0.9922778767136679
vn 0 0 -1
vn 0 0 -1
vn 0 0 -1
vn 0 0 -1
vn 0 -0.24253562503633297 -0.9701425001453319
vn 0 -0.24253562503633297 -0.9701425001453319
vn 0 1 0
vn 0 1 0
vn 0 1 0
vn 0 1 0
vn 0 1 0
vn 0 1 0
vn 0 1 0
vn 0 1 0
vn 0 1 0
vn 0 1 0
vn 0 1 0
vn 0 1 0
vn 0 1 0
vn 0 1 0
vn 0 1 0
vn 0 1 0
vn 0 1 0
vn 0 1 0
vn 0 1 0
vn 0 1 0
vn 0 1 0
vn 0 1 0
vn 0 1 0
vn 0 1 0
vn 0 1 0
vn 0 1 0
vn 0 1 0
vn 0 1 0
vn 0 1 0
vn 0 1 0
vn 0 1 0
vn 0 1 0
vn 0 -1 0
vn 0 -1 0
vn 0 0 -1
vn 0 0 -1
vn 0 -0.9284766908852593 -0.3713906763541037
vn 0 -0.9284766908852593 -0.3713906763541037
vn 0 -1 0
vn 0 -1 0
vn 0 0.9981619677466238 -0.06060269089890217
vn 0 0.9981619677466238 -0.06060269089890217
vn 0 0.9838136435918469 -0.17919462793994356
vn 0 0.9838136435918469 -0.17919462793994356
vn 0 -0.9905835023786986 0.13690991496290958
vn 0 -0.9905835023786986 0.13690991496290958
vn 0 -0.9822418366057124 0.18761922721682098
vn 0 -0.9822418366057124 0.18761922721682098
vn 0 -0.9539937169012555 0.2998265967403949
vn 0 -0.9539937169012553 0.2998265967403949
vn 0 -0.8574929257125445 0.5144957554275259
vn 0 -0.8574929257125445 0.5144957554275259
vn 0 -0.8921040966399526 0.4518299245935512
vn 0 -0.8921040966399527 0.45182992459355126
vn 0 -0.3713906763541038 0.9284766908852594
vn 0 -0.37139067635410383 0.9284766908852593
vn 0 1 0
vn 0 1 0
vn 0 0.972659443205846 0.23223610301263162
vn 0 0.972659443205846 0.23223610301263165
vn 0 0.9785069120509285 0.20621402248284856
vn 0 0.9785069120509284 0.20621402248284854
vn 0 0.9935967918545947 0.11298413701160634
vn 0 0.9935967918545947 0.11298413701160634
vn 0 0.9935967982291475 0.11298408095296805
vn 0 0.9935967982291475 0.11298408095296805
vn 0 0.8432271980573245 0.5375573387615443
vn 0 0.8432271980573246 0.5375573387615444
vn 0 0.9838136435918469 0.17919462793994353
vn 0 0.9838136435918469 0.17919462793994353
vn 0 1 0
vn 0 1 0
vn 0 1 0
vn 0 1 0
vn 0 1 0
vn 0 1 0
vn 0 1 0
vn 0 1 0
vn 0 -0.3713906763541038 0.9284766908852594
vn -0.6403586406436172 -0.26968950442490797 -0.7191720117997545
vn 0.7716183820438255 -0.2611631446917565 -0.5799990382291867
vn 0.6057266353196245 -0.20501516887741147 -0.7688068832902923
vn 0.20461810945479827 -0.9443912744067607 -0.25740347726384527
vn -0.9701425001453319 0.24253562503633297 0
vn -0.894427190999916 0.447213595499958 0
vn 0.951197944026183 -0.3056756293016865 0.04224785120429814
vn 0.9557790087219501 -0.2940858488375231 0
vn -1 0 0
vn -1 0 0
vn 0 0.242535625036333 0.970142500145332
vn 0 -0.9284766908852594 -0.3713906763541038
vn 0 1 0
vn 0.9904820209025812 -0.12381025261282265 -0.060136408411942434
vn 0.9164668280791536 -0.38154012554976785 -0.12048105920020365
vn -0.23034048182764677 0.8770656808052701 0.4215436560843915
vn -0.7127688452444252 0.6832001741427934 0.1587390793099966
vn -0.6650450028619885 0.7320748201282244 0.14758591363177434
vn -0.05342671405601064 0.9714473037776231 0.23116167980087818
vn 0.03963543581091935 -0.939054940751012 -0.3414745239094589
vn 0 -0.9981619677466239 -0.060602690898902176
vn -0.027911104544608843 0.9988542028745223 0.03887482016681977
vn 0 1 0
vn -0.992050132125723 0.12400626651571538 0.021423846857389853
vn -0.9921853573869146 0.12402316967336433 0.013655400806005141
vn -0.91227138871202 0.40545395053867556 -0.05803453566648142
vn -0.5865108022715042 0.7669756645088891 -0.2602948498721877
vn -0.19429806395469196 0.8967602951755009 -0.39757921894913834
vn -0.9397934234884371 0.3417430630867044 0
vn 0 0.8921040966399526 -0.45182992459355115
vn 0.9904820209025812 -0.12381025261282265 -0.060136408411942434
vn -0.4635169528933535 0.8534412558187762 0.2383066454107624
vn -0.894427190999916 0.447213595499958 0
vn -1 0 0
vn 1 0 0
vn -0.04315043812070087 -0.12391920691073069 -0.9913536552858455
vn -0.9397934234884371 0.3417430630867044 0
vn -0.992050132125723 0.12400626651571538 0.021423846857389853
vn -1 0 0
vn 1 0 0
vn 0.5891827269306563 -0.44661081341682246 -0.6733516879207477
vn 0.14833609386044624 -0.1226625391538305 -0.981300313230644
vn -0.511697553573962 0.7728265114953833 -0.37537287701204336
vn -0.3956889011954736 0.08314663589848599 0.9146129948833459
vn 0.6276459144608479 0.09656090991705352 0.7724872793364281
vn 0.11189861942784861 0.24101241107536617 0.9640496443014647
vn 0.11529735086230586 0 0.9933310228137117
vn 0.22612970719934958 0 0.9740972002433518
vn 0.11441871127762732 0.12322015060667554 0.9857612048534043
vn 0.26867814378065835 -0.5166887380397275 0.8129236145158374
vn 0.20737054884737638 -0.39878951701418525 0.893288518111775
vn 0.5999884618712912 0.09922886100179044 0.7938308880143236
vn 0.7219176766971994 -0.4293901626387946 -0.5426407248826314
vn 0.5714937537595791 0 -0.8206064156547802
vn 0.20329879151257155 -0.4378743201809232 -0.8757486403618464
vn 0.6159104803639746 -0.09771656659620749 -0.7817325327696599
vn 0.19071528142015107 -0.5373036293856178 -0.8215427507329582
vn 0.35202498007897626 0.05754254482060184 -0.9342201394403599
vn 0.14833609386044624 -0.1226625391538305 -0.981300313230644
vn 0.4400861322142738 -0.2177862141470636 -0.8711448565882544
vn 0.32599068331940423 -0.38115833741961114 -0.8651291211168803
vn 0.21164107056789913 -0.0325601647027536 -0.976804941082611
vn 0.20975246129938982 0.13714584008037015 -0.9680882829202603
vn 0.1565810543382804 0 -0.9876651119799225
vn 0 -0.242535625036333 -0.970142500145332
vn 0.24919112643767485 -0.9488431352819156 -0.19390845039117688
vn 0.5688618357982206 -0.7438962468130571 -0.3507343521095784
vn 0.9486832980505139 -0.31622776601683794 0
vn 0.9556266898554052 -0.29403898149397084 -0.017852366733562518
vn 0.9242941354335032 -0.37753296172880646 -0.05611785822274842
vn 0.9440627856458086 -0.3146875952152695 -0.09857572812973187
vn 0.9922778767136677 -0.12403473458920847 0
vn 0.9904820209025812 -0.12381025261282265 -0.060136408411942434
vn 0.9922778767136677 -0.12403473458920847 0
vn 0.9922778767136677 -0.12403473458920847 0
vn 0.9147433146956728 -0.4002002001793568 -0.05553798696366586
vn 0.894427190999916 -0.447213595499958 0
vn 0.9694317452468085 -0.24100398136024004 0.04603446834970865
vn 0.9557790087219501 -0.29408584883752314 0
vn 0.918404854678354 -0.38986642666242466 -0.06735497208598801
vn 0.9348198400770594 -0.35055744002889727 -0.05675691886182147
vn 0.894427190999916 -0.447213595499958 0
vn 0.9363291775690447 -0.3511234415883917 0
vn 0.9363291775690447 -0.3511234415883917 0
vn 0.8944271909999161 -0.44721359549995804 0
vn 0.9354792765333199 -0.35080472869999496 -0.04259771705642797
vn 1 0 0
vn 0.9981619677466238 0 -0.06060269089890216
vn 0.9922778767136677 -0.12403473458920847 0
vn 0.9922778767136677 -0.12403473458920847 0
vn 0.9811268273792352 -0.18396128013360658 -0.05956841451945357
vn 0.782201769547506 -0.610264965486592 -0.12544745360667536
vn 0.8965123193846574 -0.22412807984616434 -0.3821416818616015
vn 1 0 0
vn 1 0 0
vn 1 0 0
vn 1 0 0
vn 1 0 0
vn 1 0 0
vn 0.9891515110248548 -0.12364393887810685 -0.07931875324255902
vn 0.9873824376051593 0 -0.15835378716309143
vn 1 0 0
vn 0.73232676862213 0.17383958750345002 0.6583899314054703
vn 0.7857330946663207 0.4438027187926088 0.43088589062346405
vn 0.9852106019339493 0.13615488132317 0.10402844865141081
vn 0.9743911956946201 0.22485950669875768 0
vn 0.9740154386801249 0.22648010405364144 -0.0008292651058649743
vn 1 0 0
vn 0.9743911956946201 0.2248595066987577 0
vn 0.9743911956946201 0.2248595066987577 0
vn 0 1 0
vn 0 1 0
vn 0 1 0
vn 0 1 0
vn 0 1 0
vn 0 1 0
vn 0 1 0
vn 0 1 0
vn 0 1 0
vn 0 1 0
vn 0 -1 0
vn 0.6537018542909409 0.18353936678168717 0.7341574671267487
vn 0 -0.44721359549995804 -0.8944271909999161
vn 0 -0.242535625036333 -0.970142500145332
vn 0.8768124086713199 0 0.4808326112068505
vn 0.9999999995195058 -0.000009246470488521954 0.00002958870556327025
vn 1 0 0
vn 1 0 0
vn 0.9922778767136677 -0.12403473458920847 0
vn -0.7124070797542276 0.6966492349313799 0.08459312138452471
vn -0.662361325100402 0.7385184693785711 0.12596803323848535
vn -0.022847244841668887 0.9666142048398374 0.2552155606639102
vn -0.06734216743240756 0.9765783561648833 0.20435201676469922
vn -0.02347854122576684 0.9933228980132123 0.11295299192382517
vn -0.06411815945099257 0.8789011611642386 0.4726749523010191
vn -0.0270317192272155 0.9673836561313571 0.25186930739085533
vn -0.061596185940729214 0.9819455311474369 0.17885436460185455
vn 0.06811138750538369 -0.9535594250753714 -0.2934029000231912
vn 0.05447252496350763 -0.9402330270410567 -0.33614669250985035
vn -0.9557790087219501 0.2940858488375231 0
vn -0.9485084933964026 0.3161694977988009 -0.019196005223498628
vn -0.9138115486202572 0.4061384660534476 0
vn -0.9471135260586695 0.3157045086862232 -0.057503321224990654
vn -0.6011899808034316 0.7861715133583329 -0.14319552564741064
vn -0.6011899808034316 0.7861715133583329 -0.14319552564741064
vn 0 1 0
vn 0 1 0
vn 0 1 0
vn 0 1 0
vn 0 1 0
vn 1 0 0
vn 1 0 0
vn 0.9363291775690447 -0.3511234415883917 0
vn 0.9348198400770594 -0.35055744002889716 -0.05675691886182147
vn 1 0 0
vn 0 1 0
vn 1 0 0
vn 1 0 0
vn 0.9684639662431431 -0.24211599156078578 -0.058799597950476554
vn 0.982872186934322 -0.18428853505018536 0
vn 1 0 0
vn 0 1 0
vn -0.009103264242024494 0 0.9999585644316169
vn 0.009099871419725222 -0.027299614259175667 -0.9995858759513585
vn 0 0.5028168340384035 0.8643929843581545
vn 0 0 -1
vn 0.9740151500593347 0.22648003694293253 -0.001131512801536168
vn 0.9736585946500554 0.228010835409371 0
vn 0.999999954367449 0.0002733958806797816 0.00012852934445456077
vn 1 0 0
vn 1 0 0
vn 1 0 0
vn 0 1 0
vn 0 1 0
vn 1 0 0
vn 1 0 0
vn 1 0 0
vn 0.8917694445306144 -0.4458847222653072 -0.07703292965965673
vn 0.9344877349289681 -0.3559953275919878 0
vn -0.019722811285039443 -0.0046186771240277445 -0.9997948182185377
vn -0.0003244909058156741 -0.062398484626817054 -0.9980512631232571
vn 0 0 -1
vn 0 0 -1
vn 0 1 0
vn 0 1 0
vn 0.12387608682871008 0.05056166809335092 -0.9910086946296807
vn 0.14430689307172848 0 -0.9895329810632816
vn 0.9608302856023215 0.23530537606587407 0.1464122339965437
vn 0.925847643695199 0.37789699742661087 0
vn 0 -0.973841209741793 0.2272296156064194
vn 0.05285830119208652 -0.9924415734024385 0.11075072630722918
vn -0.9631737132732069 0.19656606393330728 0.1834616596710866
vn -1 0 0
vn 0.027617184846404352 -0.5185267358916725 -0.8546153024997197
vn 0.11348172759080599 -0.40363763166409133 -0.9078538207264479
vn 0.8621017483785456 -0.5062108368567164 -0.02304699745038688
vn 0.9066837737717911 -0.39854231814144514 0.13816133695570101
vn -0.9114544238673832 -0.4006393071944527 0.09348250501203942
vn 0 1 0
vn -1 0 0
vn 1 0 0
vn -1 3.6830299872301104e-16 -9.868649107779147e-17
vn 1 0 0
vn -1 1.709300165674279e-16 9.868649107779166e-17
vn 1 0 0
vn -1 1.9737298215558337e-16 0
vn 1 0 0
vn -1 1.7093001656742803e-16 -9.868649107779156e-17
vn 1 0 0
vn -1 3.6830299872301124e-16 9.868649107779166e-17
vn 1 0 0
vn -1 0 0
vn 1 0 0
vn -1 3.6830299872301114e-16 9.868649107779148e-17
vn 1 0 0
vn -1 1.709300165674279e-16 -9.86864910777917e-17
vn 1 -5.392330152904392e-16 -5.392330152904391e-16
vn -1 1.9737298215558337e-16 0
vn 1 -3.9474596431116675e-16 0
vn -1 1.7093001656742803e-16 9.868649107779153e-17
vn 1 -5.392330152904386e-16 5.392330152904387e-16
vn -1 3.683029987230112e-16 -9.868649107779165e-17
vn 1 0 0
vn -1 0 0
vn 1 0 0
vn -1 3.6830299872301104e-16 -9.868649107779147e-17
vn 1 0 0
vn -1 1.709300165674279e-16 9.868649107779166e-17
vn 1 0 0
vn -1 1.9737298215558337e-16 0
vn 1 0 0
vn -1 1.709300165674279e-16 -9.868649107779166e-17
vn 1 0 0
vn -1 3.6830299872301124e-16 9.868649107779166e-17
vn 1 0 0
vn -1 0 0
vn 1 0 0
vn -1 3.6830299872301114e-16 9.868649107779151e-17
vn 1 0 0
vn -1 1.709300165674279e-16 -9.868649107779166e-17
vn 1 -5.392330152904392e-16 -5.392330152904392e-16
vn -1 1.9737298215558337e-16 0
vn 1 -3.9474596431116675e-16 0
vn -1 1.7093001656742794e-16 9.86864910777916e-17
vn 1 -5.392330152904392e-16 5.392330152904393e-16
vn -1 3.683029987230112e-16 -9.868649107779167e-17
vn 1 0 0
vn 0 1 0
vn 0 1 0
vn 0 1 0
vn 0 1 0
vn 0 0 -1
vn 0 0 -1
vn -1.1102230246251556e-16 -0.49999999999999956 -0.8660254037844389
vn -1.1509468710094094e-16 -0.49999999999999956 -0.8660254037844389
vn -1.922962686383564e-16 -0.8660254037844387 -0.49999999999999983
vn -1.8415149936150562e-16 -0.8660254037844387 -0.49999999999999983
vn -2.220446049250313e-16 -1 0
vn -2.220446049250313e-16 -1 0
vn -1.9229626863835653e-16 -0.8660254037844393 0.4999999999999993
vn -1.8415149936150542e-16 -0.8660254037844393 0.4999999999999993
vn -1.1102230246251562e-16 -0.49999999999999983 0.8660254037844387
vn -1.15094687100941e-16 -0.49999999999999983 0.8660254037844387
vn 0 0 1
vn 0 0 1
vn 9.207574968075278e-17 0.4999999999999996 -0.8660254037844388
vn 1.1102230246251557e-16 0.4999999999999996 -0.8660254037844389
vn 1.8415149936150562e-16 0.8660254037844387 -0.5
vn 1.9229626863835648e-16 0.8660254037844388 -0.5000000000000001
vn 2.220446049250313e-16 1 0
vn 2.220446049250313e-16 1 0
vn 1.8415149936150545e-16 0.8660254037844392 0.49999999999999906
vn 1.922962686383565e-16 0.8660254037844392 0.49999999999999906
vn 1.15094687100941e-16 0.49999999999999983 0.8660254037844388
vn 1.1102230246251563e-16 0.49999999999999983 0.8660254037844388
vn 0 0 -1
vn 0 0 -1
vn -1.1102230246251556e-16 -0.49999999999999956 -0.8660254037844389
vn -1.1509468710094094e-16 -0.49999999999999956 -0.8660254037844389
vn -1.922962686383564e-16 -0.8660254037844387 -0.49999999999999983
vn 0 -0.8660254037844392 -0.4999999999999994
vn 0 -1 0
vn 0 -1 0
vn 0 -0.8660254037844387 0.49999999999999983
vn -1.8415149936150572e-16 -0.8660254037844392 0.4999999999999994
vn -1.1102230246251562e-16 -0.49999999999999983 0.8660254037844387
vn -1.15094687100941e-16 -0.49999999999999983 0.8660254037844387
vn 0 0 1
vn 0 0 1
vn 9.207574968075278e-17 0.4999999999999996 -0.8660254037844388
vn 1.1102230246251557e-16 0.4999999999999996 -0.8660254037844389
vn 1.8415149936150562e-16 0.8660254037844387 -0.49999999999999983
vn 1.9229626863835646e-16 0.8660254037844388 -0.4999999999999999
vn 2.220446049250313e-16 1 0
vn 2.220446049250313e-16 1 0
vn 2.0717043678169394e-16 0.866025403784439 0.49999999999999967
vn 1.9229626863835646e-16 0.8660254037844389 0.4999999999999996
vn 1.15094687100941e-16 0.49999999999999983 0.8660254037844388
vn 1.1102230246251563e-16 0.49999999999999983 0.8660254037844388
vn 0 1 0
vn 0.18514836986616268 0 -0.9827105785204017
vn -0.2610331253133128 -0.43170863032586326 -0.8634172606517265
vn 0 1 0
vn -0.32884764705458686 -0.9443829864131724 0
vn -1 0 0
vn 1 0 0
vn 1 0 0
vn -1 0 0
vn -0.9344877349289687 -0.35599532759198654 0
vn 0 -1 0
vn 0 -1 0
vn 0 1 0
vn 0 1 0
vn 0 1 0
vn 0 0.8995081585759975 -0.4369039627369132
vn 0 0.8995081585759975 -0.4369039627369132
vn 0 0.8995081585759975 -0.4369039627369132
vn 0 0.8995081585759975 -0.4369039627369132
vn 0 0.8995081585759975 -0.4369039627369132
vn 0 0.8995081585759975 -0.4369039627369132
vn 0 0 1
vn 0 0 1
vn 0 0.09053574604251853 0.995893206467704
vn 0 0.09053574604251853 0.995893206467704
vn 0 0.242535625036333 0.970142500145332
vn 0 0.242535625036333 0.970142500145332
vn 0 0.12403473458920847 0.9922778767136677
vn 0 0.12403473458920847 0.9922778767136677
vn 0 0 1
vn 0 0 1
vn 0 0.09053574604251853 0.995893206467704
vn 0 0.09053574604251853 0.995893206467704
vn 0 0.242535625036333 0.970142500145332
vn 0 0.242535625036333 0.970142500145332
vn 0 0.12403473458920847 0.9922778767136677
vn 0 0.12403473458920847 0.9922778767136677
vn 0 0 1
vn 0 0 1
vn 0 0.09053574604251853 0.995893206467704
vn 0 0.09053574604251853 0.995893206467704
vn 0 0.242535625036333 0.970142500145332
vn 0 0.242535625036333 0.970142500145332
vn 0 0.12403473458920847 0.9922778767136677
vn 0 0.12403473458920847 0.9922778767136677
vn 0.04315043812070087 0.12391920691073069 0.9913536552858455
vn 0.22612970719934955 0 0.9740972002433517
vn -0.22447181760574053 -0.12086944024924487 0.966955521993959
vn 0 0 1
vn -0.21970872151080406 0.23660939239625048 0.9464375695850019
vn 0 0.12403473458920847 0.9922778767136677
vn 0 0.12403473458920847 0.9922778767136677
vn 0.47746384796147867 0.3085151017597246 0.8227069380259323
vn 0.4184306096405654 -0.11265439490322911 0.9012351592258329
vn 0.11529735086230586 0 0.9933310228137117
vn 0.6473070839162568 0.2676365827730676 0.7136975540615137
vn 0.7163078619422125 0.16923757177755566 0.6769502871102226
vn 0.6718149384858157 0 0.740719034740771
vn 0.6718149384858157 0 0.740719034740771
vn 0.6718149384858157 0 0.740719034740771
vn 0.4618677054249423 -0.5069612979664307 0.7277832541695985
vn 0.4924262960236566 -0.5770968808603035 0.6515178685851455
vn 0.9118224299814769 0 -0.4105847734423122
vn 0.9118224299814769 0 -0.4105847734423122
vn 0.9118224299814769 0 -0.4105847734423122
vn 0.9118224299814769 0 -0.4105847734423122
vn 0.9059568033880104 -0.1132446004235013 -0.40794353882602347
vn 0.5714937537595791 0 -0.8206064156547802
vn 0.5714937537595791 0 -0.8206064156547802
vn 0.15540122712166954 -0.12252789061516249 -0.9802231249212999
vn 0.22397154549374762 0.13782864338076767 -0.9648005036653741
vn 0.21970872151080406 -0.23660939239625048 -0.9464375695850019
vn 0.21970872151080406 -0.23660939239625048 -0.9464375695850019
vn 0.1142904068996627 -0.13187354642268767 -0.9846558132894015
vn 0.05793822416202077 0 -0.9983201701763577
vn 0.15312076156766263 0.20906873214046237 -0.9658386498883333
vn 0.05694911544684004 -0.18398944990517546 -0.9812770661609358
vn 0.21175334700580614 -0.9773231400267972 0
vn 0.21175334700580614 -0.9773231400267972 0
vn 0.21138154353847158 -0.9756071240237145 -0.05923328967286838
vn 0.21138154353847158 -0.9756071240237145 -0.05923328967286838
vn 0.6074501075707974 -0.794357832977196 0
vn 0.6074501075707974 -0.794357832977196 0
vn 0.6067448659505574 -0.7934355939353437 -0.048172875346074444
vn 0.6067448659505574 -0.7934355939353437 -0.048172875346074444
vn 0.9557790087219501 -0.2940858488375231 0
vn 0.9557790087219501 -0.2940858488375231 0
vn 0.9922778767136677 -0.12403473458920847 0
vn 0.9922778767136677 -0.12403473458920847 0
vn 0.9922778767136677 -0.12403473458920847 0
vn 0.9904820209025812 -0.12381025261282265 -0.060136408411942434
vn 0.9922778767136677 -0.12403473458920847 0
vn 0.9922778767136677 -0.12403473458920847 0
vn 0.9922778767136677 -0.12403473458920847 0
vn 0.9922778767136677 -0.12403473458920847 0
vn 0.9922778767136677 -0.12403473458920847 0
vn 0.9922778767136677 -0.12403473458920847 0
vn 0.9701425001453319 -0.24253562503633297 0
vn 0.9904820209025812 -0.12381025261282265 -0.060136408411942434
vn 0.8860072736301875 -0.4242428955609252 0.18710712610823782
vn 0.9363291775690447 -0.3511234415883917 0
vn 0.9363291775690447 -0.3511234415883917 0
vn 0.9363291775690447 -0.3511234415883917 0
vn 0.9363291775690447 -0.3511234415883917 0
vn 0.9363291775690447 -0.3511234415883917 0
vn 0.9363291775690447 -0.3511234415883917 0
vn 0.9363291775690447 -0.3511234415883917 0
vn 0.9363291775690447 -0.3511234415883917 0
vn 0.9363291775690447 -0.3511234415883917 0
vn 0.9363291775690445 -0.3511234415883917 0
vn 0.9363291775690445 -0.3511234415883917 0
vn 0.9363291775690447 -0.3511234415883917 0
vn 0.9363291775690447 -0.3511234415883917 0
vn 0.9363291775690447 -0.3511234415883917 0
vn 0.8931112769721179 -0.44655563848605895 -0.054224613244735737
vn 0.8192455936408357 -0.5524359273962054 -0.15378947760483885
vn 0.9732396017899371 0 0.22979268375595663
vn 0.9780944564599062 0.025819263602202422 0.20655410881761938
vn 1 0 0
vn 1 0 0
vn 1 0 0
vn 1 0 0
vn 1 0 0
vn 0.9922778767136677 -0.12403473458920847 0
vn 0.9922778767136677 -0.12403473458920847 0
vn 0.9922778767136677 -0.12403473458920847 0
vn 0.9922778767136677 -0.12403473458920847 0
vn 0.9922778767136677 -0.12403473458920847 0
vn 0.9922778767136677 -0.12403473458920847 0
vn 0.9922778767136677 -0.12403473458920847 0
vn 0.9922778767136677 -0.12403473458920847 0
vn 0.9922778767136677 -0.12403473458920847 0
vn 0.9922778767136677 -0.12403473458920847 0
vn 0.9922778767136677 -0.12403473458920847 0
vn 0.9922778767136677 -0.12403473458920847 0
vn 0.9922778767136677 -0.12403473458920847 0
vn 0.9922778767136677 -0.12403473458920847 0
vn 0.9922778767136677 -0.12403473458920847 0
vn 0.9922778767136677 -0.12403473458920847 0
vn 0.9922778767136677 -0.12403473458920847 0
vn 0.9922778767136677 -0.12403473458920847 0
vn 0.9732396017899371 0 0.22979268375595663
vn 0.9732396017899371 0 0.22979268375595663
vn 1 0 0
vn 1 0 0
vn 1 0 0
vn 1 0 0
vn 1 0 0
vn 1 0 0
vn 1 0 0
vn 1 0 0
vn 1 0 0
vn 1 0 0
vn 1 0 0
vn 1 0 0
vn 1 0 0
vn 1 0 0
vn 1 0 0
vn 1 0 0
vn 1 0 0
vn 1 0 0
vn 1 0 0
vn 1 0 0
vn 1 0 0
vn 1 0 0
vn 0.9392023045613883 0 0.34336428338803276
vn 0.9696461302612055 0.08585408445021063 0.22894422520056168
vn 1 0 0
vn 1 0 0
vn 1 0 0
vn 1 0 0
vn 1 0 0
vn 1 0 0
vn 1 0 0
vn 1 0 0
vn 1 0 0
vn 1 0 0
vn 1 0 0
vn 1 0 0
vn 1 0 0
vn 1 0 0
vn 1 0 0
vn 1 0 0
vn 1 0 0
vn 1 0 0
vn 1 0 0
vn 1 0 0
vn 1 0 0
vn 1 0 0
vn 1 0 0
vn 0.9968003106582415 0 -0.07993210038297212
vn 0.9968003106582415 0 -0.07993210038297212
vn 0.9980525784828888 0.06237828615518055 0
vn 0.9743911956946201 0.2248595066987577 0
vn 0.9743911956946201 0.2248595066987577 0
vn 1 0 0
vn 1 0 0
vn 1 0 0
vn 1 0 0
vn 1 0 0
vn 1 0 0
vn 1 0 0
vn 1 0 0
vn 1 0 0
vn 1 0 0
vn 1 0 0
vn 1 0 0
vn 1 0 0
vn 1 0 0
vn 1 0 0
vn 1 0 0
vn 1 0 0
vn 0.9743911956946201 0.22485950669875768 0
vn 0.9743911956946201 0.22485950669875765 0
vn 0.9968003106582415 0 -0.07993210038297212
vn 0.9968003106582415 0 -0.07993210038297212
vn 0 1 0
vn 0 1 0
vn 0 1 0
vn 0 1 0
vn 0 1 0
vn 0 1 0
vn 0 1 0
vn 0 1 0
vn 0 1 0
vn 0 1 0
vn 0 1 0
vn 0 1 0
vn 0 1 0
vn 0 1 0
vn 0 1 0
vn 0 1 0
vn 0 1 0
vn 0 1 0
vn 0 1 0
vn 0 1 0
vn 0 1 0
vn 0 1 0
vn 0 1 0
vn 0 1 0
vn 0 1 0
vn 0 1 0
vn 0 1 0
vn 0 1 0
vn 0 1 0
vn 0 1 0
vn 0 1 0
vn 0 1 0
vn 0 1 0
vn 0 1 0
vn 0 1 0
vn 0 1 0
vn 0 1 0
vn 0 1 0
vn 0 1 0
vn 0 1 0
vn 0 1 0
vn 0 1 0
vn 0 1 0
vn 0 1 0
vn 0 1 0
vn 0 1 0
vn 0 1 0
vn 0 1 0
vn 0 1 0
vn 0 1 0
vn 0 1 0
vn 0 1 0
vn 0 1 0
vn 0 1 0
vn 0 1 0
vn 0 1 0
vn 0 1 0
vn 0 1 0
vn 0 1 0
vn 0 1 0
vn 0 1 0
vn 0 1 0
vn 0 1 0
vn 0 1 0
vn 0 1 0
vn 0 1 0
vn 0 1 0
vn 0 1 0
vn 0 1 0
vn 0 1 0
vn 0 1 0
vn 0 1 0
vn 0 1 0
vn 0 1 0
vn 0 1 0
vn 0 1 0
vn 0 1 0
vn 0 1 0
vn 0 1 0
vn 0 1 0
vn 0 1 0
vn 0 1 0
vn 0 1 0
vn 0 1 0
vn 0 1 0
vn 0 1 0
vn 0 1 0
vn 0 1 0
vn 0 1 0
vn 0 1 0
vn 0 1 0
vn 0 1 0
vn 0 1 0
vn 0 1 0
vn 0 1 0
vn 0 1 0
vn 0 1 0
vn 0 1 0
vn 0 1 0
vn 0 1 0
vn 0 1 0
vn 0 1 0
vn 0 1 0
vn 0 1 0
vn 0 1 0
vn 0 1 0
vn 0 1 0
vn 0 1 0
vn 0 1 0
vn 0 1 0
vn 0 1 0
vn 0 1 0
vn 0 1 0
vn 0 1 0
vn 0 1 0
vn 0 1 0
vn 0 1 0
vn 0 1 0
vn 0 1 0
vn 0 1 0
vn 0 1 0
vn 0 1 0
vn 0 1 0
vn 0 1 0
vn 0 1 0
vn 0 1 0
vn 0 1 0
vn 0 1 0
vn 0 1 0
vn 0 1 0
vn 0 1 0
vn 0 1 0
vn 0 1 0
vn 0 1 0
vn 0 1 0
vn 0 1 0
vn 0 1 0
vn 0 1 0
vn 0 -1 0
vn 0 -1 0
vn 0 -1 0
vn 0 -1 0
vn 0 -1 0
vn 0.4106856153442663 0.2211384082622972 0.8845536330491888
vn 0.49904122634695214 0.10748580259780505 0.8598864207824404
vn 0.7238107635516222 0.09047634544395278 0.684040941378456
vn 0.9118224299814769 0 -0.4105847734423122
vn 0.9118224299814769 0 -0.4105847734423122
vn 0.5714937537595791 0 -0.8206064156547802
vn 0.5714937537595791 0 -0.8206064156547802
vn -0.2455892126798839 -0.5289613811566729 -0.8123335496334618
vn 0.18514836986616268 0 -0.9827105785204017
vn 0.15201559454158226 -0.23971689908480273 -0.9588675963392109
vn 0.11529735086230586 0 -0.9933310228137117
vn 0.9327960198178104 0.1165995024772263 0.3410222007936064
vn 1 0 0
vn 1 0 0
vn 0.9999999995408123 0.000030304709349844925 0
vn 1 0 0
vn 1 0 0
vn 1 0 0
vn 1 0 0
vn 1 0 0
vn 1 0 0
vn 1 0 0
vn 1 0 0
vn 1 0 0
vn 1 0 0
vn 1 0 0
vn 1 0 0
vn 1 0 0
vn 1 0 0
vn 1 0 0
vn 1 0 0
vn 1 0 0
vn 1 0 0
vn 1 0 0
vn 1 0 0
vn 0.9968003106582415 0 -0.07993210038297212
vn 0.9968003106582415 0 -0.07993210038297212
vn 0.9922778767136677 -0.12403473458920847 0
vn 0 0.9857630929687059 0.1681401931150635
vn 0 0.9935967982291475 0.11298408095296802
vn 0 0.9935967982291475 0.11298408095296804
vn 0 0.8432271980573245 0.5375573387615444
vn -0.9922778767136677 0.12403473458920847 0
vn -0.9922778767136677 0.12403473458920847 0
vn -0.6067448659505574 0.7934355939353437 -0.048172875346074444
vn -0.6067448659505574 0.7934355939353437 -0.048172875346074444
vn -0.21138154353847158 0.9756071240237145 -0.05923328967286838
vn -0.21138154353847158 0.9756071240237145 -0.05923328967286838
vn 0 0.9981619677466239 -0.060602690898902176
vn 0 0.9981619677466239 -0.060602690898902176
vn -0.9922778767136677 0.12403473458920847 0
vn -0.9922778767136677 0.12403473458920847 0
vn -0.20847597066717816 0.962196787694668 -0.17525727204438596
vn -0.20847597066717816 0.962196787694668 -0.17525727204438596
vn 0 0.9838136435918469 -0.17919462793994356
vn 0 0.9838136435918469 -0.17919462793994356
vn 0 1 0
vn 0 1 0
vn 0 1 0
vn 0 1 0
vn 0 1 0
vn 1 0 0
vn 1 0 0
vn 0 1 0
vn 0 1 0
vn 0 1 0
vn 0 1 0
vn 0 1 0
vn 0 1 0
vn 0 1 0
vn 0 1 0
vn 1 0 0
vn 1 0 0
vn 1 0 0
vn 1 0 0
vn 0.9922778767136677 -0.12403473458920847 0
vn 0.9922778767136677 -0.12403473458920847 0
vn 0.9363291775690447 -0.3511234415883917 0
vn 0.9363291775690447 -0.3511234415883917 0
vn 1 0 0
vn 0 1 0
vn 0 1 0
vn 0 1 0
vn 0 1 0
vn 0 1 0
vn 0 1 0
vn 1 0 0
vn 1 0 0
vn 1 0 0
vn 1 0 0
vn 0.7447072169839448 -0.6080448370476019 -0.27512294908237483
vn 0.7171678032826165 -0.6955389330248869 -0.04354233091358744
vn 0.9743911956946201 0.22485950669875768 0
vn 0.9743911956946201 0.2248595066987577 0
vn 1 0 0
vn 1 0 0
vn 1 0 0
vn 0.9922778767136677 -0.12403473458920847 0
vn 0.9922778767136677 -0.12403473458920847 0
vn 0.9363291775690447 -0.3511234415883917 0
vn 0.9363291775690447 -0.3511234415883917 0
vn 0 1 0
vn 0 0.029399051601892632 0.9995677544643531
vn 0 0 -1
vn 0 0 1
vn 0 0 1
vn 0 0.5028168340384035 0.8643929843581545
vn 0 0.847998304005088 0.52999894000318
vn 0 0.847998304005088 0.52999894000318
vn 0 1 0
vn 0 1 0
vn 0 0.847998304005088 -0.52999894000318
vn 0 0.847998304005088 -0.52999894000318
vn 0 0.5028168340384035 -0.8643929843581545
vn 0 0.5028168340384035 -0.8643929843581545
vn 0 0 -1
vn 0 1 0
vn 0 1 0
vn 0 1 0
vn 0 1 0
vn 0 1 0
vn 0 1 0
vn 0.9999999993264956 0.000018454193111121566 -0.00003172462411237751
vn 1 0 0
vn 1 0 0
vn 1 0 0
vn 0 1 0
vn 0 1 0
vn 0 1 0
vn 0 1 0
vn 0 1 0
vn 1 0 0
vn 1 0 0
vn 1 0 0
vn 1 0 0
vn 1 0 0
vn 0 0 1
vn 0 0 1
vn 0 0.5028168340384035 -0.8643929843581545
vn 0 0.5028168340384035 -0.8643929843581545
vn 0 0.847998304005088 0.52999894000318
vn 0 0.847998304005088 0.52999894000318
vn 0 1 0
vn 0 1 0
vn 0 0.8741572761215379 -0.48564293117863216
vn 0 0.8741572761215379 -0.48564293117863216
vn 0 0 1
vn 0 0 1
vn 0 0.5694893180890407 0.8219987327134267
vn 0 0.5694893180890407 0.8219987327134267
vn 0.6359347475962225 0.25956520310049835 -0.7267825686813946
vn 0.6359347475962225 0.25956520310049835 -0.7267825686813946
vn 0 -1 0
vn 0 -1 0
vn 0 1 0
vn 0 0 1
vn 0 0 1
vn 0 0 -1
vn 0 0 -1
vn -1 0 0
vn -1 0 0
vn 0 0 1
vn 0 0 1
vn 0 1 0
vn -0.07403865641993303 0.9972553721868492 0
vn 0 0.9830202487654599 0.18349711310288658
vn 0.007385143171491308 -0.13865983097493856 -0.9903125319485451
vn 0 -0.151299186009207 -0.9884880152601504
vn 0 0 1
vn 0 0 1
vn -0.008310126183890832 0.15602685896284796 0.9877178549995922
vn 0 0.14142135623730978 0.9899494936611667
vn -0.9344877349289687 -0.35599532759198654 0
vn -0.11189861942784861 0.24101241107536617 0.9640496443014647
vn 0 1 0
vn 0 -0.3713906763541038 0.9284766908852594
vn 0.6403586406436172 -0.26968950442490797 -0.7191720117997545
vn -0.7716183820438255 -0.2611631446917565 -0.5799990382291867
vn -0.6057266353196245 -0.20501516887741147 -0.7688068832902923
vn -0.20461810945479827 -0.9443912744067607 -0.25740347726384527
vn 0.9701425001453319 0.24253562503633297 0
vn 0.894427190999916 0.447213595499958 0
vn -0.951197944026183 -0.3056756293016865 0.04224785120429814
vn -0.9557790087219501 -0.2940858488375231 0
vn 1 0 0
vn 1 0 0
vn 0 0.242535625036333 0.970142500145332
vn 0 -0.9284766908852594 -0.3713906763541038
vn 0 1 0
vn -0.9904820209025812 -0.12381025261282265 -0.060136408411942434
vn -0.9164668280791536 -0.38154012554976785 -0.12048105920020365
vn 0.23034048182764677 0.8770656808052701 0.4215436560843915
vn 0.7127688452444252 0.6832001741427934 0.1587390793099966
vn 0.6650450028619884 0.7320748201282246 0.14758591363177434
vn 0.053426714056010655 0.9714473037776231 0.2311616798008782
vn -0.03963543581091935 -0.939054940751012 -0.3414745239094589
vn 0 -0.9981619677466239 -0.060602690898902176
vn 0.027911104544608843 0.9988542028745223 0.03887482016681977
vn 0 1 0
vn 0.992050132125723 0.12400626651571538 0.021423846857389853
vn 0.9921853573869146 0.12402316967336433 0.013655400806005141
vn 0.91227138871202 0.40545395053867556 -0.05803453566648142
vn 0.586510802271504 0.7669756645088893 -0.26029484987218776
vn 0.19429806395469196 0.8967602951755009 -0.39757921894913834
vn 0.9397934234884371 0.3417430630867044 0
vn 0 0.8921040966399528 -0.4518299245935511
vn -0.9904820209025812 -0.12381025261282265 -0.060136408411942434
vn 0.4635169528933536 0.8534412558187763 0.23830664541076244
vn 0.894427190999916 0.447213595499958 0
vn 1 0 0
vn -1 0 0
vn 0.04315043812070087 -0.12391920691073069 -0.9913536552858455
vn 0.9397934234884371 0.3417430630867044 0
vn 0.992050132125723 0.12400626651571538 0.021423846857389853
vn 1 0 0
vn -1 0 0
vn -0.5891827269306563 -0.44661081341682257 -0.6733516879207477
vn -0.14833609386044624 -0.1226625391538305 -0.981300313230644
vn 0.511697553573962 0.7728265114953833 -0.37537287701204336
vn 0.3956889011954736 0.08314663589848599 0.9146129948833459
vn -0.6276459144608479 0.09656090991705352 0.7724872793364281
vn -0.11189861942784861 0.24101241107536617 0.9640496443014647
vn -0.11529735086230586 0 0.9933310228137117
vn -0.22612970719934958 0 0.9740972002433518
vn -0.11441871127762732 0.12322015060667554 0.9857612048534043
vn -0.26867814378065835 -0.5166887380397275 0.8129236145158374
vn -0.20737054884737638 -0.39878951701418525 0.893288518111775
vn -0.5999884618712912 0.09922886100179044 0.7938308880143236
vn -0.7219176766971994 -0.4293901626387946 -0.5426407248826314
vn -0.5714937537595791 0 -0.8206064156547802
vn -0.20329879151257155 -0.4378743201809232 -0.8757486403618464
vn -0.6159104803639746 -0.09771656659620749 -0.7817325327696599
vn -0.19071528142015107 -0.5373036293856178 -0.8215427507329582
vn -0.35202498007897626 0.05754254482060184 -0.9342201394403599
vn -0.14833609386044624 -0.1226625391538305 -0.981300313230644
vn -0.4400861322142738 -0.2177862141470636 -0.8711448565882544
vn -0.32599068331940423 -0.38115833741961114 -0.8651291211168803
vn -0.21164107056789913 -0.0325601647027536 -0.976804941082611
vn -0.20975246129938982 0.13714584008037015 -0.9680882829202603
vn -0.1565810543382804 0 -0.9876651119799225
vn 0 -0.242535625036333 -0.970142500145332
vn -0.24919112643767485 -0.9488431352819156 -0.19390845039117688
vn -0.5688618357982206 -0.7438962468130571 -0.3507343521095784
vn -0.9486832980505139 -0.31622776601683794 0
vn -0.9556266898554052 -0.29403898149397084 -0.017852366733562518
vn -0.9242941354335032 -0.37753296172880646 -0.05611785822274842
vn -0.9440627856458086 -0.3146875952152695 -0.09857572812973187
vn -0.9922778767136677 -0.12403473458920847 0
vn -0.9904820209025812 -0.12381025261282265 -0.060136408411942434
vn -0.9922778767136677 -0.12403473458920847 0
vn -0.9922778767136677 -0.12403473458920847 0
vn -0.9147433146956728 -0.4002002001793568 -0.05553798696366586
vn -0.894427190999916 -0.447213595499958 0
vn -0.9694317452468085 -0.24100398136024004 0.04603446834970865
vn -0.9557790087219501 -0.2940858488375231 0
vn -0.9184048546783538 -0.3898664266624246 -0.06735497208598801
vn -0.9348198400770594 -0.35055744002889727 -0.05675691886182147
vn -0.894427190999916 -0.447213595499958 0
vn -0.9363291775690447 -0.3511234415883917 0
vn -0.9363291775690447 -0.3511234415883917 0
vn -0.8944271909999161 -0.44721359549995804 0
vn -0.9354792765333199 -0.35080472869999496 -0.04259771705642797
vn -1 0 0
vn -0.9981619677466238 0 -0.06060269089890216
vn -0.9922778767136677 -0.12403473458920847 0
vn -0.9922778767136677 -0.12403473458920847 0
vn -0.9811268273792352 -0.18396128013360658 -0.05956841451945357
vn -0.782201769547506 -0.610264965486592 -0.12544745360667536
vn -0.8965123193846574 -0.22412807984616448 -0.3821416818616015
vn -1 0 0
vn -1 0 0
vn -1 0 0
vn -1 0 0
vn -1 0 0
vn -1 0 0
vn -0.9891515110248548 -0.12364393887810685 -0.07931875324255902
vn -0.9873824376051593 0 -0.15835378716309143
vn -1 0 0
vn -0.73232676862213 0.17383958750345002 0.6583899314054703
vn -0.7857330946663207 0.4438027187926088 0.43088589062346405
vn -0.9852106019339493 0.13615488132317 0.10402844865141081
vn -0.9743911956946201 0.22485950669875768 0
vn -0.9740154386801249 0.22648010405364144 -0.0008292651058649743
vn -1 0 0
vn -0.9743911956946201 0.22485950669875768 0
vn -0.9743911956946201 0.22485950669875765 0
vn 0 1 0
vn 0 1 0
vn 0 1 0
vn 0 1 0
vn 0 1 0
vn 0 1 0
vn 0 1 0
vn 0 1 0
vn 0 1 0
vn 0 1 0
vn 0 -1 0
vn -0.6537018542909409 0.18353936678168717 0.7341574671267487
vn 0 -0.44721359549995804 -0.8944271909999161
vn 0 -0.242535625036333 -0.970142500145332
vn -0.8768124086713199 0 0.4808326112068505
vn -0.9999999995195058 -0.000009246470488521954 0.000029588705563270256
vn -1 0 0
vn -1 0 0
vn -0.9922778767136677 -0.12403473458920847 0
vn 0.7124070797542276 0.6966492349313799 0.08459312138452471
vn 0.662361325100402 0.7385184693785711 0.12596803323848535
vn 0.022847244841668887 0.9666142048398374 0.2552155606639102
vn 0.06734216743240753 0.9765783561648833 0.20435201676469925
vn 0.02347854122576684 0.9933228980132123 0.11295299192382516
vn 0.06411815945099249 0.8789011611642386 0.4726749523010191
vn 0.027031719227215506 0.9673836561313571 0.2518693073908554
vn 0.06159618594072923 0.9819455311474369 0.1788543646018546
vn -0.06811138750538369 -0.9535594250753714 -0.2934029000231912
vn -0.05447252496350763 -0.9402330270410567 -0.33614669250985035
vn 0.9557790087219501 0.2940858488375231 0
vn 0.9485084933964026 0.3161694977988009 -0.019196005223498628
vn 0.9138115486202572 0.4061384660534476 0
vn 0.9471135260586695 0.3157045086862232 -0.057503321224990654
vn 0.6011899808034316 0.7861715133583329 -0.14319552564741064
vn 0.6011899808034316 0.7861715133583329 -0.14319552564741064
vn 0 1 0
vn 0 1 0
vn 0 1 0
vn 0 1 0
vn 0 1 0
vn -1 0 0
vn -1 0 0
vn -0.9363291775690447 -0.3511234415883917 0
vn -0.9348198400770594 -0.35055744002889716 -0.05675691886182147
vn -1 0 0
vn 0 1 0
vn -1 0 0
vn -1 0 0
vn -0.9684639662431431 -0.24211599156078578 -0.058799597950476554
vn -0.982872186934322 -0.18428853505018536 0
vn -1 0 0
vn 0 1 0
vn 0.009103264242024494 0 0.9999585644316169
vn -0.009099871419725222 -0.027299614259175667 -0.9995858759513585
vn 0 0.5028168340384035 0.8643929843581545
vn 0 0 -1
vn -0.9740151500593347 0.22648003694293253 -0.0011315128015361605
vn -0.9736585946500554 0.228010835409371 0
vn -0.999999954367449 0.00027339588067978155 0.0001285293444545608
vn -1 0 0
vn -1 0 0
vn -1 0 0
vn 0 1 0
vn 0 1 0
vn -1 0 0
vn -1 0 0
vn -1 0 0
vn -0.8917694445306144 -0.4458847222653072 -0.07703292965965673
vn -0.9344877349289681 -0.3559953275919878 0
vn 0.019722811285039443 -0.0046186771240277445 -0.9997948182185377
vn 0.0003244909058156741 -0.062398484626817054 -0.9980512631232571
vn 0 0 -1
vn 0 0 -1
vn 0 1 0
vn 0 1 0
vn -0.12387608682871008 0.05056166809335092 -0.9910086946296807
vn -0.14430689307172848 0 -0.9895329810632816
vn -0.9608302856023215 0.23530537606587407 0.1464122339965437
vn -0.925847643695199 0.37789699742661087 0
vn 0 -0.973841209741793 0.2272296156064194
vn -0.05285830119208652 -0.9924415734024385 0.11075072630722918
vn 0.9631737132732069 0.19656606393330728 0.18346165967108657
vn 1 0 0
vn -0.02761718484640435 -0.5185267358916724 -0.8546153024997196
vn -0.11348172759080602 -0.40363763166409133 -0.9078538207264479
vn -0.8621017483785455 -0.5062108368567164 -0.023046997450386904
vn -0.9066837737717911 -0.39854231814144514 0.13816133695570101
vn 0.9114544238673832 -0.4006393071944527 0.09348250501203939
vn 0 1 0
vn 1 0 0
vn -1 0 0
vn 1 3.6830299872301104e-16 -9.868649107779147e-17
vn -1 0 0
vn 1 1.709300165674279e-16 9.868649107779166e-17
vn -1 0 0
vn 1 1.9737298215558337e-16 0
vn -1 0 0
vn 1 1.7093001656742803e-16 -9.868649107779156e-17
vn -1 0 0
vn 1 3.6830299872301124e-16 9.868649107779166e-17
vn -1 0 0
vn 1 0 0
vn -1 0 0
vn 1 3.6830299872301114e-16 9.868649107779148e-17
vn -1 0 0
vn 1 1.709300165674279e-16 -9.86864910777917e-17
vn -1 -5.392330152904392e-16 -5.392330152904391e-16
vn 1 1.9737298215558337e-16 0
vn -1 -3.9474596431116675e-16 0
vn 1 1.7093001656742803e-16 9.868649107779153e-17
vn -1 -5.392330152904386e-16 5.392330152904387e-16
vn 1 3.683029987230112e-16 -9.868649107779165e-17
vn -1 0 0
vn 1 0 0
vn -1 0 0
vn 1 3.6830299872301104e-16 -9.868649107779147e-17
vn -1 0 0
vn 1 1.709300165674279e-16 9.868649107779166e-17
vn -1 0 0
vn 1 1.9737298215558337e-16 0
vn -1 0 0
vn 1 1.709300165674279e-16 -9.868649107779166e-17
vn -1 0 0
vn 1 3.6830299872301124e-16 9.868649107779166e-17
vn -1 0 0
vn 1 0 0
vn -1 0 0
vn 1 3.6830299872301114e-16 9.868649107779151e-17
vn -1 0 0
vn 1 1.709300165674279e-16 -9.868649107779166e-17
vn -1 -5.392330152904392e-16 -5.392330152904392e-16
vn 1 1.9737298215558337e-16 0
vn -1 -3.9474596431116675e-16 0
vn 1 1.709300165674279e-16 9.868649107779159e-17
vn -1 -5.392330152904392e-16 5.392330152904394e-16
vn 1 3.683029987230112e-16 -9.868649107779167e-17
vn -1 0 0
vn 0 1 0
vn 0 1 0
vn 0 1 0
vn 0 1 0
vn 0 0 -1
vn 0 0 -1
vn 1.1102230246251556e-16 -0.49999999999999956 -0.8660254037844389
vn 1.1102230246251556e-16 -0.49999999999999956 -0.8660254037844389
vn 1.922962686383564e-16 -0.8660254037844387 -0.49999999999999983
vn 1.922962686383564e-16 -0.8660254037844387 -0.49999999999999983
vn 2.220446049250313e-16 -1 0
vn 2.220446049250313e-16 -1 0
vn 1.9229626863835653e-16 -0.8660254037844393 0.4999999999999993
vn 1.9229626863835653e-16 -0.8660254037844393 0.4999999999999993
vn 1.1102230246251562e-16 -0.49999999999999983 0.8660254037844387
vn 1.1102230246251562e-16 -0.49999999999999983 0.8660254037844387
vn 0 0 1
vn 0 0 1
vn -1.1102230246251559e-16 0.4999999999999996 -0.8660254037844388
vn -9.207574968075277e-17 0.4999999999999996 -0.8660254037844389
vn -1.922962686383564e-16 0.8660254037844387 -0.5
vn -1.841514993615057e-16 0.8660254037844388 -0.5000000000000001
vn -2.220446049250313e-16 1 0
vn -2.220446049250313e-16 1 0
vn -1.9229626863835655e-16 0.8660254037844392 0.49999999999999906
vn -1.841514993615054e-16 0.8660254037844392 0.49999999999999906
vn -1.1102230246251562e-16 0.49999999999999983 0.8660254037844388
vn -1.1509468710094104e-16 0.49999999999999983 0.8660254037844388
vn 0 0 -1
vn 0 0 -1
vn 1.1102230246251556e-16 -0.49999999999999956 -0.8660254037844389
vn 1.1102230246251556e-16 -0.49999999999999956 -0.8660254037844389
vn 1.922962686383564e-16 -0.8660254037844387 -0.49999999999999983
vn 0 -0.8660254037844392 -0.4999999999999994
vn 0 -1 0
vn 0 -1 0
vn 0 -0.8660254037844387 0.49999999999999983
vn 1.922962686383565e-16 -0.8660254037844392 0.4999999999999994
vn 1.1102230246251562e-16 -0.49999999999999983 0.8660254037844387
vn 1.1102230246251562e-16 -0.49999999999999983 0.8660254037844387
vn 0 0 1
vn 0 0 1
vn -1.1102230246251559e-16 0.4999999999999996 -0.8660254037844388
vn -9.207574968075277e-17 0.4999999999999996 -0.8660254037844389
vn -1.922962686383564e-16 0.8660254037844387 -0.49999999999999983
vn -1.8415149936150567e-16 0.8660254037844388 -0.4999999999999999
vn -2.220446049250313e-16 1 0
vn -2.220446049250313e-16 1 0
vn -1.922962686383565e-16 0.866025403784439 0.49999999999999967
vn -2.071704367816939e-16 0.8660254037844389 0.4999999999999996
vn -1.1102230246251562e-16 0.49999999999999983 0.8660254037844388
vn -1.1509468710094104e-16 0.49999999999999983 0.8660254037844388
vn 0 1 0
vn -0.18514836986616268 0 -0.9827105785204017
vn 0.2610331253133128 -0.43170863032586326 -0.8634172606517265
vn 0 1 0
vn 0.32884764705458686 -0.9443829864131724 0
vn 1 0 0
vn -1 0 0
vn -1 0 0
vn 1 0 0
vn 0.9344877349289687 -0.35599532759198654 0
vn 0 -1 0
vn 0 -1 0
vn 0 1 0
vn 0 1 0
vn 0 1 0
vn 0 0.8995081585759975 -0.4369039627369132
vn 0 0.8995081585759975 -0.4369039627369132
vn 0 0.8995081585759975 -0.4369039627369132
vn 0 0.8995081585759975 -0.4369039627369132
vn 0 0.8995081585759975 -0.4369039627369132
vn 0 0.8995081585759975 -0.4369039627369132
vn 0 0 1
vn 0 0 1
vn 0 0.09053574604251853 0.995893206467704
vn 0 0.09053574604251853 0.995893206467704
vn 0 0.242535625036333 0.970142500145332
vn 0 0.242535625036333 0.970142500145332
vn 0 0.12403473458920847 0.9922778767136677
vn 0 0.12403473458920847 0.9922778767136677
vn 0 0 1
vn 0 0 1
vn 0 0.09053574604251853 0.995893206467704
vn 0 0.09053574604251853 0.995893206467704
vn 0 0.242535625036333 0.970142500145332
vn 0 0.242535625036333 0.970142500145332
vn 0 0.12403473458920847 0.9922778767136677
vn 0 0.12403473458920847 0.9922778767136677
vn 0 0 1
vn 0 0 1
vn 0 0.09053574604251853 0.995893206467704
vn 0 0.09053574604251853 0.995893206467704
vn 0 0.242535625036333 0.970142500145332
vn 0 0.242535625036333 0.970142500145332
vn 0 0.12403473458920847 0.9922778767136677
vn 0 0.12403473458920847 0.9922778767136677
vn -0.04315043812070087 0.12391920691073069 0.9913536552858455
vn -0.22612970719934955 0 0.9740972002433517
vn 0.22447181760574053 -0.12086944024924487 0.966955521993959
vn 0 0 1
vn 0.21970872151080406 0.23660939239625048 0.9464375695850019
vn 0 0.12403473458920847 0.9922778767136677
vn 0 0.12403473458920847 0.9922778767136677
vn -0.47746384796147867 0.3085151017597246 0.8227069380259323
vn -0.4184306096405654 -0.11265439490322911 0.9012351592258329
vn -0.11529735086230586 0 0.9933310228137117
vn -0.6473070839162568 0.2676365827730676 0.7136975540615137
vn -0.7163078619422125 0.16923757177755566 0.6769502871102226
vn -0.6718149384858157 0 0.740719034740771
vn -0.6718149384858157 0 0.740719034740771
vn -0.6718149384858157 0 0.740719034740771
vn -0.4618677054249423 -0.5069612979664307 0.7277832541695985
vn -0.4924262960236566 -0.5770968808603035 0.6515178685851455
vn -0.9118224299814769 0 -0.4105847734423122
vn -0.9118224299814769 0 -0.4105847734423122
vn -0.9118224299814769 0 -0.4105847734423122
vn -0.9118224299814769 0 -0.4105847734423122
vn -0.9059568033880104 -0.1132446004235013 -0.40794353882602347
vn -0.5714937537595791 0 -0.8206064156547802
vn -0.5714937537595791 0 -0.8206064156547802
vn -0.15540122712166954 -0.12252789061516249 -0.9802231249212999
vn -0.22397154549374762 0.13782864338076767 -0.9648005036653741
vn -0.21970872151080406 -0.23660939239625048 -0.9464375695850019
vn -0.21970872151080406 -0.23660939239625048 -0.9464375695850019
vn -0.1142904068996627 -0.13187354642268767 -0.9846558132894015
vn -0.05793822416202077 0 -0.9983201701763577
vn -0.15312076156766263 0.20906873214046237 -0.9658386498883333
vn -0.05694911544684004 -0.18398944990517546 -0.9812770661609358
vn -0.21175334700580614 -0.9773231400267972 0
vn -0.21175334700580614 -0.9773231400267972 0
vn -0.21138154353847158 -0.9756071240237145 -0.05923328967286838
vn -0.21138154353847158 -0.9756071240237145 -0.05923328967286838
vn -0.6074501075707974 -0.794357832977196 0
vn -0.6074501075707974 -0.794357832977196 0
vn -0.6067448659505574 -0.7934355939353437 -0.048172875346074444
vn -0.6067448659505574 -0.7934355939353437 -0.048172875346074444
vn -0.9557790087219501 -0.2940858488375231 0
vn -0.9557790087219501 -0.2940858488375231 0
vn -0.9922778767136677 -0.12403473458920847 0
vn -0.9922778767136677 -0.12403473458920847 0
vn -0.9922778767136677 -0.12403473458920847 0
vn -0.9904820209025812 -0.12381025261282265 -0.060136408411942434
vn -0.9922778767136677 -0.12403473458920847 0
vn -0.9922778767136677 -0.12403473458920847 0
vn -0.9922778767136677 -0.12403473458920847 0
vn -0.9922778767136677 -0.12403473458920847 0
vn -0.9922778767136677 -0.12403473458920847 0
vn -0.9922778767136677 -0.12403473458920847 0
vn -0.9701425001453319 -0.24253562503633297 0
vn -0.9904820209025812 -0.12381025261282265 -0.060136408411942434
vn -0.8860072736301875 -0.4242428955609252 0.18710712610823782
vn -0.9363291775690447 -0.3511234415883917 0
vn -0.9363291775690447 -0.3511234415883917 0
vn -0.9363291775690447 -0.3511234415883917 0
vn -0.9363291775690447 -0.3511234415883917 0
vn -0.9363291775690447 -0.3511234415883917 0
vn -0.9363291775690447 -0.3511234415883917 0
vn -0.9363291775690447 -0.3511234415883917 0
vn -0.9363291775690447 -0.3511234415883917 0
vn -0.9363291775690447 -0.3511234415883917 0
vn -0.9363291775690445 -0.3511234415883917 0
vn -0.9363291775690445 -0.3511234415883917 0
vn -0.9363291775690447 -0.3511234415883917 0
vn -0.9363291775690447 -0.3511234415883917 0
vn -0.9363291775690447 -0.3511234415883917 0
vn -0.8931112769721179 -0.44655563848605895 -0.054224613244735737
vn -0.8192455936408357 -0.5524359273962054 -0.15378947760483885
vn -0.9732396017899371 0 0.22979268375595663
vn -0.9780944564599062 0.025819263602202422 0.20655410881761938
vn -1 0 0
vn -1 0 0
vn -1 0 0
vn -1 0 0
vn -1 0 0
vn -0.9922778767136677 -0.12403473458920847 0
vn -0.9922778767136677 -0.12403473458920847 0
vn -0.9922778767136677 -0.12403473458920847 0
vn -0.9922778767136677 -0.12403473458920847 0
vn -0.9922778767136677 -0.12403473458920847 0
vn -0.9922778767136677 -0.12403473458920847 0
vn -0.9922778767136677 -0.12403473458920847 0
vn -0.9922778767136677 -0.12403473458920847 0
vn -0.9922778767136677 -0.12403473458920847 0
vn -0.9922778767136677 -0.12403473458920847 0
vn -0.9922778767136677 -0.12403473458920847 0
vn -0.9922778767136677 -0.12403473458920847 0
vn -0.9922778767136677 -0.12403473458920847 0
vn -0.9922778767136677 -0.12403473458920847 0
vn -0.9922778767136677 -0.12403473458920847 0
vn -0.9922778767136677 -0.12403473458920847 0
vn -0.9922778767136677 -0.12403473458920847 0
vn -0.9922778767136677 -0.12403473458920847 0
vn -0.9732396017899371 0 0.22979268375595663
vn -0.9732396017899371 0 0.22979268375595663
vn -1 0 0
vn -1 0 0
vn -1 0 0
vn -1 0 0
vn -1 0 0
vn -1 0 0
vn -1 0 0
vn -1 0 0
vn -1 0 0
vn -1 0 0
vn -1 0 0
vn -1 0 0
vn -1 0 0
vn -1 0 0
vn -1 0 0
vn -1 0 0
vn -1 0 0
vn -1 0 0
vn -1 0 0
vn -1 0 0
vn -1 0 0
vn -1 0 0
vn -0.9392023045613883 0 0.34336428338803276
vn -0.9696461302612055 0.08585408445021063 0.22894422520056168
vn -1 0 0
vn -1 0 0
vn -1 0 0
vn -1 0 0
vn -1 0 0
vn -1 0 0
vn -1 0 0
vn -1 0 0
vn -1 0 0
vn -1 0 0
vn -1 0 0
vn -1 0 0
vn -1 0 0
vn -1 0 0
vn -1 0 0
vn -1 0 0
vn -1 0 0
vn -1 0 0
vn -1 0 0
vn -1 0 0
vn -1 0 0
vn -1 0 0
vn -1 0 0
vn -0.9968003106582415 0 -0.07993210038297212
vn -0.9968003106582415 0 -0.07993210038297212
vn -0.9980525784828888 0.06237828615518055 0
vn -0.9743911956946201 0.2248595066987577 0
vn -0.9743911956946201 0.2248595066987577 0
vn -1 0 0
vn -1 0 0
vn -1 0 0
vn -1 0 0
vn -1 0 0
vn -1 0 0
vn -1 0 0
vn -1 0 0
vn -1 0 0
vn -1 0 0
vn -1 0 0
vn -1 0 0
vn -1 0 0
vn -1 0 0
vn -1 0 0
vn -1 0 0
vn -1 0 0
vn -0.9743911956946201 0.22485950669875768 0
vn -0.9743911956946201 0.2248595066987577 0
vn -0.9968003106582415 0 -0.07993210038297212
vn -0.9968003106582415 0 -0.07993210038297212
vn 0 1 0
vn 0 1 0
vn 0 1 0
vn 0 1 0
vn 0 1 0
vn 0 1 0
vn 0 1 0
vn 0 1 0
vn 0 1 0
vn 0 1 0
vn 0 1 0
vn 0 1 0
vn 0 1 0
vn 0 1 0
vn 0 1 0
vn 0 1 0
vn 0 1 0
vn 0 1 0
vn 0 1 0
vn 0 1 0
vn 0 1 0
vn 0 1 0
vn 0 1 0
vn 0 1 0
vn 0 1 0
vn 0 1 0
vn 0 1 0
vn 0 1 0
vn 0 1 0
vn 0 1 0
vn 0 1 0
vn 0 1 0
vn 0 1 0
vn 0 1 0
vn 0 1 0
vn 0 1 0
vn 0 1 0
vn 0 1 0
vn 0 1 0
vn 0 1 0
vn 0 1 0
vn 0 1 0
vn 0 1 0
vn 0 1 0
vn 0 1 0
vn 0 1 0
vn 0 1 0
vn 0 1 0
vn 0 1 0
vn 0 1 0
vn 0 1 0
vn 0 1 0
vn 0 1 0
vn 0 1 0
vn 0 1 0
vn 0 1 0
vn 0 1 0
vn 0 1 0
vn 0 1 0
vn 0 1 0
vn 0 1 0
vn 0 1 0
vn 0 1 0
vn 0 1 0
vn 0 1 0
vn 0 1 0
vn 0 1 0
vn 0 1 0
vn 0 1 0
vn 0 1 0
vn 0 1 0
vn 0 1 0
vn 0 1 0
vn 0 1 0
vn 0 1 0
vn 0 1 0
vn 0 1 0
vn 0 1 0
vn 0 1 0
vn 0 1 0
vn 0 1 0
vn 0 1 0
vn 0 1 0
vn 0 1 0
vn 0 1 0
vn 0 1 0
vn 0 1 0
vn 0 1 0
vn 0 1 0
vn 0 1 0
vn 0 1 0
vn 0 1 0
vn 0 1 0
vn 0 1 0
vn 0 1 0
vn 0 1 0
vn 0 1 0
vn 0 1 0
vn 0 1 0
vn 0 1 0
vn 0 1 0
vn 0 1 0
vn 0 1 0
vn 0 1 0
vn 0 1 0
vn 0 1 0
vn 0 1 0
vn 0 1 0
vn 0 1 0
vn 0 1 0
vn 0 1 0
vn 0 1 0
vn 0 1 0
vn 0 1 0
vn 0 1 0
vn 0 1 0
vn 0 1 0
vn 0 1 0
vn 0 1 0
vn 0 1 0
vn 0 1 0
vn 0 1 0
vn 0 1 0
vn 0 1 0
vn 0 1 0
vn 0 1 0
vn 0 1 0
vn 0 1 0
vn 0 1 0
vn 0 1 0
vn 0 1 0
vn 0 1 0
vn 0 1 0
vn 0 1 0
vn 0 1 0
vn 0 1 0
vn 0 1 0
vn 0 1 0
vn 0 -1 0
vn 0 -1 0
vn 0 -1 0
vn 0 -1 0
vn 0 -1 0
vn -0.4106856153442663 0.2211384082622972 0.8845536330491888
vn -0.49904122634695214 0.10748580259780505 0.8598864207824404
vn -0.7238107635516222 0.09047634544395278 0.684040941378456
vn -0.9118224299814769 0 -0.4105847734423122
vn -0.9118224299814769 0 -0.4105847734423122
vn -0.5714937537595791 0 -0.8206064156547802
vn -0.5714937537595791 0 -0.8206064156547802
vn 0.2455892126798839 -0.5289613811566729 -0.8123335496334618
vn -0.18514836986616268 0 -0.9827105785204017
vn -0.15201559454158226 -0.23971689908480273 -0.9588675963392109
vn -0.11529735086230586 0 -0.9933310228137117
vn -0.9327960198178104 0.1165995024772263 0.3410222007936064
vn -1 0 0
vn -1 0 0
vn -0.9999999995408123 0.000030304709349844925 0
vn -1 0 0
vn -1 0 0
vn -1 0 0
vn -1 0 0
vn -1 0 0
vn -1 0 0
vn -1 0 0
vn -1 0 0
vn -1 0 0
vn -1 0 0
vn -1 0 0
vn -1 0 0
vn -1 0 0
vn -1 0 0
vn -1 0 0
vn -1 0 0
vn -1 0 0
vn -1 0 0
vn -1 0 0
vn -1 0 0
vn -0.9968003106582415 0 -0.07993210038297212
vn -0.9968003106582415 0 -0.07993210038297212
vn -0.9922778767136677 -0.12403473458920847 0
vn 0 0.9857630929687059 0.1681401931150635
vn 0 0.9935967982291476 0.11298408095296805
vn 0 0.9935967982291475 0.11298408095296804
vn 0 0.8432271980573245 0.5375573387615443
vn 0.9922778767136677 0.12403473458920847 0
vn 0.9922778767136677 0.12403473458920847 0
vn 0.6067448659505574 0.7934355939353437 -0.048172875346074444
vn 0.6067448659505574 0.7934355939353437 -0.048172875346074444
vn 0.21138154353847158 0.9756071240237145 -0.05923328967286838
vn 0.21138154353847158 0.9756071240237145 -0.05923328967286838
vn 0 0.9981619677466239 -0.060602690898902176
vn 0 0.9981619677466239 -0.060602690898902176
vn 0.9922778767136677 0.12403473458920847 0
vn 0.9922778767136677 0.12403473458920847 0
vn 0.20847597066717816 0.962196787694668 -0.17525727204438596
vn 0.20847597066717816 0.962196787694668 -0.17525727204438596
vn 0 0.9838136435918469 -0.17919462793994356
vn 0 0.9838136435918469 -0.17919462793994356
vn 0 1 0
vn 0 1 0
vn 0 1 0
vn 0 1 0
vn 0 1 0
vn -1 0 0
vn -1 0 0
vn 0 1 0
vn 0 1 0
vn 0 1 0
vn 0 1 0
vn 0 1 0
vn 0 1 0
vn 0 1 0
vn 0 1 0
vn -1 0 0
vn -1 0 0
vn -1 0 0
vn -1 0 0
vn -0.9922778767136677 -0.12403473458920847 0
vn -0.9922778767136677 -0.12403473458920847 0
vn -0.9363291775690447 -0.3511234415883917 0
vn -0.9363291775690447 -0.3511234415883917 0
vn -1 0 0
vn 0 1 0
vn 0 1 0
vn 0 1 0
vn 0 1 0
vn 0 1 0
vn 0 1 0
vn -1 0 0
vn -1 0 0
vn -1 0 0
vn -1 0 0
vn -0.7447072169839448 -0.608044837047602 -0.27512294908237483
vn -0.7171678032826165 -0.6955389330248869 -0.04354233091358744
vn -0.9743911956946201 0.2248595066987577 0
vn -0.9743911956946201 0.22485950669875768 0
vn -1 0 0
vn -1 0 0
vn -1 0 0
vn -0.9922778767136677 -0.12403473458920847 0
vn -0.9922778767136677 -0.12403473458920847 0
vn -0.9363291775690447 -0.3511234415883917 0
vn -0.9363291775690447 -0.3511234415883917 0
vn 0 1 0
vn 0 0.029399051601892632 0.9995677544643531
vn 0 0 -1
vn 0 0 1
vn 0 0 1
vn 0 0.5028168340384035 0.8643929843581545
vn 0 0.847998304005088 0.52999894000318
vn 0 0.847998304005088 0.52999894000318
vn 0 1 0
vn 0 1 0
vn 0 0.847998304005088 -0.52999894000318
vn 0 0.847998304005088 -0.52999894000318
vn 0 0.5028168340384035 -0.8643929843581545
vn 0 0.5028168340384035 -0.8643929843581545
vn 0 0 -1
vn 0 1 0
vn 0 1 0
vn 0 1 0
vn 0 1 0
vn 0 1 0
vn 0 1 0
vn -0.9999999993264956 0.00001845419311112156 -0.00003172462411237752
vn -1 0 0
vn -1 0 0
vn -1 0 0
vn 0 1 0
vn 0 1 0
vn 0 1 0
vn 0 1 0
vn 0 1 0
vn -1 0 0
vn -1 0 0
vn -1 0 0
vn -1 0 0
vn -1 0 0
vn 0 0 1
vn 0 0 1
vn 0 0.5028168340384035 -0.8643929843581545
vn 0 0.5028168340384035 -0.8643929843581545
vn 0 0.847998304005088 0.52999894000318
vn 0 0.847998304005088 0.52999894000318
vn 0 1 0
vn 0 1 0
vn 0 0.8741572761215379 -0.48564293117863216
vn 0 0.8741572761215379 -0.48564293117863216
vn 0 0 1
vn 0 0 1
vn 0 0.5694893180890407 0.8219987327134267
vn 0 0.5694893180890407 0.8219987327134267
vn -0.6359347475962225 0.25956520310049835 -0.7267825686813946
vn -0.6359347475962225 0.25956520310049835 -0.7267825686813946
vn 0 -1 0
vn 0 -1 0
vn 0 1 0
vn 0 0 1
vn 0 0 1
vn 0 0 -1
vn 0 0 -1
vn 1 0 0
vn 1 0 0
vn 0 0 1
vn 0 0 1
vn 0 1 0
vn 0.07403865641993303 0.9972553721868492 0
vn 0 0.9830202487654599 0.18349711310288658
vn -0.007385143171491311 -0.13865983097493859 -0.9903125319485451
vn 0 -0.15129918600920697 -0.9884880152601504
vn 0 0 1
vn 0 0 1
vn 0.008310126183890834 0.156026858962848 0.9877178549995922
vn 0 0.14142135623730978 0.9899494936611667
vn 0.9344877349289687 -0.35599532759198654 0
vn 0.11189861942784861 0.24101241107536617 0.9640496443014647
vn 0 1 0
usemtl default.png
f 461/1/1 461/1/1 9/3/1
f 9/3/1764 461/1/1764 461/1/1764
f 696/4/2 244/5/2 16/6/2
f 16/6/1765 244/5/1765 696/4/1765
f 696/7/3 16/8/3 468/9/3
f 468/9/1766 16/8/1766 696/7/1766
f 461/10/4 9/11/4 243/12/4
f 243/12/1767 9/11/1767 461/10/1767
f 461/13/5 243/14/5 695/15/5
f 695/15/1768 243/14/1768 461/13/1768
f 466/16/6 14/17/6 15/18/6
f 15/18/1769 14/17/1769 466/16/1769
f 466/19/7 15/20/7 467/21/7
f 467/21/1770 15/20/1770 466/19/1770
f 468/22/8 16/23/8 17/24/8
f 17/24/1771 16/23/1771 468/22/1771
f 468/25/9 17/26/9 469/27/9
f 469/27/1772 17/26/1772 468/25/1772
f 469/28/10 17/29/10 18/30/10
f 18/30/1773 17/29/1773 469/28/1773
f 469/31/11 18/32/11 470/33/11
f 470/33/1774 18/32/1774 469/31/1774
f 256/34/12 708/35/12 514/36/12
f 514/36/1775 708/35/1775 256/34/1775
f 256/37/13 514/38/13 62/39/13
f 62/39/1776 514/38/1776 256/37/1776
f 62/40/14 514/41/14 515/42/14
f 515/42/1777 514/41/1777 62/40/1777
f 62/43/15 515/44/15 63/45/15
f 63/45/1778 515/44/1778 62/43/1778
f 63/46/16 515/47/16 516/48/16
f 516/48/1779 515/47/1779 63/46/1779
f 63/49/17 516/50/17 64/51/17
f 64/51/1780 516/50/1780 63/49/1780
f 14/52/18 466/53/18 680/54/18
f 680/54/1781 466/53/1781 14/52/1781
f 14/55/19 680/56/19 228/57/19
f 228/57/1782 680/56/1782 14/55/1782
f 228/58/20 680/59/20 804/60/20
f 804/60/1783 680/59/1783 228/58/1783
f 228/61/21 804/62/21 352/63/21
f 352/63/1784 804/62/1784 228/61/1784
f 229/64/22 681/65/22 682/66/22
f 682/66/1785 681/65/1785 229/64/1785
f 229/67/23 682/68/23 230/69/23
f 230/69/1786 682/68/1786 229/67/1786
f 230/70/24 682/71/24 813/72/24
f 813/72/1787 682/71/1787 230/70/1787
f 230/73/25 813/74/25 361/75/25
f 361/75/1788 813/74/1788 230/73/1788
f 231/76/26 683/77/26 684/78/26
f 684/78/1789 683/77/1789 231/76/1789
f 231/79/27 684/80/27 232/81/27
f 232/81/1790 684/80/1790 231/79/1790
f 232/82/28 684/83/28 685/84/28
f 685/84/1791 684/83/1791 232/82/1791
f 232/85/29 685/86/29 233/87/29
f 233/87/1792 685/86/1792 232/85/1792
f 233/88/30 685/89/30 686/90/30
f 686/90/1793 685/89/1793 233/88/1793
f 233/91/31 686/92/31 234/93/31
f 234/93/1794 686/92/1794 233/91/1794
f 234/94/32 686/95/32 687/96/32
f 687/96/1795 686/95/1795 234/94/1795
f 234/97/33 687/98/33 235/99/33
f 235/99/1796 687/98/1796 234/97/1796
f 235/100/34 687/101/34 688/102/34
f 688/102/1797 687/101/1797 235/100/1797
f 235/103/35 688/104/35 236/105/35
f 236/105/1798 688/104/1798 235/103/1798
f 236/106/36 688/107/36 689/108/36
f 689/108/1799 688/107/1799 236/106/1799
f 236/109/37 689/110/37 237/111/37
f 237/111/1800 689/110/1800 236/109/1800
f 237/112/38 689/113/38 690/114/38
f 690/114/1801 689/113/1801 237/112/1801
f 237/115/39 690/116/39 238/117/39
f 238/117/1802 690/116/1802 237/115/1802
f 691/118/40 239/119/40 311/120/40
f 311/120/1803 239/119/1803 691/118/1803
f 691/121/41 311/122/41 763/123/41
f 763/123/1804 311/122/1804 691/121/1804
f 239/124/42 691/125/42 692/126/42
f 692/126/1805 691/125/1805 239/124/1805
f 239/127/43 692/128/43 240/129/43
f 240/129/1806 692/128/1806 239/127/1806
f 240/130/44 692/131/44 693/132/44
f 693/132/1807 692/131/1807 240/130/1807
f 240/133/45 693/134/45 241/135/45
f 241/135/1808 693/134/1808 240/133/1808
f 241/136/46 693/137/46 775/138/46
f 775/138/1809 693/137/1809 241/136/1809
f 241/139/47 775/140/47 323/141/47
f 323/141/1810 775/140/1810 241/139/1810
f 242/142/48 694/143/48 695/144/48
f 695/144/1811 694/143/1811 242/142/1811
f 242/145/49 695/146/49 243/147/49
f 243/147/1812 695/146/1812 242/145/1812
f 467/148/50 15/149/50 244/150/50
f 244/150/1813 15/149/1813 467/148/1813
f 467/151/51 244/152/51 696/153/51
f 696/153/1814 244/152/1814 467/151/1814
f 9/154/52 461/155/52 708/156/52
f 708/156/1815 461/155/1815 9/154/1815
f 9/157/53 708/158/53 256/159/53
f 256/159/1816 708/158/1816 9/157/1816
f 64/160/54 516/161/54 726/162/54
f 726/162/1817 516/161/1817 64/160/1817
f 64/163/55 726/164/55 274/165/55
f 274/165/1818 726/164/1818 64/163/1818
f 732/166/56 733/167/56 281/168/56
f 281/168/1819 733/167/1819 732/166/1819
f 732/169/57 281/170/57 280/171/57
f 280/171/1820 281/170/1820 732/169/1820
f 281/172/58 288/173/58 740/174/58
f 740/174/1821 288/173/1821 281/172/1821
f 281/175/59 740/176/59 733/177/59
f 733/177/1822 740/176/1822 281/175/1822
f 740/178/60 288/179/60 294/180/60
f 294/180/1823 288/179/1823 740/178/1823
f 740/181/61 294/182/61 746/183/61
f 746/183/1824 294/182/1824 740/181/1824
f 747/184/62 538/185/62 86/186/62
f 86/186/1825 538/185/1825 747/184/1825
f 747/187/63 86/188/63 295/189/63
f 295/189/1826 86/188/1826 747/187/1826
f 86/190/64 538/191/64 497/192/64
f 497/192/1827 538/191/1827 86/190/1827
f 86/193/65 497/194/65 45/195/65
f 45/195/1828 497/194/1828 86/193/1828
f 497/196/66 492/197/66 40/198/66
f 40/198/1829 492/197/1829 497/196/1829
f 497/199/67 40/200/67 45/201/67
f 45/201/1830 40/200/1830 497/199/1830
f 35/202/68 40/203/68 492/204/68
f 492/204/1831 40/203/1831 35/202/1831
f 35/205/69 492/206/69 487/207/69
f 487/207/1832 492/206/1832 35/205/1832
f 294/208/70 746/209/70 747/210/70
f 747/210/1833 746/209/1833 294/208/1833
f 294/211/71 747/212/71 295/213/71
f 295/213/1834 747/212/1834 294/211/1834
f 35/214/72 487/215/72 482/216/72
f 482/216/1835 487/215/1835 35/214/1835
f 35/217/73 482/218/73 30/219/73
f 30/219/1836 482/218/1836 35/217/1836
f 238/220/74 690/221/74 763/222/74
f 763/222/1837 690/221/1837 238/220/1837
f 238/223/75 763/224/75 311/225/75
f 311/225/1838 763/224/1838 238/223/1838
f 274/226/76 273/227/76 725/228/76
f 725/228/1839 273/227/1839 274/226/1839
f 274/229/77 725/230/77 726/231/77
f 726/231/1840 725/230/1840 274/229/1840
f 273/232/78 275/233/78 727/234/78
f 727/234/1841 275/233/1841 273/232/1841
f 273/235/79 727/236/79 725/237/79
f 725/237/1842 727/236/1842 273/235/1842
f 275/238/80 276/239/80 728/240/80
f 728/240/1843 276/239/1843 275/238/1843
f 275/241/81 728/242/81 727/243/81
f 727/243/1844 728/242/1844 275/241/1844
f 276/244/82 277/245/82 729/246/82
f 729/246/1845 277/245/1845 276/244/1845
f 276/247/83 729/248/83 728/249/83
f 728/249/1846 729/248/1846 276/247/1846
f 277/250/84 278/251/84 730/252/84
f 730/252/1847 278/251/1847 277/250/1847
f 277/253/85 730/254/85 729/255/85
f 729/255/1848 730/254/1848 277/253/1848
f 278/256/86 279/257/86 731/258/86
f 731/258/1849 279/257/1849 278/256/1849
f 278/259/87 731/260/87 730/261/87
f 730/261/1850 731/260/1850 278/259/1850
f 282/262/88 734/263/88 731/264/88
f 731/264/1851 734/263/1851 282/262/1851
f 282/265/89 731/266/89 279/267/89
f 279/267/1852 731/266/1852 282/265/1852
f 694/268/90 242/269/90 323/270/90
f 323/270/1853 242/269/1853 694/268/1853
f 694/271/91 323/272/91 775/273/91
f 775/273/1854 323/272/1854 694/271/1854
f 681/274/92 229/275/92 352/276/92
f 352/276/1855 229/275/1855 681/274/1855
f 681/277/93 352/278/93 804/279/93
f 804/279/1856 352/278/1856 681/277/1856
f 683/280/94 231/281/94 361/282/94
f 361/282/1857 231/281/1857 683/280/1857
f 683/283/95 361/284/95 813/285/95
f 813/285/1858 361/284/1858 683/283/1858
f 35/286/96 30/287/96 34/288/96
f 34/288/1859 30/287/1859 35/286/1859
f 36/289/97 41/290/97 2/291/97
f 2/291/1860 41/290/1860 36/289/1860
f 272/292/98 48/293/98 51/294/98
f 51/294/1861 48/293/1861 272/292/1861
f 272/295/99 51/296/99 54/297/99
f 54/297/1862 51/296/1862 272/295/1862
f 65/298/100 68/299/100 71/300/100
f 71/300/1863 68/299/1863 65/298/1863
f 84/301/101 94/302/101 93/303/101
f 93/303/1864 94/302/1864 84/301/1864
f 85/304/102 334/305/102 95/306/102
f 95/306/1865 334/305/1865 85/304/1865
f 295/307/103 86/308/103 99/309/103
f 99/309/1866 86/308/1866 295/307/1866
f 100/310/104 295/311/104 99/312/104
f 99/312/1867 295/311/1867 100/310/1867
f 259/313/105 363/314/105 362/315/105
f 362/315/1868 363/314/1868 259/313/1868
f 141/316/106 325/317/106 324/318/106
f 324/318/1869 325/317/1869 141/316/1869
f 7/319/107 255/320/107 8/321/107
f 8/321/1870 255/320/1870 7/319/1870
f 274/322/108 61/323/108 64/324/108
f 64/324/1871 61/323/1871 274/322/1871
f 61/325/109 58/326/109 57/327/109
f 57/327/1872 58/326/1872 61/325/1872
f 317/328/110 79/329/110 84/330/110
f 84/330/1873 79/329/1873 317/328/1873
f 75/331/111 79/332/111 85/333/111
f 85/333/1874 79/332/1874 75/331/1874
f 75/334/112 65/335/112 85/336/112
f 85/336/1875 65/335/1875 75/334/1875
f 85/337/113 270/338/113 96/339/113
f 96/339/1876 270/338/1876 85/337/1876
f 271/340/114 1/341/114 97/342/114
f 97/342/1877 1/341/1877 271/340/1877
f 272/343/115 273/344/115 274/345/115
f 274/345/1878 273/344/1878 272/343/1878
f 61/346/116 274/347/116 58/348/116
f 58/348/1879 274/347/1879 61/346/1879
f 67/349/117 68/350/117 280/351/117
f 280/351/1880 68/350/1880 67/349/1880
f 280/352/118 279/353/118 68/354/118
f 68/354/1881 279/353/1881 280/352/1881
f 282/355/119 279/356/119 280/357/119
f 280/357/1882 279/356/1882 282/355/1882
f 80/358/120 366/359/120 295/360/120
f 295/360/1883 366/359/1883 80/358/1883
f 290/361/121 295/362/121 289/363/121
f 289/363/1884 295/362/1884 290/361/1884
f 291/364/122 289/365/122 295/366/122
f 295/366/1885 289/365/1885 291/364/1885
f 295/367/123 292/368/123 291/369/123
f 291/369/1886 292/368/1886 295/367/1886
f 293/370/124 292/371/124 295/372/124
f 295/372/1887 292/371/1887 293/370/1887
f 86/373/125 356/374/125 98/375/125
f 98/375/1888 356/374/1888 86/373/1888
f 293/376/126 295/377/126 294/378/126
f 294/378/1889 295/377/1889 293/376/1889
f 317/379/127 85/380/127 79/381/127
f 79/381/1890 85/380/1890 317/379/1890
f 272/382/128 1/383/128 271/384/128
f 271/384/1891 1/383/1891 272/382/1891
f 96/385/129 334/386/129 85/387/129
f 85/387/1892 334/386/1892 96/385/1892
f 325/388/130 141/389/130 126/390/130
f 126/390/1893 141/389/1893 325/388/1893
f 331/391/131 330/392/131 301/393/131
f 301/393/1894 330/392/1894 331/391/1894
f 27/394/132 248/395/132 31/396/132
f 31/396/1895 248/395/1895 27/394/1895
f 99/397/133 356/398/133 86/399/133
f 86/399/1896 356/398/1896 99/397/1896
f 87/400/134 366/401/134 80/402/134
f 80/402/1897 366/401/1897 87/400/1897
f 363/403/135 259/404/135 130/405/135
f 130/405/1898 259/404/1898 363/403/1898
f 354/406/136 353/407/136 258/408/136
f 258/408/1899 353/407/1899 354/406/1899
f 399/409/137 389/410/137 391/411/137
f 391/411/1900 389/410/1900 399/409/1900
f 55/412/138 53/413/138 254/414/138
f 254/414/1901 53/413/1901 55/412/1901
f 5/415/139 195/416/139 6/417/139
f 6/417/1902 195/416/1902 5/415/1902
f 248/418/140 28/419/140 247/420/140
f 247/420/1903 28/419/1903 248/418/1903
f 2/421/141 31/422/141 10/423/141
f 10/423/1904 31/422/1904 2/421/1904
f 249/424/142 37/425/142 32/426/142
f 32/426/1905 37/425/1905 249/424/1905
f 37/427/143 38/428/143 33/429/143
f 33/429/1906 38/428/1906 37/427/1906
f 38/430/144 39/431/144 34/432/144
f 34/432/1907 39/431/1907 38/430/1907
f 38/433/145 34/434/145 33/435/145
f 33/435/1908 34/434/1908 38/433/1908
f 39/436/146 40/437/146 35/438/146
f 35/438/1909 40/437/1909 39/436/1909
f 39/439/147 35/440/147 34/441/147
f 34/441/1910 35/440/1910 39/439/1910
f 43/442/148 44/443/148 39/444/148
f 39/444/1911 44/443/1911 43/442/1911
f 50/445/149 51/446/149 48/447/149
f 48/447/1912 51/446/1912 50/445/1912
f 5/448/150 49/449/150 4/450/150
f 4/450/1913 49/449/1913 5/448/1913
f 253/451/151 53/452/151 50/453/151
f 50/453/1914 53/452/1914 253/451/1914
f 53/454/152 54/455/152 51/456/152
f 51/456/1915 54/455/1915 53/454/1915
f 53/457/153 51/458/153 50/459/153
f 50/459/1916 51/458/1916 53/457/1916
f 55/460/154 56/461/154 54/462/154
f 54/462/1917 56/461/1917 55/460/1917
f 55/463/155 54/464/155 53/465/155
f 53/465/1918 54/464/1918 55/463/1918
f 56/466/156 57/467/156 272/468/156
f 272/468/1919 57/467/1919 56/466/1919
f 56/469/157 272/470/157 54/471/157
f 54/471/1920 272/470/1920 56/469/1920
f 255/472/158 59/473/158 55/474/158
f 55/474/1921 59/473/1921 255/472/1921
f 59/475/159 56/476/159 55/477/159
f 55/477/1922 56/476/1922 59/475/1922
f 256/478/160 62/479/160 59/480/160
f 59/480/1923 62/479/1923 256/478/1923
f 63/481/161 64/482/161 61/483/161
f 61/483/1924 64/482/1924 63/481/1924
f 74/484/162 75/485/162 65/486/162
f 65/486/1925 75/485/1925 74/484/1925
f 74/487/163 65/488/163 71/489/163
f 71/489/1926 65/488/1926 74/487/1926
f 77/490/164 78/491/164 74/492/164
f 74/492/1927 78/491/1927 77/490/1927
f 77/493/165 74/494/165 73/495/165
f 73/495/1928 74/494/1928 77/493/1928
f 78/496/166 79/497/166 75/498/166
f 75/498/1929 79/497/1929 78/496/1929
f 78/499/167 75/500/167 74/501/167
f 74/501/1930 75/500/1930 78/499/1930
f 81/502/168 77/503/168 76/504/168
f 76/504/1931 77/503/1931 81/502/1931
f 83/505/169 79/506/169 78/507/169
f 78/507/1932 79/506/1932 83/505/1932
f 90/508/170 91/509/170 82/510/170
f 82/510/1933 91/509/1933 90/508/1933
f 91/511/171 92/512/171 83/513/171
f 83/513/1934 92/512/1934 91/511/1934
f 85/514/172 317/515/172 316/516/172
f 316/516/1935 317/515/1935 85/514/1935
f 85/517/173 316/518/173 95/519/173
f 95/519/1936 316/518/1936 85/517/1936
f 44/520/174 86/521/174 45/522/174
f 45/522/1937 86/521/1937 44/520/1937
f 295/523/175 100/524/175 365/525/175
f 365/525/1938 100/524/1938 295/523/1938
f 295/526/176 365/527/176 366/528/176
f 366/528/1939 365/527/1939 295/526/1939
f 101/529/177 102/530/177 88/531/177
f 88/531/1940 102/530/1940 101/529/1940
f 101/532/178 88/533/178 87/534/178
f 87/534/1941 88/533/1941 101/532/1941
f 102/535/179 89/536/179 88/537/179
f 88/537/1942 89/536/1942 102/535/1942
f 95/538/180 315/539/180 109/540/180
f 109/540/1943 315/539/1943 95/538/1943
f 110/541/181 111/542/181 97/543/181
f 97/543/1944 111/542/1944 110/541/1944
f 110/544/182 97/545/182 96/546/182
f 96/546/1945 97/545/1945 110/544/1945
f 114/547/183 100/548/183 99/549/183
f 99/549/1946 100/548/1946 114/547/1946
f 116/550/184 102/551/184 101/552/184
f 101/552/1947 102/551/1947 116/550/1947
f 109/553/185 314/554/185 124/555/185
f 124/555/1948 314/554/1948 109/553/1948
f 125/556/186 111/557/186 110/558/186
f 110/558/1949 111/557/1949 125/556/1949
f 111/559/187 326/560/187 327/561/187
f 327/561/1950 326/560/1950 111/559/1950
f 127/562/188 48/563/188 272/564/188
f 272/564/1951 48/563/1951 127/562/1951
f 127/565/189 272/566/189 112/567/189
f 112/567/1952 272/566/1952 127/565/1952
f 129/568/190 130/569/190 115/570/190
f 115/570/1953 130/569/1953 129/568/1953
f 129/571/191 115/572/191 114/573/191
f 114/573/1954 115/572/1954 129/571/1954
f 131/574/192 117/575/192 116/576/192
f 116/576/1955 117/575/1955 131/574/1955
f 124/577/193 331/578/193 332/579/193
f 332/579/1956 331/578/1956 124/577/1956
f 140/580/194 126/581/194 296/582/194
f 296/582/1957 126/581/1957 140/580/1957
f 140/583/195 296/584/195 125/585/195
f 125/585/1958 296/584/1958 140/583/1958
f 142/586/196 47/587/196 48/588/196
f 48/588/1959 47/587/1959 142/586/1959
f 142/589/197 48/590/197 127/591/197
f 127/591/1960 48/590/1960 142/589/1960
f 260/592/198 132/593/198 131/594/198
f 131/594/1961 132/593/1961 260/592/1961
f 2/595/199 153/596/199 143/597/199
f 143/597/1962 153/596/1962 2/595/1962
f 2/598/200 143/599/200 41/600/200
f 41/600/1963 143/599/1963 2/598/1963
f 143/601/201 153/602/201 349/603/201
f 349/603/1964 153/602/1964 143/601/1964
f 374/604/202 367/605/202 370/606/202
f 370/606/1965 367/605/1965 374/604/1965
f 374/607/203 370/608/203 371/609/203
f 371/609/1966 370/608/1966 374/607/1966
f 300/610/204 305/611/204 297/612/204
f 297/612/1967 305/611/1967 300/610/1967
f 339/613/205 337/614/205 338/615/205
f 338/615/1968 337/614/1968 339/613/1968
f 337/616/206 320/617/206 336/618/206
f 336/618/1969 320/617/1969 337/616/1969
f 175/619/207 165/620/207 164/621/207
f 164/621/1970 165/620/1970 175/619/1970
f 183/622/208 173/623/208 172/624/208
f 172/624/1971 173/623/1971 183/622/1971
f 186/625/209 176/626/209 175/627/209
f 175/627/1972 176/626/1972 186/625/1972
f 14/628/210 228/629/210 212/630/210
f 212/630/1973 228/629/1973 14/628/1973
f 212/631/211 228/632/211 352/633/211
f 352/633/1974 228/632/1974 212/631/1974
f 229/634/212 230/635/212 214/636/212
f 214/636/1975 230/635/1975 229/634/1975
f 214/637/213 230/638/213 361/639/213
f 361/639/1976 230/638/1976 214/637/1976
f 239/640/214 240/641/214 224/642/214
f 224/642/1977 240/641/1977 239/640/1977
f 240/643/215 241/644/215 225/645/215
f 225/645/1978 241/644/1978 240/643/1978
f 225/646/216 241/647/216 323/648/216
f 323/648/1979 241/647/1979 225/646/1979
f 27/649/217 246/650/217 23/651/217
f 23/651/1980 246/650/1980 27/649/1980
f 41/652/218 249/653/218 36/654/218
f 36/654/1981 249/653/1981 41/652/1981
f 7/655/219 254/656/219 6/657/219
f 6/657/1982 254/656/1982 7/655/1982
f 9/658/220 255/659/220 8/660/220
f 8/660/1983 255/659/1983 9/658/1983
f 41/661/221 143/662/221 257/663/221
f 257/663/1984 143/662/1984 41/661/1984
f 371/664/222 370/665/222 379/666/222
f 379/666/1985 370/665/1985 371/664/1985
f 268/667/223 304/668/223 300/669/223
f 300/669/1986 304/668/1986 268/667/1986
f 268/670/224 300/671/224 328/672/224
f 328/672/1987 300/671/1987 268/670/1987
f 87/673/225 290/674/225 80/675/225
f 80/675/1988 290/674/1988 87/673/1988
f 97/676/226 96/677/226 270/678/226
f 270/678/1989 96/677/1989 97/676/1989
f 97/679/227 270/680/227 271/681/227
f 271/681/1990 270/680/1990 97/679/1990
f 272/682/228 271/683/228 275/684/228
f 275/684/1991 271/683/1991 272/682/1991
f 272/685/229 275/686/229 273/687/229
f 273/687/1992 275/686/1992 272/685/1992
f 271/688/230 276/689/230 275/690/230
f 275/690/1993 276/689/1993 271/688/1993
f 85/691/231 65/692/231 278/693/231
f 278/693/1994 65/692/1994 85/691/1994
f 65/694/232 68/695/232 279/696/232
f 279/696/1995 68/695/1995 65/694/1995
f 65/697/233 279/698/233 278/699/233
f 278/699/1996 279/698/1996 65/697/1996
f 57/700/234 58/701/234 274/702/234
f 274/702/1997 58/701/1997 57/700/1997
f 57/703/235 274/704/235 272/705/235
f 272/705/1998 274/704/1998 57/703/1998
f 72/706/236 76/707/236 284/708/236
f 284/708/1999 76/707/1999 72/706/1999
f 72/709/237 284/710/237 285/711/237
f 285/711/2000 284/710/2000 72/709/2000
f 284/712/238 289/713/238 291/714/238
f 291/714/2001 289/713/2001 284/712/2001
f 284/715/239 291/716/239 285/717/239
f 285/717/2002 291/716/2002 284/715/2002
f 285/718/240 291/719/240 292/720/240
f 292/720/2003 291/719/2003 285/718/2003
f 285/721/241 292/722/241 286/723/241
f 286/723/2004 292/722/2004 285/721/2004
f 303/724/242 308/725/242 298/726/242
f 298/726/2005 308/725/2005 303/724/2005
f 182/727/243 307/728/243 306/729/243
f 306/729/2006 307/728/2006 182/727/2006
f 193/730/244 308/731/244 307/732/244
f 307/732/2007 308/731/2007 193/730/2007
f 222/733/245 310/734/245 309/735/245
f 309/735/2008 310/734/2008 222/733/2008
f 238/736/246 311/737/246 310/738/246
f 310/738/2009 311/737/2009 238/736/2009
f 151/739/247 304/740/247 312/741/247
f 312/741/2010 304/740/2010 151/739/2010
f 267/742/248 312/743/248 313/744/248
f 313/744/2011 312/743/2011 267/742/2011
f 94/745/249 316/746/249 317/747/249
f 317/747/2012 316/746/2012 94/745/2012
f 94/748/250 317/749/250 84/750/250
f 84/750/2013 317/749/2013 94/748/2013
f 162/751/251 318/752/251 319/753/251
f 319/753/2014 318/752/2014 162/751/2014
f 210/754/252 194/755/252 320/756/252
f 320/756/2015 194/755/2015 210/754/2015
f 269/757/253 325/758/253 324/759/253
f 324/759/2016 325/758/2016 269/757/2016
f 142/760/254 127/761/254 326/762/254
f 326/762/2017 127/761/2017 142/760/2017
f 127/763/255 112/764/255 327/765/255
f 327/765/2018 112/764/2018 127/763/2018
f 127/766/256 327/767/256 326/768/256
f 326/768/2019 327/767/2019 127/766/2019
f 140/769/257 125/770/257 332/771/257
f 332/771/2020 125/770/2020 140/769/2020
f 298/772/258 329/773/258 297/774/258
f 297/774/2021 329/773/2021 298/772/2021
f 318/775/259 320/776/259 319/777/259
f 319/777/2022 320/776/2022 318/775/2022
f 329/778/260 341/779/260 340/780/260
f 340/780/2023 341/779/2023 329/778/2023
f 141/781/261 342/782/261 344/783/261
f 344/783/2024 342/782/2024 141/781/2024
f 328/784/262 347/785/262 330/786/262
f 330/786/2025 347/785/2025 328/784/2025
f 374/787/263 371/788/263 372/789/263
f 372/789/2026 371/788/2026 374/787/2026
f 374/790/264 372/791/264 373/792/264
f 373/792/2027 372/791/2027 374/790/2027
f 371/793/265 376/794/265 372/795/265
f 372/795/2028 376/794/2028 371/793/2028
f 129/796/266 114/797/266 355/798/266
f 355/798/2029 114/797/2029 129/796/2029
f 114/799/267 99/800/267 356/801/267
f 356/801/2030 99/800/2030 114/799/2030
f 154/802/268 357/803/268 358/804/268
f 358/804/2031 357/803/2031 154/802/2031
f 215/805/269 359/806/269 360/807/269
f 360/807/2032 359/806/2032 215/805/2032
f 231/808/270 360/809/270 361/810/270
f 361/810/2033 360/809/2033 231/808/2033
f 260/811/271 363/812/271 362/813/271
f 362/813/2034 363/812/2034 260/811/2034
f 131/814/272 116/815/272 364/816/272
f 364/816/2035 116/815/2035 131/814/2035
f 116/817/273 101/818/273 365/819/273
f 365/819/2036 101/818/2036 116/817/2036
f 101/820/274 87/821/274 366/822/274
f 366/822/2037 87/821/2037 101/820/2037
f 101/823/275 366/824/275 365/825/275
f 365/825/2038 366/824/2038 101/823/2038
f 349/826/276 373/827/276 372/828/276
f 372/828/2039 373/827/2039 349/826/2039
f 349/829/277 372/830/277 348/831/277
f 348/831/2040 372/830/2040 349/829/2040
f 348/832/278 372/833/278 376/834/278
f 376/834/2041 372/833/2041 348/832/2041
f 348/835/279 376/836/279 353/837/279
f 353/837/2042 376/836/2042 348/835/2042
f 388/838/280 383/839/280 387/840/280
f 387/840/2043 383/839/2043 388/838/2043
f 384/841/281 392/842/281 390/843/281
f 390/843/2044 392/842/2044 384/841/2044
f 382/844/282 391/845/282 392/846/282
f 392/846/2045 391/845/2045 382/844/2045
f 382/847/283 392/848/283 384/849/283
f 384/849/2046 392/848/2046 382/847/2046
f 389/850/284 394/851/284 393/852/284
f 393/852/2047 394/851/2047 389/850/2047
f 389/853/285 393/854/285 390/855/285
f 390/855/2048 393/854/2048 389/853/2048
f 400/856/286 397/857/286 398/858/286
f 398/858/2049 397/857/2049 400/856/2049
f 400/859/287 398/860/287 399/861/287
f 399/861/2050 398/860/2050 400/859/2050
f 383/862/288 396/863/288 395/864/288
f 395/864/2051 396/863/2051 383/862/2051
f 383/865/289 395/866/289 381/867/289
f 381/867/2052 395/866/2052 383/865/2052
f 382/868/290 400/869/290 399/870/290
f 399/870/2053 400/869/2053 382/868/2053
f 382/871/291 399/872/291 391/873/291
f 391/873/2054 399/872/2054 382/871/2054
f 389/874/292 399/875/292 398/876/292
f 398/876/2055 399/875/2055 389/874/2055
f 389/877/293 398/878/293 394/879/293
f 394/879/2056 398/878/2056 389/877/2056
f 395/880/294 397/881/294 400/882/294
f 400/882/2057 397/881/2057 395/880/2057
f 153/883/295 163/884/295 185/885/295
f 185/885/2058 163/884/2058 153/883/2058
f 403/886/296 415/887/296 401/888/296
f 401/888/2059 415/887/2059 403/886/2059
f 416/889/297 404/890/297 402/891/297
f 402/891/2060 404/890/2060 416/889/2060
f 405/892/298 403/893/298 401/894/298
f 401/894/2061 403/893/2061 405/892/2061
f 404/895/299 406/896/299 402/897/299
f 402/897/2062 406/896/2062 404/895/2062
f 407/898/300 405/899/300 401/900/300
f 401/900/2063 405/899/2063 407/898/2063
f 406/901/301 408/902/301 402/903/301
f 402/903/2064 408/902/2064 406/901/2064
f 409/904/302 407/905/302 401/906/302
f 401/906/2065 407/905/2065 409/904/2065
f 408/907/303 410/908/303 402/909/303
f 402/909/2066 410/908/2066 408/907/2066
f 411/910/304 409/911/304 401/912/304
f 401/912/2067 409/911/2067 411/910/2067
f 410/913/305 412/914/305 402/915/305
f 402/915/2068 412/914/2068 410/913/2068
f 413/916/306 411/917/306 401/918/306
f 401/918/2069 411/917/2069 413/916/2069
f 412/919/307 414/920/307 402/921/307
f 402/921/2070 414/920/2070 412/919/2070
f 425/922/308 413/923/308 401/924/308
f 401/924/2071 413/923/2071 425/922/2071
f 414/925/309 426/926/309 402/927/309
f 402/927/2072 426/926/2072 414/925/2072
f 415/928/310 417/929/310 401/930/310
f 401/930/2073 417/929/2073 415/928/2073
f 418/931/311 416/932/311 402/933/311
f 402/933/2074 416/932/2074 418/931/2074
f 417/934/312 419/935/312 401/936/312
f 401/936/2075 419/935/2075 417/934/2075
f 420/937/313 418/938/313 402/939/313
f 402/939/2076 418/938/2076 420/937/2076
f 419/940/314 421/941/314 401/942/314
f 401/942/2077 421/941/2077 419/940/2077
f 422/943/315 420/944/315 402/945/315
f 402/945/2078 420/944/2078 422/943/2078
f 421/946/316 423/947/316 401/948/316
f 401/948/2079 423/947/2079 421/946/2079
f 424/949/317 422/950/317 402/951/317
f 402/951/2080 422/950/2080 424/949/2080
f 423/952/318 425/953/318 401/954/318
f 401/954/2081 425/953/2081 423/952/2081
f 426/955/319 424/956/319 402/957/319
f 402/957/2082 424/956/2082 426/955/2082
f 429/958/320 441/959/320 427/960/320
f 427/960/2083 441/959/2083 429/958/2083
f 442/961/321 430/962/321 428/963/321
f 428/963/2084 430/962/2084 442/961/2084
f 431/964/322 429/965/322 427/966/322
f 427/966/2085 429/965/2085 431/964/2085
f 430/967/323 432/968/323 428/969/323
f 428/969/2086 432/968/2086 430/967/2086
f 433/970/324 431/971/324 427/972/324
f 427/972/2087 431/971/2087 433/970/2087
f 432/973/325 434/974/325 428/975/325
f 428/975/2088 434/974/2088 432/973/2088
f 435/976/326 433/977/326 427/978/326
f 427/978/2089 433/977/2089 435/976/2089
f 434/979/327 436/980/327 428/981/327
f 428/981/2090 436/980/2090 434/979/2090
f 437/982/328 435/983/328 427/984/328
f 427/984/2091 435/983/2091 437/982/2091
f 436/985/329 438/986/329 428/987/329
f 428/987/2092 438/986/2092 436/985/2092
f 439/988/330 437/989/330 427/990/330
f 427/990/2093 437/989/2093 439/988/2093
f 438/991/331 440/992/331 428/993/331
f 428/993/2094 440/992/2094 438/991/2094
f 451/994/332 439/995/332 427/996/332
f 427/996/2095 439/995/2095 451/994/2095
f 440/997/333 452/998/333 428/999/333
f 428/999/2096 452/998/2096 440/997/2096
f 441/1000/334 443/1001/334 427/1002/334
f 427/1002/2097 443/1001/2097 441/1000/2097
f 444/1003/335 442/1004/335 428/1005/335
f 428/1005/2098 442/1004/2098 444/1003/2098
f 443/1006/336 445/1007/336 427/1008/336
f 427/1008/2099 445/1007/2099 443/1006/2099
f 446/1009/337 444/1010/337 428/1011/337
f 428/1011/2100 444/1010/2100 446/1009/2100
f 445/1012/338 447/1013/338 427/1014/338
f 427/1014/2101 447/1013/2101 445/1012/2101
f 448/1015/339 446/1016/339 428/1017/339
f 428/1017/2102 446/1016/2102 448/1015/2102
f 447/1018/340 449/1019/340 427/1020/340
f 427/1020/2103 449/1019/2103 447/1018/2103
f 450/1021/341 448/1022/341 428/1023/341
f 428/1023/2104 448/1022/2104 450/1021/2104
f 449/1024/342 451/1025/342 427/1026/342
f 427/1026/2105 451/1025/2105 449/1024/2105
f 452/1027/343 450/1028/343 428/1029/343
f 428/1029/2106 450/1028/2106 452/1027/2106
f 369/1030/344 186/1031/344 164/1032/344
f 164/1032/2107 186/1031/2107 369/1030/2107
f 369/1033/345 164/1034/345 358/1035/345
f 358/1035/2108 164/1034/2108 369/1033/2108
f 153/1036/346 185/1037/346 373/1038/346
f 373/1038/2109 185/1037/2109 153/1036/2109
f 153/1039/347 373/1040/347 349/1041/347
f 349/1041/2110 373/1040/2110 153/1039/2110
f 416/1042/348 415/1043/348 403/1044/348
f 403/1044/2111 415/1043/2111 416/1042/2111
f 416/1045/349 403/1046/349 404/1047/349
f 404/1047/2112 403/1046/2112 416/1045/2112
f 404/1048/350 403/1049/350 405/1050/350
f 405/1050/2113 403/1049/2113 404/1048/2113
f 404/1051/351 405/1052/351 406/1053/351
f 406/1053/2114 405/1052/2114 404/1051/2114
f 406/1054/352 405/1055/352 407/1056/352
f 407/1056/2115 405/1055/2115 406/1054/2115
f 406/1057/353 407/1058/353 408/1059/353
f 408/1059/2116 407/1058/2116 406/1057/2116
f 408/1060/354 407/1061/354 409/1062/354
f 409/1062/2117 407/1061/2117 408/1060/2117
f 408/1063/355 409/1064/355 410/1065/355
f 410/1065/2118 409/1064/2118 408/1063/2118
f 410/1066/356 409/1067/356 411/1068/356
f 411/1068/2119 409/1067/2119 410/1066/2119
f 410/1069/357 411/1070/357 412/1071/357
f 412/1071/2120 411/1070/2120 410/1069/2120
f 412/1072/358 411/1073/358 413/1074/358
f 413/1074/2121 411/1073/2121 412/1072/2121
f 412/1075/359 413/1076/359 414/1077/359
f 414/1077/2122 413/1076/2122 412/1075/2122
f 414/1078/360 413/1079/360 425/1080/360
f 425/1080/2123 413/1079/2123 414/1078/2123
f 414/1081/361 425/1082/361 426/1083/361
f 426/1083/2124 425/1082/2124 414/1081/2124
f 416/1084/362 418/1085/362 417/1086/362
f 417/1086/2125 418/1085/2125 416/1084/2125
f 416/1087/363 417/1088/363 415/1089/363
f 415/1089/2126 417/1088/2126 416/1087/2126
f 418/1090/364 420/1091/364 419/1092/364
f 419/1092/2127 420/1091/2127 418/1090/2127
f 418/1093/365 419/1094/365 417/1095/365
f 417/1095/2128 419/1094/2128 418/1093/2128
f 420/1096/366 422/1097/366 421/1098/366
f 421/1098/2129 422/1097/2129 420/1096/2129
f 420/1099/367 421/1100/367 419/1101/367
f 419/1101/2130 421/1100/2130 420/1099/2130
f 422/1102/368 424/1103/368 423/1104/368
f 423/1104/2131 424/1103/2131 422/1102/2131
f 422/1105/369 423/1106/369 421/1107/369
f 421/1107/2132 423/1106/2132 422/1105/2132
f 424/1108/370 426/1109/370 425/1110/370
f 425/1110/2133 426/1109/2133 424/1108/2133
f 424/1111/371 425/1112/371 423/1113/371
f 423/1113/2134 425/1112/2134 424/1111/2134
f 442/1114/372 441/1115/372 429/1116/372
f 429/1116/2135 441/1115/2135 442/1114/2135
f 442/1117/373 429/1118/373 430/1119/373
f 430/1119/2136 429/1118/2136 442/1117/2136
f 430/1120/374 429/1121/374 431/1122/374
f 431/1122/2137 429/1121/2137 430/1120/2137
f 430/1123/375 431/1124/375 432/1125/375
f 432/1125/2138 431/1124/2138 430/1123/2138
f 432/1126/376 431/1127/376 433/1128/376
f 433/1128/2139 431/1127/2139 432/1126/2139
f 432/1129/377 433/1130/377 434/1131/377
f 434/1131/2140 433/1130/2140 432/1129/2140
f 434/1132/378 433/1133/378 435/1134/378
f 435/1134/2141 433/1133/2141 434/1132/2141
f 434/1135/379 435/1136/379 436/1137/379
f 436/1137/2142 435/1136/2142 434/1135/2142
f 436/1138/380 435/1139/380 437/1140/380
f 437/1140/2143 435/1139/2143 436/1138/2143
f 436/1141/381 437/1142/381 438/1143/381
f 438/1143/2144 437/1142/2144 436/1141/2144
f 438/1144/382 437/1145/382 439/1146/382
f 439/1146/2145 437/1145/2145 438/1144/2145
f 438/1147/383 439/1148/383 440/1149/383
f 440/1149/2146 439/1148/2146 438/1147/2146
f 440/1150/384 439/1151/384 451/1152/384
f 451/1152/2147 439/1151/2147 440/1150/2147
f 440/1153/385 451/1154/385 452/1155/385
f 452/1155/2148 451/1154/2148 440/1153/2148
f 442/1156/386 444/1157/386 443/1158/386
f 443/1158/2149 444/1157/2149 442/1156/2149
f 442/1159/387 443/1160/387 441/1161/387
f 441/1161/2150 443/1160/2150 442/1159/2150
f 444/1162/388 446/1163/388 445/1164/388
f 445/1164/2151 446/1163/2151 444/1162/2151
f 444/1165/389 445/1166/389 443/1167/389
f 443/1167/2152 445/1166/2152 444/1165/2152
f 446/1168/390 448/1169/390 447/1170/390
f 447/1170/2153 448/1169/2153 446/1168/2153
f 446/1171/391 447/1172/391 445/1173/391
f 445/1173/2154 447/1172/2154 446/1171/2154
f 448/1174/392 450/1175/392 449/1176/392
f 449/1176/2155 450/1175/2155 448/1174/2155
f 448/1177/393 449/1178/393 447/1179/393
f 447/1179/2156 449/1178/2156 448/1177/2156
f 450/1180/394 452/1181/394 451/1182/394
f 451/1182/2157 452/1181/2157 450/1180/2157
f 450/1183/395 451/1184/395 449/1185/395
f 449/1185/2158 451/1184/2158 450/1183/2158
f 173/1186/396 4/1187/396 3/1188/396
f 3/1188/2159 4/1187/2159 173/1186/2159
f 52/1189/397 5/1190/397 6/1191/397
f 6/1191/2160 5/1190/2160 52/1189/2160
f 53/1192/398 253/1193/398 254/1194/398
f 254/1194/2161 253/1193/2161 53/1192/2161
f 153/1195/399 2/1196/399 163/1197/399
f 163/1197/2162 2/1196/2162 153/1195/2162
f 247/1198/400 27/1199/400 248/1200/400
f 248/1200/2163 27/1199/2163 247/1198/2163
f 337/1201/401 344/1202/401 336/1203/401
f 336/1203/2164 344/1202/2164 337/1201/2164
f 140/1204/402 331/1205/402 301/1206/402
f 301/1206/2165 331/1205/2165 140/1204/2165
f 129/1207/403 354/1208/403 258/1209/403
f 258/1209/2166 354/1208/2166 129/1207/2166
f 344/1210/404 337/1211/404 342/1212/404
f 342/1212/2167 337/1211/2167 344/1210/2167
f 400/1213/405 382/1214/405 381/1215/405
f 381/1215/2168 382/1214/2168 400/1213/2168
f 66/1216/406 67/1217/406 280/1218/406
f 280/1218/2169 67/1217/2169 66/1216/2169
f 66/1219/407 280/1220/407 281/1221/407
f 281/1221/2170 280/1220/2170 66/1219/2170
f 4/1222/408 173/1223/408 184/1224/408
f 184/1224/2171 173/1223/2171 4/1222/2171
f 4/1225/409 184/1226/409 5/1227/409
f 5/1227/2172 184/1226/2172 4/1225/2172
f 5/1228/410 184/1229/410 195/1230/410
f 195/1230/2173 184/1229/2173 5/1228/2173
f 6/1231/411 195/1232/411 211/1233/411
f 211/1233/2174 195/1232/2174 6/1231/2174
f 6/1234/412 211/1235/412 7/1236/412
f 7/1236/2175 211/1235/2175 6/1234/2175
f 7/1237/413 211/1238/413 227/1239/413
f 227/1239/2176 211/1238/2176 7/1237/2176
f 7/1240/414 227/1241/414 8/1242/414
f 8/1242/2177 227/1241/2177 7/1240/2177
f 8/1243/415 227/1244/415 243/1245/415
f 243/1245/2178 227/1244/2178 8/1243/2178
f 8/1246/416 243/1247/416 9/1248/416
f 9/1248/2179 243/1247/2179 8/1246/2179
f 13/1249/417 19/1250/417 15/1251/417
f 15/1251/2180 19/1250/2180 13/1249/2180
f 13/1252/418 15/1253/418 14/1254/418
f 14/1254/2181 15/1253/2181 13/1252/2181
f 245/1255/419 20/1256/419 16/1257/419
f 16/1257/2182 20/1256/2182 245/1255/2182
f 245/1258/420 16/1259/420 244/1260/420
f 244/1260/2183 16/1259/2183 245/1258/2183
f 20/1261/421 21/1262/421 17/1263/421
f 17/1263/2184 21/1262/2184 20/1261/2184
f 20/1264/422 17/1265/422 16/1266/422
f 16/1266/2185 17/1265/2185 20/1264/2185
f 21/1267/423 22/1268/423 18/1269/423
f 18/1269/2186 22/1268/2186 21/1267/2186
f 21/1270/424 18/1271/424 17/1272/424
f 17/1272/2187 18/1271/2187 21/1270/2187
f 12/1273/425 23/1274/425 19/1275/425
f 19/1275/2188 23/1274/2188 12/1273/2188
f 12/1276/426 19/1277/426 13/1278/426
f 13/1278/2189 19/1277/2189 12/1276/2189
f 246/1279/427 24/1280/427 20/1281/427
f 20/1281/2190 24/1280/2190 246/1279/2190
f 246/1282/428 20/1283/428 245/1284/428
f 245/1284/2191 20/1283/2191 246/1282/2191
f 24/1285/429 25/1286/429 21/1287/429
f 21/1287/2192 25/1286/2192 24/1285/2192
f 24/1288/430 21/1289/430 20/1290/430
f 20/1290/2193 21/1289/2193 24/1288/2193
f 25/1291/431 26/1292/431 22/1293/431
f 22/1293/2194 26/1292/2194 25/1291/2194
f 25/1294/432 22/1295/432 21/1296/432
f 21/1296/2195 22/1295/2195 25/1294/2195
f 11/1297/433 27/1298/433 23/1299/433
f 23/1299/2196 27/1298/2196 11/1297/2196
f 11/1300/434 23/1301/434 12/1302/434
f 12/1302/2197 23/1301/2197 11/1300/2197
f 247/1303/435 28/1304/435 24/1305/435
f 24/1305/2198 28/1304/2198 247/1303/2198
f 247/1306/436 24/1307/436 246/1308/436
f 246/1308/2199 24/1307/2199 247/1306/2199
f 28/1309/437 29/1310/437 25/1311/437
f 25/1311/2200 29/1310/2200 28/1309/2200
f 28/1312/438 25/1313/438 24/1314/438
f 24/1314/2201 25/1313/2201 28/1312/2201
f 29/1315/439 30/1316/439 26/1317/439
f 26/1317/2202 30/1316/2202 29/1315/2202
f 29/1318/440 26/1319/440 25/1320/440
f 25/1320/2203 26/1319/2203 29/1318/2203
f 10/1321/441 31/1322/441 27/1323/441
f 27/1323/2204 31/1322/2204 10/1321/2204
f 10/1324/442 27/1325/442 11/1326/442
f 11/1326/2205 27/1325/2205 10/1324/2205
f 248/1327/443 32/1328/443 28/1329/443
f 28/1329/2206 32/1328/2206 248/1327/2206
f 32/1330/444 33/1331/444 29/1332/444
f 29/1332/2207 33/1331/2207 32/1330/2207
f 32/1333/445 29/1334/445 28/1335/445
f 28/1335/2208 29/1334/2208 32/1333/2208
f 33/1336/446 34/1337/446 30/1338/446
f 30/1338/2209 34/1337/2209 33/1336/2209
f 33/1339/447 30/1340/447 29/1341/447
f 29/1341/2210 30/1340/2210 33/1339/2210
f 2/1342/448 36/1343/448 31/1344/448
f 31/1344/2211 36/1343/2211 2/1342/2211
f 249/1345/449 32/1346/449 248/1347/449
f 248/1347/2212 32/1346/2212 249/1345/2212
f 37/1348/450 33/1349/450 32/1350/450
f 32/1350/2213 33/1349/2213 37/1348/2213
f 250/1351/451 42/1352/451 37/1353/451
f 37/1353/2214 42/1352/2214 250/1351/2214
f 250/1354/452 37/1355/452 249/1356/452
f 249/1356/2215 37/1355/2215 250/1354/2215
f 42/1357/453 43/1358/453 38/1359/453
f 38/1359/2216 43/1358/2216 42/1357/2216
f 42/1360/454 38/1361/454 37/1362/454
f 37/1362/2217 38/1361/2217 42/1360/2217
f 43/1363/455 39/1364/455 38/1365/455
f 38/1365/2218 39/1364/2218 43/1363/2218
f 44/1366/456 45/1367/456 40/1368/456
f 40/1368/2219 45/1367/2219 44/1366/2219
f 44/1369/457 40/1370/457 39/1371/457
f 39/1371/2220 40/1370/2220 44/1369/2220
f 4/1372/458 49/1373/458 46/1374/458
f 46/1374/2221 49/1373/2221 4/1372/2221
f 4/1375/459 46/1376/459 3/1377/459
f 3/1377/2222 46/1376/2222 4/1375/2222
f 252/1378/460 50/1379/460 47/1380/460
f 47/1380/2223 50/1379/2223 252/1378/2223
f 252/1381/461 47/1382/461 251/1383/461
f 251/1383/2224 47/1382/2224 252/1381/2224
f 50/1384/462 48/1385/462 47/1386/462
f 47/1386/2225 48/1385/2225 50/1384/2225
f 5/1387/463 52/1388/463 49/1389/463
f 49/1389/2226 52/1388/2226 5/1387/2226
f 253/1390/464 50/1391/464 252/1392/464
f 252/1392/2227 50/1391/2227 253/1390/2227
f 255/1393/465 55/1394/465 254/1395/465
f 254/1395/2228 55/1394/2228 255/1393/2228
f 59/1396/466 60/1397/466 56/1398/466
f 56/1398/2229 60/1397/2229 59/1396/2229
f 60/1399/467 58/1400/467 57/1401/467
f 57/1401/2230 58/1400/2230 60/1399/2230
f 60/1402/468 57/1403/468 56/1404/468
f 56/1404/2231 57/1403/2231 60/1402/2231
f 256/1405/469 59/1406/469 255/1407/469
f 255/1407/2232 59/1406/2232 256/1405/2232
f 62/1408/470 63/1409/470 60/1410/470
f 60/1410/2233 63/1409/2233 62/1408/2233
f 62/1411/471 60/1412/471 59/1413/471
f 59/1413/2234 60/1412/2234 62/1411/2234
f 63/1414/472 61/1415/472 60/1416/472
f 60/1416/2235 61/1415/2235 63/1414/2235
f 69/1417/473 70/1418/473 67/1419/473
f 67/1419/2236 70/1418/2236 69/1417/2236
f 69/1420/474 67/1421/474 66/1422/474
f 66/1422/2237 67/1421/2237 69/1420/2237
f 70/1423/475 71/1424/475 68/1425/475
f 68/1425/2238 71/1424/2238 70/1423/2238
f 70/1426/476 68/1427/476 67/1428/476
f 67/1428/2239 68/1427/2239 70/1426/2239
f 72/1429/477 73/1430/477 70/1431/477
f 70/1431/2240 73/1430/2240 72/1429/2240
f 72/1432/478 70/1433/478 69/1434/478
f 69/1434/2241 70/1433/2241 72/1432/2241
f 73/1435/479 74/1436/479 71/1437/479
f 71/1437/2242 74/1436/2242 73/1435/2242
f 73/1438/480 71/1439/480 70/1440/480
f 70/1440/2243 71/1439/2243 73/1438/2243
f 76/1441/481 77/1442/481 73/1443/481
f 73/1443/2244 77/1442/2244 76/1441/2244
f 76/1444/482 73/1445/482 72/1446/482
f 72/1446/2245 73/1445/2245 76/1444/2245
f 81/1447/483 82/1448/483 77/1449/483
f 77/1449/2246 82/1448/2246 81/1447/2246
f 82/1450/484 83/1451/484 78/1452/484
f 78/1452/2247 83/1451/2247 82/1450/2247
f 82/1453/485 78/1454/485 77/1455/485
f 77/1455/2248 78/1454/2248 82/1453/2248
f 83/1456/486 84/1457/486 79/1458/486
f 79/1458/2249 84/1457/2249 83/1456/2249
f 88/1459/487 89/1460/487 283/1461/487
f 283/1461/2250 89/1460/2250 88/1459/2250
f 88/1462/488 283/1463/488 290/1464/488
f 290/1464/2251 283/1463/2251 88/1462/2251
f 89/1465/489 90/1466/489 81/1467/489
f 81/1467/2252 90/1466/2252 89/1465/2252
f 89/1468/490 81/1469/490 283/1470/490
f 283/1470/2253 81/1469/2253 89/1468/2253
f 90/1471/491 82/1472/491 81/1473/491
f 81/1473/2254 82/1472/2254 90/1471/2254
f 91/1474/492 83/1475/492 82/1476/492
f 82/1476/2255 83/1475/2255 91/1474/2255
f 92/1477/493 93/1478/493 84/1479/493
f 84/1479/2256 93/1478/2256 92/1477/2256
f 92/1480/494 84/1481/494 83/1482/494
f 83/1482/2257 84/1481/2257 92/1480/2257
f 44/1483/495 98/1484/495 86/1485/495
f 86/1485/2258 98/1484/2258 44/1483/2258
f 102/1486/496 103/1487/496 89/1488/496
f 89/1488/2259 103/1487/2259 102/1486/2259
f 103/1489/497 104/1490/497 90/1491/497
f 90/1491/2260 104/1490/2260 103/1489/2260
f 103/1492/498 90/1493/498 89/1494/498
f 89/1494/2261 90/1493/2261 103/1492/2261
f 104/1495/499 105/1496/499 91/1497/499
f 91/1497/2262 105/1496/2262 104/1495/2262
f 104/1498/500 91/1499/500 90/1500/500
f 90/1500/2263 91/1499/2263 104/1498/2263
f 105/1501/501 106/1502/501 92/1503/501
f 92/1503/2264 106/1502/2264 105/1501/2264
f 105/1504/502 92/1505/502 91/1506/502
f 91/1506/2265 92/1505/2265 105/1504/2265
f 106/1507/503 107/1508/503 93/1509/503
f 93/1509/2266 107/1508/2266 106/1507/2266
f 106/1510/504 93/1511/504 92/1512/504
f 92/1512/2267 93/1511/2267 106/1510/2267
f 107/1513/505 108/1514/505 94/1515/505
f 94/1515/2268 108/1514/2268 107/1513/2268
f 107/1516/506 94/1517/506 93/1518/506
f 93/1518/2269 94/1517/2269 107/1516/2269
f 95/1519/507 316/1520/507 315/1521/507
f 315/1521/2270 316/1520/2270 95/1519/2270
f 95/1522/508 109/1523/508 333/1524/508
f 333/1524/2271 109/1523/2271 95/1522/2271
f 95/1525/509 333/1526/509 334/1527/509
f 334/1527/2272 333/1526/2272 95/1525/2272
f 97/1528/510 111/1529/510 327/1530/510
f 327/1530/2273 111/1529/2273 97/1528/2273
f 97/1531/511 327/1532/511 1/1533/511
f 1/1533/2274 327/1532/2274 97/1531/2274
f 43/1534/512 113/1535/512 98/1536/512
f 98/1536/2275 113/1535/2275 43/1534/2275
f 43/1537/513 98/1538/513 44/1539/513
f 44/1539/2276 98/1538/2276 43/1537/2276
f 98/1540/514 113/1541/514 355/1542/514
f 355/1542/2277 113/1541/2277 98/1540/2277
f 98/1543/515 355/1544/515 356/1545/515
f 356/1545/2278 355/1544/2278 98/1543/2278
f 114/1546/516 115/1547/516 100/1548/516
f 100/1548/2279 115/1547/2279 114/1546/2279
f 100/1549/517 115/1550/517 364/1551/517
f 364/1551/2280 115/1550/2280 100/1549/2280
f 100/1552/518 364/1553/518 365/1554/518
f 365/1554/2281 364/1553/2281 100/1552/2281
f 116/1555/519 117/1556/519 102/1557/519
f 102/1557/2282 117/1556/2282 116/1555/2282
f 117/1558/520 118/1559/520 103/1560/520
f 103/1560/2283 118/1559/2283 117/1558/2283
f 117/1561/521 103/1562/521 102/1563/521
f 102/1563/2284 103/1562/2284 117/1561/2284
f 118/1564/522 119/1565/522 104/1566/522
f 104/1566/2285 119/1565/2285 118/1564/2285
f 118/1567/523 104/1568/523 103/1569/523
f 103/1569/2286 104/1568/2286 118/1567/2286
f 119/1570/524 120/1571/524 105/1572/524
f 105/1572/2287 120/1571/2287 119/1570/2287
f 119/1573/525 105/1574/525 104/1575/525
f 104/1575/2288 105/1574/2288 119/1573/2288
f 120/1576/526 121/1577/526 106/1578/526
f 106/1578/2289 121/1577/2289 120/1576/2289
f 120/1579/527 106/1580/527 105/1581/527
f 105/1581/2290 106/1580/2290 120/1579/2290
f 121/1582/528 122/1583/528 107/1584/528
f 107/1584/2291 122/1583/2291 121/1582/2291
f 121/1585/529 107/1586/529 106/1587/529
f 106/1587/2292 107/1586/2292 121/1585/2292
f 122/1588/530 123/1589/530 108/1590/530
f 108/1590/2293 123/1589/2293 122/1588/2293
f 122/1591/531 108/1592/531 107/1593/531
f 107/1593/2294 108/1592/2294 122/1591/2294
f 109/1594/532 315/1595/532 314/1596/532
f 314/1596/2295 315/1595/2295 109/1594/2295
f 109/1597/533 124/1598/533 332/1599/533
f 332/1599/2296 124/1598/2296 109/1597/2296
f 109/1600/534 332/1601/534 333/1602/534
f 333/1602/2297 332/1601/2297 109/1600/2297
f 125/1603/535 296/1604/535 111/1605/535
f 111/1605/2298 296/1604/2298 125/1603/2298
f 111/1606/536 296/1607/536 326/1608/536
f 326/1608/2299 296/1607/2299 111/1606/2299
f 42/1609/537 128/1610/537 113/1611/537
f 113/1611/2300 128/1610/2300 42/1609/2300
f 42/1612/538 113/1613/538 43/1614/538
f 43/1614/2301 113/1613/2301 42/1612/2301
f 113/1615/539 128/1616/539 354/1617/539
f 354/1617/2302 128/1616/2302 113/1615/2302
f 113/1618/540 354/1619/540 355/1620/540
f 355/1620/2303 354/1619/2303 113/1618/2303
f 115/1621/541 130/1622/541 363/1623/541
f 363/1623/2304 130/1622/2304 115/1621/2304
f 115/1624/542 363/1625/542 364/1626/542
f 364/1626/2305 363/1625/2305 115/1624/2305
f 131/1627/543 132/1628/543 117/1629/543
f 117/1629/2306 132/1628/2306 131/1627/2306
f 132/1630/544 133/1631/544 118/1632/544
f 118/1632/2307 133/1631/2307 132/1630/2307
f 132/1633/545 118/1634/545 117/1635/545
f 117/1635/2308 118/1634/2308 132/1633/2308
f 133/1636/546 134/1637/546 119/1638/546
f 119/1638/2309 134/1637/2309 133/1636/2309
f 133/1639/547 119/1640/547 118/1641/547
f 118/1641/2310 119/1640/2310 133/1639/2310
f 134/1642/548 135/1643/548 120/1644/548
f 120/1644/2311 135/1643/2311 134/1642/2311
f 134/1645/549 120/1646/549 119/1647/549
f 119/1647/2312 120/1646/2312 134/1645/2312
f 135/1648/550 136/1649/550 121/1650/550
f 121/1650/2313 136/1649/2313 135/1648/2313
f 135/1651/551 121/1652/551 120/1653/551
f 120/1653/2314 121/1652/2314 135/1651/2314
f 136/1654/552 137/1655/552 122/1656/552
f 122/1656/2315 137/1655/2315 136/1654/2315
f 136/1657/553 122/1658/553 121/1659/553
f 121/1659/2316 122/1658/2316 136/1657/2316
f 137/1660/554 138/1661/554 123/1662/554
f 123/1662/2317 138/1661/2317 137/1660/2317
f 137/1663/555 123/1664/555 122/1665/555
f 122/1665/2318 123/1664/2318 137/1663/2318
f 124/1666/556 314/1667/556 313/1668/556
f 313/1668/2319 314/1667/2319 124/1666/2319
f 124/1669/557 313/1670/557 139/1671/557
f 139/1671/2320 313/1670/2320 124/1669/2320
f 124/1672/558 139/1673/558 331/1674/558
f 331/1674/2321 139/1673/2321 124/1672/2321
f 296/1675/559 126/1676/559 325/1677/559
f 325/1677/2322 126/1676/2322 296/1675/2322
f 296/1678/560 325/1679/560 326/1680/560
f 326/1680/2323 325/1679/2323 296/1678/2323
f 250/1681/561 257/1682/561 128/1683/561
f 128/1683/2324 257/1682/2324 250/1681/2324
f 250/1684/562 128/1685/562 42/1686/562
f 42/1686/2325 128/1685/2325 250/1684/2325
f 128/1687/563 257/1688/563 353/1689/563
f 353/1689/2326 257/1688/2326 128/1687/2326
f 128/1690/564 353/1691/564 354/1692/564
f 354/1692/2327 353/1691/2327 128/1690/2327
f 375/1693/565 379/1694/565 377/1695/565
f 377/1695/2328 379/1694/2328 375/1693/2328
f 375/1696/566 377/1697/566 378/1698/566
f 378/1698/2329 377/1697/2329 375/1696/2329
f 260/1699/567 261/1700/567 132/1701/567
f 132/1701/2330 261/1700/2330 260/1699/2330
f 261/1702/568 262/1703/568 133/1704/568
f 133/1704/2331 262/1703/2331 261/1702/2331
f 261/1705/569 133/1706/569 132/1707/569
f 132/1707/2332 133/1706/2332 261/1705/2332
f 262/1708/570 263/1709/570 134/1710/570
f 134/1710/2333 263/1709/2333 262/1708/2333
f 262/1711/571 134/1712/571 133/1713/571
f 133/1713/2334 134/1712/2334 262/1711/2334
f 263/1714/572 264/1715/572 135/1716/572
f 135/1716/2335 264/1715/2335 263/1714/2335
f 263/1717/573 135/1718/573 134/1719/573
f 134/1719/2336 135/1718/2336 263/1717/2336
f 264/1720/574 265/1721/574 136/1722/574
f 136/1722/2337 265/1721/2337 264/1720/2337
f 264/1723/575 136/1724/575 135/1725/575
f 135/1725/2338 136/1724/2338 264/1723/2338
f 265/1726/576 266/1727/576 137/1728/576
f 137/1728/2339 266/1727/2339 265/1726/2339
f 265/1729/577 137/1730/577 136/1731/577
f 136/1731/2340 137/1730/2340 265/1729/2340
f 266/1732/578 267/1733/578 138/1734/578
f 138/1734/2341 267/1733/2341 266/1732/2341
f 266/1735/579 138/1736/579 137/1737/579
f 137/1737/2342 138/1736/2342 266/1735/2342
f 139/1738/580 313/1739/580 312/1740/580
f 312/1740/2343 313/1739/2343 139/1738/2343
f 139/1741/581 312/1742/581 268/1743/581
f 268/1743/2344 312/1742/2344 139/1741/2344
f 139/1744/582 268/1745/582 330/1746/582
f 330/1746/2345 268/1745/2345 139/1744/2345
f 139/1747/583 330/1748/583 331/1749/583
f 331/1749/2346 330/1748/2346 139/1747/2346
f 343/1750/584 342/1751/584 345/1752/584
f 345/1752/2347 342/1751/2347 343/1750/2347
f 343/1753/585 345/1754/585 346/1755/585
f 346/1755/2348 345/1754/2348 343/1753/2348
f 269/1756/586 251/1757/586 47/1758/586
f 47/1758/2349 251/1757/2349 269/1756/2349
f 269/1759/587 47/1760/587 142/1761/587
f 142/1761/2350 47/1760/2350 269/1759/2350
f 143/1762/588 349/1763/588 348/1764/588
f 348/1764/2351 349/1763/2351 143/1762/2351
f 370/1765/589 367/1766/589 369/1767/589
f 369/1767/2352 367/1766/2352 370/1765/2352
f 370/1768/590 369/1769/590 368/1770/590
f 368/1770/2353 369/1769/2353 370/1768/2353
f 154/1771/591 155/1772/591 145/1773/591
f 145/1773/2354 155/1772/2354 154/1771/2354
f 154/1774/592 145/1775/592 144/1776/592
f 144/1776/2355 145/1775/2355 154/1774/2355
f 155/1777/593 156/1778/593 146/1779/593
f 146/1779/2356 156/1778/2356 155/1777/2356
f 155/1780/594 146/1781/594 145/1782/594
f 145/1782/2357 146/1781/2357 155/1780/2357
f 156/1783/595 157/1784/595 147/1785/595
f 147/1785/2358 157/1784/2358 156/1783/2358
f 156/1786/596 147/1787/596 146/1788/596
f 146/1788/2359 147/1787/2359 156/1786/2359
f 157/1789/597 158/1790/597 148/1791/597
f 148/1791/2360 158/1790/2360 157/1789/2360
f 157/1792/598 148/1793/598 147/1794/598
f 147/1794/2361 148/1793/2361 157/1792/2361
f 158/1795/599 159/1796/599 149/1797/599
f 149/1797/2362 159/1796/2362 158/1795/2362
f 158/1798/600 149/1799/600 148/1800/600
f 148/1800/2363 149/1799/2363 158/1798/2363
f 159/1801/601 160/1802/601 150/1803/601
f 150/1803/2364 160/1802/2364 159/1801/2364
f 159/1804/602 150/1805/602 149/1806/602
f 149/1806/2365 150/1805/2365 159/1804/2365
f 160/1807/603 161/1808/603 151/1809/603
f 151/1809/2366 161/1808/2366 160/1807/2366
f 160/1810/604 151/1811/604 150/1812/604
f 150/1812/2367 151/1811/2367 160/1810/2367
f 300/1813/605 304/1814/605 305/1815/605
f 305/1815/2368 304/1814/2368 300/1813/2368
f 300/1816/606 297/1817/606 329/1818/606
f 329/1818/2369 297/1817/2369 300/1816/2369
f 300/1819/607 329/1820/607 328/1821/607
f 328/1821/2370 329/1820/2370 300/1819/2370
f 339/1822/608 335/1823/608 337/1824/608
f 337/1824/2371 335/1823/2371 339/1822/2371
f 337/1825/609 335/1826/609 320/1827/609
f 320/1827/2372 335/1826/2372 337/1825/2372
f 162/1828/610 3/1829/610 46/1830/610
f 46/1830/2373 3/1829/2373 162/1828/2373
f 162/1831/611 46/1832/611 152/1833/611
f 152/1833/2374 46/1832/2374 162/1831/2374
f 164/1834/612 165/1835/612 155/1836/612
f 155/1836/2375 165/1835/2375 164/1834/2375
f 164/1837/613 155/1838/613 154/1839/613
f 154/1839/2376 155/1838/2376 164/1837/2376
f 165/1840/614 166/1841/614 156/1842/614
f 156/1842/2377 166/1841/2377 165/1840/2377
f 165/1843/615 156/1844/615 155/1845/615
f 155/1845/2378 156/1844/2378 165/1843/2378
f 166/1846/616 167/1847/616 157/1848/616
f 157/1848/2379 167/1847/2379 166/1846/2379
f 166/1849/617 157/1850/617 156/1851/617
f 156/1851/2380 157/1850/2380 166/1849/2380
f 167/1852/618 168/1853/618 158/1854/618
f 158/1854/2381 168/1853/2381 167/1852/2381
f 167/1855/619 158/1856/619 157/1857/619
f 157/1857/2382 158/1856/2382 167/1855/2382
f 168/1858/620 169/1859/620 159/1860/620
f 159/1860/2383 169/1859/2383 168/1858/2383
f 168/1861/621 159/1862/621 158/1863/621
f 158/1863/2384 159/1862/2384 168/1861/2384
f 169/1864/622 170/1865/622 160/1866/622
f 160/1866/2385 170/1865/2385 169/1864/2385
f 169/1867/623 160/1868/623 159/1869/623
f 159/1869/2386 160/1868/2386 169/1867/2386
f 170/1870/624 171/1871/624 161/1872/624
f 161/1872/2387 171/1871/2387 170/1870/2387
f 170/1873/625 161/1874/625 160/1875/625
f 160/1875/2388 161/1874/2388 170/1873/2388
f 172/1876/626 173/1877/626 3/1878/626
f 3/1878/2389 173/1877/2389 172/1876/2389
f 172/1879/627 3/1880/627 162/1881/627
f 162/1881/2390 3/1880/2390 172/1879/2390
f 10/1882/628 174/1883/628 163/1884/628
f 163/1884/2391 174/1883/2391 10/1882/2391
f 10/1885/629 163/1886/629 2/1887/629
f 2/1887/2392 163/1886/2392 10/1885/2392
f 175/1888/630 176/1889/630 165/1890/630
f 165/1890/2393 176/1889/2393 175/1888/2393
f 176/1891/631 177/1892/631 166/1893/631
f 166/1893/2394 177/1892/2394 176/1891/2394
f 176/1894/632 166/1895/632 165/1896/632
f 165/1896/2395 166/1895/2395 176/1894/2395
f 177/1897/633 178/1898/633 167/1899/633
f 167/1899/2396 178/1898/2396 177/1897/2396
f 177/1900/634 167/1901/634 166/1902/634
f 166/1902/2397 167/1901/2397 177/1900/2397
f 178/1903/635 179/1904/635 168/1905/635
f 168/1905/2398 179/1904/2398 178/1903/2398
f 178/1906/636 168/1907/636 167/1908/636
f 167/1908/2399 168/1907/2399 178/1906/2399
f 179/1909/637 180/1910/637 169/1911/637
f 169/1911/2400 180/1910/2400 179/1909/2400
f 179/1912/638 169/1913/638 168/1914/638
f 168/1914/2401 169/1913/2401 179/1912/2401
f 180/1915/639 181/1916/639 170/1917/639
f 170/1917/2402 181/1916/2402 180/1915/2402
f 180/1918/640 170/1919/640 169/1920/640
f 169/1920/2403 170/1919/2403 180/1918/2403
f 181/1921/641 182/1922/641 171/1923/641
f 171/1923/2404 182/1922/2404 181/1921/2404
f 181/1924/642 171/1925/642 170/1926/642
f 170/1926/2405 171/1925/2405 181/1924/2405
f 183/1927/643 184/1928/643 173/1929/643
f 173/1929/2406 184/1928/2406 183/1927/2406
f 11/1930/644 185/1931/644 174/1932/644
f 174/1932/2407 185/1931/2407 11/1930/2407
f 11/1933/645 174/1934/645 10/1935/645
f 10/1935/2408 174/1934/2408 11/1933/2408
f 186/1936/646 187/1937/646 176/1938/646
f 176/1938/2409 187/1937/2409 186/1936/2409
f 187/1939/647 188/1940/647 177/1941/647
f 177/1941/2410 188/1940/2410 187/1939/2410
f 187/1942/648 177/1943/648 176/1944/648
f 176/1944/2411 177/1943/2411 187/1942/2411
f 188/1945/649 189/1946/649 178/1947/649
f 178/1947/2412 189/1946/2412 188/1945/2412
f 188/1948/650 178/1949/650 177/1950/650
f 177/1950/2413 178/1949/2413 188/1948/2413
f 189/1951/651 190/1952/651 179/1953/651
f 179/1953/2414 190/1952/2414 189/1951/2414
f 189/1954/652 179/1955/652 178/1956/652
f 178/1956/2415 179/1955/2415 189/1954/2415
f 190/1957/653 191/1958/653 180/1959/653
f 180/1959/2416 191/1958/2416 190/1957/2416
f 190/1960/654 180/1961/654 179/1962/654
f 179/1962/2417 180/1961/2417 190/1960/2417
f 191/1963/655 192/1964/655 181/1965/655
f 181/1965/2418 192/1964/2418 191/1963/2418
f 191/1966/656 181/1967/656 180/1968/656
f 180/1968/2419 181/1967/2419 191/1966/2419
f 192/1969/657 193/1970/657 182/1971/657
f 182/1971/2420 193/1970/2420 192/1969/2420
f 192/1972/658 182/1973/658 181/1974/658
f 181/1974/2421 182/1973/2421 192/1972/2421
f 194/1975/659 195/1976/659 184/1977/659
f 184/1977/2422 195/1976/2422 194/1975/2422
f 194/1978/660 184/1979/660 183/1980/660
f 183/1980/2423 184/1979/2423 194/1978/2423
f 12/1981/661 196/1982/661 185/1983/661
f 185/1983/2424 196/1982/2424 12/1981/2424
f 12/1984/662 185/1985/662 11/1986/662
f 11/1986/2425 185/1985/2425 12/1984/2425
f 185/1987/663 196/1988/663 350/1989/663
f 350/1989/2426 196/1988/2426 185/1987/2426
f 185/1990/664 350/1991/664 373/1992/664
f 373/1992/2427 350/1991/2427 185/1990/2427
f 197/1993/665 198/1994/665 367/1995/665
f 367/1995/2428 198/1994/2428 197/1993/2428
f 197/1996/666 367/1997/666 374/1998/666
f 374/1998/2429 367/1997/2429 197/1996/2429
f 367/1999/667 198/2000/667 359/2001/667
f 359/2001/2430 198/2000/2430 367/1999/2430
f 367/2002/668 359/2003/668 369/2004/668
f 369/2004/2431 359/2003/2431 367/2002/2431
f 199/2005/669 200/2006/669 187/2007/669
f 187/2007/2432 200/2006/2432 199/2005/2432
f 199/2008/670 187/2009/670 186/2010/670
f 186/2010/2433 187/2009/2433 199/2008/2433
f 200/2011/671 201/2012/671 188/2013/671
f 188/2013/2434 201/2012/2434 200/2011/2434
f 200/2014/672 188/2015/672 187/2016/672
f 187/2016/2435 188/2015/2435 200/2014/2435
f 201/2017/673 202/2018/673 189/2019/673
f 189/2019/2436 202/2018/2436 201/2017/2436
f 201/2020/674 189/2021/674 188/2022/674
f 188/2022/2437 189/2021/2437 201/2020/2437
f 202/2023/675 203/2024/675 190/2025/675
f 190/2025/2438 203/2024/2438 202/2023/2438
f 202/2026/676 190/2027/676 189/2028/676
f 189/2028/2439 190/2027/2439 202/2026/2439
f 203/2029/677 204/2030/677 191/2031/677
f 191/2031/2440 204/2030/2440 203/2029/2440
f 203/2032/678 191/2033/678 190/2034/678
f 190/2034/2441 191/2033/2441 203/2032/2441
f 204/2035/679 205/2036/679 192/2037/679
f 192/2037/2442 205/2036/2442 204/2035/2442
f 204/2038/680 192/2039/680 191/2040/680
f 191/2040/2443 192/2039/2443 204/2038/2443
f 205/2041/681 206/2042/681 193/2043/681
f 193/2043/2444 206/2042/2444 205/2041/2444
f 205/2044/682 193/2045/682 192/2046/682
f 192/2046/2445 193/2045/2445 205/2044/2445
f 298/2047/683 308/2048/683 309/2049/683
f 309/2049/2446 308/2048/2446 298/2047/2446
f 298/2050/684 309/2051/684 207/2052/684
f 207/2052/2447 309/2051/2447 298/2050/2447
f 207/2053/685 208/2054/685 341/2055/685
f 341/2055/2448 208/2054/2448 207/2053/2448
f 207/2056/686 341/2057/686 298/2058/686
f 298/2058/2449 341/2057/2449 207/2056/2449
f 208/2059/687 209/2060/687 299/2061/687
f 299/2061/2450 209/2060/2450 208/2059/2450
f 208/2062/688 299/2063/688 341/2064/688
f 341/2064/2451 299/2063/2451 208/2062/2451
f 299/2065/689 209/2066/689 321/2067/689
f 321/2067/2452 209/2066/2452 299/2065/2452
f 299/2068/690 321/2069/690 320/2070/690
f 320/2070/2453 321/2069/2453 299/2068/2453
f 210/2071/691 211/2072/691 195/2073/691
f 195/2073/2454 211/2072/2454 210/2071/2454
f 210/2074/692 195/2075/692 194/2076/692
f 194/2076/2455 195/2075/2455 210/2074/2455
f 13/2077/693 212/2078/693 196/2079/693
f 196/2079/2456 212/2078/2456 13/2077/2456
f 13/2080/694 196/2081/694 12/2082/694
f 12/2082/2457 196/2081/2457 13/2080/2457
f 196/2083/695 212/2084/695 351/2085/695
f 351/2085/2458 212/2084/2458 196/2083/2458
f 196/2086/696 351/2087/696 350/2088/696
f 350/2088/2459 351/2087/2459 196/2086/2459
f 213/2089/697 214/2090/697 198/2091/697
f 198/2091/2460 214/2090/2460 213/2089/2460
f 213/2092/698 198/2093/698 197/2094/698
f 197/2094/2461 198/2093/2461 213/2092/2461
f 198/2095/699 214/2096/699 360/2097/699
f 360/2097/2462 214/2096/2462 198/2095/2462
f 198/2098/700 360/2099/700 359/2100/700
f 359/2100/2463 360/2099/2463 198/2098/2463
f 215/2101/701 216/2102/701 200/2103/701
f 200/2103/2464 216/2102/2464 215/2101/2464
f 215/2104/702 200/2105/702 199/2106/702
f 199/2106/2465 200/2105/2465 215/2104/2465
f 216/2107/703 217/2108/703 201/2109/703
f 201/2109/2466 217/2108/2466 216/2107/2466
f 216/2110/704 201/2111/704 200/2112/704
f 200/2112/2467 201/2111/2467 216/2110/2467
f 217/2113/705 218/2114/705 202/2115/705
f 202/2115/2468 218/2114/2468 217/2113/2468
f 217/2116/706 202/2117/706 201/2118/706
f 201/2118/2469 202/2117/2469 217/2116/2469
f 218/2119/707 219/2120/707 203/2121/707
f 203/2121/2470 219/2120/2470 218/2119/2470
f 218/2122/708 203/2123/708 202/2124/708
f 202/2124/2471 203/2123/2471 218/2122/2471
f 219/2125/709 220/2126/709 204/2127/709
f 204/2127/2472 220/2126/2472 219/2125/2472
f 219/2128/710 204/2129/710 203/2130/710
f 203/2130/2473 204/2129/2473 219/2128/2473
f 220/2131/711 221/2132/711 205/2133/711
f 205/2133/2474 221/2132/2474 220/2131/2474
f 220/2134/712 205/2135/712 204/2136/712
f 204/2136/2475 205/2135/2475 220/2134/2475
f 221/2137/713 222/2138/713 206/2139/713
f 206/2139/2476 222/2138/2476 221/2137/2476
f 221/2140/714 206/2141/714 205/2142/714
f 205/2142/2477 206/2141/2477 221/2140/2477
f 207/2143/715 309/2144/715 310/2145/715
f 310/2145/2478 309/2144/2478 207/2143/2478
f 207/2146/716 310/2147/716 223/2148/716
f 223/2148/2479 310/2147/2479 207/2146/2479
f 223/2149/717 224/2150/717 208/2151/717
f 208/2151/2480 224/2150/2480 223/2149/2480
f 223/2152/718 208/2153/718 207/2154/718
f 207/2154/2481 208/2153/2481 223/2152/2481
f 224/2155/719 225/2156/719 209/2157/719
f 209/2157/2482 225/2156/2482 224/2155/2482
f 224/2158/720 209/2159/720 208/2160/720
f 208/2160/2483 209/2159/2483 224/2158/2483
f 209/2161/721 225/2162/721 322/2163/721
f 322/2163/2484 225/2162/2484 209/2161/2484
f 209/2164/722 322/2165/722 321/2166/722
f 321/2166/2485 322/2165/2485 209/2164/2485
f 226/2167/723 227/2168/723 211/2169/723
f 211/2169/2486 227/2168/2486 226/2167/2486
f 226/2170/724 211/2171/724 210/2172/724
f 210/2172/2487 211/2171/2487 226/2170/2487
f 14/2173/725 212/2174/725 13/2175/725
f 13/2175/2488 212/2174/2488 14/2173/2488
f 212/2176/726 352/2177/726 351/2178/726
f 351/2178/2489 352/2177/2489 212/2176/2489
f 229/2179/727 214/2180/727 213/2181/727
f 213/2181/2490 214/2180/2490 229/2179/2490
f 214/2182/728 361/2183/728 360/2184/728
f 360/2184/2491 361/2183/2491 214/2182/2491
f 231/2185/729 232/2186/729 216/2187/729
f 216/2187/2492 232/2186/2492 231/2185/2492
f 231/2188/730 216/2189/730 215/2190/730
f 215/2190/2493 216/2189/2493 231/2188/2493
f 232/2191/731 233/2192/731 217/2193/731
f 217/2193/2494 233/2192/2494 232/2191/2494
f 232/2194/732 217/2195/732 216/2196/732
f 216/2196/2495 217/2195/2495 232/2194/2495
f 233/2197/733 234/2198/733 218/2199/733
f 218/2199/2496 234/2198/2496 233/2197/2496
f 233/2200/734 218/2201/734 217/2202/734
f 217/2202/2497 218/2201/2497 233/2200/2497
f 234/2203/735 235/2204/735 219/2205/735
f 219/2205/2498 235/2204/2498 234/2203/2498
f 234/2206/736 219/2207/736 218/2208/736
f 218/2208/2499 219/2207/2499 234/2206/2499
f 235/2209/737 236/2210/737 220/2211/737
f 220/2211/2500 236/2210/2500 235/2209/2500
f 235/2212/738 220/2213/738 219/2214/738
f 219/2214/2501 220/2213/2501 235/2212/2501
f 236/2215/739 237/2216/739 221/2217/739
f 221/2217/2502 237/2216/2502 236/2215/2502
f 236/2218/740 221/2219/740 220/2220/740
f 220/2220/2503 221/2219/2503 236/2218/2503
f 237/2221/741 238/2222/741 222/2223/741
f 222/2223/2504 238/2222/2504 237/2221/2504
f 237/2224/742 222/2225/742 221/2226/742
f 221/2226/2505 222/2225/2505 237/2224/2505
f 223/2227/743 310/2228/743 311/2229/743
f 311/2229/2506 310/2228/2506 223/2227/2506
f 223/2230/744 311/2231/744 239/2232/744
f 239/2232/2507 311/2231/2507 223/2230/2507
f 239/2233/745 224/2234/745 223/2235/745
f 223/2235/2508 224/2234/2508 239/2233/2508
f 240/2236/746 225/2237/746 224/2238/746
f 224/2238/2509 225/2237/2509 240/2236/2509
f 225/2239/747 323/2240/747 322/2241/747
f 322/2241/2510 323/2240/2510 225/2239/2510
f 242/2242/748 243/2243/748 227/2244/748
f 227/2244/2511 243/2243/2511 242/2242/2511
f 242/2245/749 227/2246/749 226/2247/749
f 226/2247/2512 227/2246/2512 242/2245/2512
f 19/2248/750 245/2249/750 244/2250/750
f 244/2250/2513 245/2249/2513 19/2248/2513
f 19/2251/751 244/2252/751 15/2253/751
f 15/2253/2514 244/2252/2514 19/2251/2514
f 23/2254/752 246/2255/752 245/2256/752
f 245/2256/2515 246/2255/2515 23/2254/2515
f 23/2257/753 245/2258/753 19/2259/753
f 19/2259/2516 245/2258/2516 23/2257/2516
f 27/2260/754 247/2261/754 246/2262/754
f 246/2262/2517 247/2261/2517 27/2260/2517
f 36/2263/755 249/2264/755 248/2265/755
f 248/2265/2518 249/2264/2518 36/2263/2518
f 36/2266/756 248/2267/756 31/2268/756
f 31/2268/2519 248/2267/2519 36/2266/2519
f 41/2269/757 250/2270/757 249/2271/757
f 249/2271/2520 250/2270/2520 41/2269/2520
f 49/2272/758 252/2273/758 251/2274/758
f 251/2274/2521 252/2273/2521 49/2272/2521
f 49/2275/759 251/2276/759 46/2277/759
f 46/2277/2522 251/2276/2522 49/2275/2522
f 52/2278/760 253/2279/760 252/2280/760
f 252/2280/2523 253/2279/2523 52/2278/2523
f 52/2281/761 252/2282/761 49/2283/761
f 49/2283/2524 252/2282/2524 52/2281/2524
f 6/2284/762 254/2285/762 253/2286/762
f 253/2286/2525 254/2285/2525 6/2284/2525
f 6/2287/763 253/2288/763 52/2289/763
f 52/2289/2526 253/2288/2526 6/2287/2526
f 7/2290/764 255/2291/764 254/2292/764
f 254/2292/2527 255/2291/2527 7/2290/2527
f 9/2293/765 256/2294/765 255/2295/765
f 255/2295/2528 256/2294/2528 9/2293/2528
f 41/2296/766 257/2297/766 250/2298/766
f 250/2298/2529 257/2297/2529 41/2296/2529
f 257/2299/767 143/2300/767 348/2301/767
f 348/2301/2530 143/2300/2530 257/2299/2530
f 257/2302/768 348/2303/768 353/2304/768
f 353/2304/2531 348/2303/2531 257/2302/2531
f 371/2305/769 379/2306/769 375/2307/769
f 375/2307/2532 379/2306/2532 371/2305/2532
f 379/2308/770 370/2309/770 368/2310/770
f 368/2310/2533 370/2309/2533 379/2308/2533
f 379/2311/771 368/2312/771 380/2313/771
f 380/2313/2534 368/2312/2534 379/2311/2534
f 144/2314/772 145/2315/772 261/2316/772
f 261/2316/2535 145/2315/2535 144/2314/2535
f 144/2317/773 261/2318/773 260/2319/773
f 260/2319/2536 261/2318/2536 144/2317/2536
f 145/2320/774 146/2321/774 262/2322/774
f 262/2322/2537 146/2321/2537 145/2320/2537
f 145/2323/775 262/2324/775 261/2325/775
f 261/2325/2538 262/2324/2538 145/2323/2538
f 146/2326/776 147/2327/776 263/2328/776
f 263/2328/2539 147/2327/2539 146/2326/2539
f 146/2329/777 263/2330/777 262/2331/777
f 262/2331/2540 263/2330/2540 146/2329/2540
f 147/2332/778 148/2333/778 264/2334/778
f 264/2334/2541 148/2333/2541 147/2332/2541
f 147/2335/779 264/2336/779 263/2337/779
f 263/2337/2542 264/2336/2542 147/2335/2542
f 148/2338/780 149/2339/780 265/2340/780
f 265/2340/2543 149/2339/2543 148/2338/2543
f 148/2341/781 265/2342/781 264/2343/781
f 264/2343/2544 265/2342/2544 148/2341/2544
f 149/2344/782 150/2345/782 266/2346/782
f 266/2346/2545 150/2345/2545 149/2344/2545
f 149/2347/783 266/2348/783 265/2349/783
f 265/2349/2546 266/2348/2546 149/2347/2546
f 150/2350/784 151/2351/784 267/2352/784
f 267/2352/2547 151/2351/2547 150/2350/2547
f 150/2353/785 267/2354/785 266/2355/785
f 266/2355/2548 267/2354/2548 150/2353/2548
f 268/2356/786 312/2357/786 304/2358/786
f 304/2358/2549 312/2357/2549 268/2356/2549
f 268/2359/787 328/2360/787 330/2361/787
f 330/2361/2550 328/2360/2550 268/2359/2550
f 338/2362/788 337/2363/788 342/2364/788
f 342/2364/2551 337/2363/2551 338/2362/2551
f 338/2365/789 342/2366/789 343/2367/789
f 343/2367/2552 342/2366/2552 338/2365/2552
f 152/2368/790 46/2369/790 251/2370/790
f 251/2370/2553 46/2369/2553 152/2368/2553
f 152/2371/791 251/2372/791 269/2373/791
f 269/2373/2554 251/2372/2554 152/2371/2554
f 87/2374/792 88/2375/792 290/2376/792
f 290/2376/2555 88/2375/2555 87/2374/2555
f 271/2377/793 270/2378/793 276/2379/793
f 276/2379/2556 270/2378/2556 271/2377/2556
f 270/2380/794 85/2381/794 277/2382/794
f 277/2382/2557 85/2381/2557 270/2380/2557
f 270/2383/795 277/2384/795 276/2385/795
f 276/2385/2558 277/2384/2558 270/2383/2558
f 85/2386/796 278/2387/796 277/2388/796
f 277/2388/2559 278/2387/2559 85/2386/2559
f 76/2389/797 81/2390/797 283/2391/797
f 283/2391/2560 81/2390/2560 76/2389/2560
f 76/2392/798 283/2393/798 284/2394/798
f 284/2394/2561 283/2393/2561 76/2392/2561
f 69/2395/799 72/2396/799 285/2397/799
f 285/2397/2562 72/2396/2562 69/2395/2562
f 69/2398/800 285/2399/800 286/2400/800
f 286/2400/2563 285/2399/2563 69/2398/2563
f 66/2401/801 69/2402/801 286/2403/801
f 286/2403/2564 69/2402/2564 66/2401/2564
f 66/2404/802 286/2405/802 287/2406/802
f 287/2406/2565 286/2405/2565 66/2404/2565
f 281/2407/803 66/2408/803 287/2409/803
f 287/2409/2566 66/2408/2566 281/2407/2566
f 281/2410/804 287/2411/804 288/2412/804
f 288/2412/2567 287/2411/2567 281/2410/2567
f 283/2413/805 290/2414/805 289/2415/805
f 289/2415/2568 290/2414/2568 283/2413/2568
f 283/2416/806 289/2417/806 284/2418/806
f 284/2418/2569 289/2417/2569 283/2416/2569
f 286/2419/807 292/2420/807 293/2421/807
f 293/2421/2570 292/2420/2570 286/2419/2570
f 286/2422/808 293/2423/808 287/2424/808
f 287/2424/2571 293/2423/2571 286/2422/2571
f 287/2425/809 293/2426/809 294/2427/809
f 294/2427/2572 293/2426/2572 287/2425/2572
f 287/2428/810 294/2429/810 288/2430/810
f 288/2430/2573 294/2429/2573 287/2428/2573
f 297/2431/811 305/2432/811 306/2433/811
f 306/2433/2574 305/2432/2574 297/2431/2574
f 297/2434/812 306/2435/812 302/2436/812
f 302/2436/2575 306/2435/2575 297/2434/2575
f 302/2437/813 306/2438/813 307/2439/813
f 307/2439/2576 306/2438/2576 302/2437/2576
f 302/2440/814 307/2441/814 303/2442/814
f 303/2442/2577 307/2441/2577 302/2440/2577
f 303/2443/815 307/2444/815 308/2445/815
f 308/2445/2578 307/2444/2578 303/2443/2578
f 161/2446/816 305/2447/816 304/2448/816
f 304/2448/2579 305/2447/2579 161/2446/2579
f 161/2449/817 304/2450/817 151/2451/817
f 151/2451/2580 304/2450/2580 161/2449/2580
f 171/2452/818 306/2453/818 305/2454/818
f 305/2454/2581 306/2453/2581 171/2452/2581
f 171/2455/819 305/2456/819 161/2457/819
f 161/2457/2582 305/2456/2582 171/2455/2582
f 182/2458/820 306/2459/820 171/2460/820
f 171/2460/2583 306/2459/2583 182/2458/2583
f 193/2461/821 307/2462/821 182/2463/821
f 182/2463/2584 307/2462/2584 193/2461/2584
f 206/2464/822 309/2465/822 308/2466/822
f 308/2466/2585 309/2465/2585 206/2464/2585
f 206/2467/823 308/2468/823 193/2469/823
f 193/2469/2586 308/2468/2586 206/2467/2586
f 222/2470/824 309/2471/824 206/2472/824
f 206/2472/2587 309/2471/2587 222/2470/2587
f 238/2473/825 310/2474/825 222/2475/825
f 222/2475/2588 310/2474/2588 238/2473/2588
f 151/2476/826 312/2477/826 267/2478/826
f 267/2478/2589 312/2477/2589 151/2476/2589
f 267/2479/827 313/2480/827 138/2481/827
f 138/2481/2590 313/2480/2590 267/2479/2590
f 138/2482/828 313/2483/828 314/2484/828
f 314/2484/2591 313/2483/2591 138/2482/2591
f 138/2485/829 314/2486/829 123/2487/829
f 123/2487/2592 314/2486/2592 138/2485/2592
f 123/2488/830 314/2489/830 315/2490/830
f 315/2490/2593 314/2489/2593 123/2488/2593
f 123/2491/831 315/2492/831 108/2493/831
f 108/2493/2594 315/2492/2594 123/2491/2594
f 108/2494/832 315/2495/832 316/2496/832
f 316/2496/2595 315/2495/2595 108/2494/2595
f 108/2497/833 316/2498/833 94/2499/833
f 94/2499/2596 316/2498/2596 108/2497/2596
f 162/2500/834 152/2501/834 318/2502/834
f 318/2502/2597 152/2501/2597 162/2500/2597
f 172/2503/835 162/2504/835 319/2505/835
f 319/2505/2598 162/2504/2598 172/2503/2598
f 210/2506/836 320/2507/836 321/2508/836
f 321/2508/2599 320/2507/2599 210/2506/2599
f 226/2509/837 210/2510/837 321/2511/837
f 321/2511/2600 210/2510/2600 226/2509/2600
f 226/2512/838 321/2513/838 322/2514/838
f 322/2514/2601 321/2513/2601 226/2512/2601
f 242/2515/839 226/2516/839 322/2517/839
f 322/2517/2602 226/2516/2602 242/2515/2602
f 242/2518/840 322/2519/840 323/2520/840
f 323/2520/2603 322/2519/2603 242/2518/2603
f 152/2521/841 269/2522/841 324/2523/841
f 324/2523/2604 269/2522/2604 152/2521/2604
f 152/2524/842 324/2525/842 318/2526/842
f 318/2526/2605 324/2525/2605 152/2524/2605
f 269/2527/843 142/2528/843 325/2529/843
f 325/2529/2606 142/2528/2606 269/2527/2606
f 142/2530/844 326/2531/844 325/2532/844
f 325/2532/2607 326/2531/2607 142/2530/2607
f 112/2533/845 272/2534/845 1/2535/845
f 1/2535/2608 272/2534/2608 112/2533/2608
f 112/2536/846 1/2537/846 327/2538/846
f 327/2538/2609 1/2537/2609 112/2536/2609
f 339/2539/847 338/2540/847 340/2541/847
f 340/2541/2610 338/2540/2610 339/2539/2610
f 339/2542/848 340/2543/848 341/2544/848
f 341/2544/2611 340/2543/2611 339/2542/2611
f 338/2545/849 343/2546/849 347/2547/849
f 347/2547/2612 343/2546/2612 338/2545/2612
f 338/2548/850 347/2549/850 340/2550/850
f 340/2550/2613 347/2549/2613 338/2548/2613
f 140/2551/851 332/2552/851 331/2553/851
f 331/2553/2614 332/2552/2614 140/2551/2614
f 125/2554/852 110/2555/852 333/2556/852
f 333/2556/2615 110/2555/2615 125/2554/2615
f 125/2557/853 333/2558/853 332/2559/853
f 332/2559/2616 333/2558/2616 125/2557/2616
f 110/2560/854 96/2561/854 334/2562/854
f 334/2562/2617 96/2561/2617 110/2560/2617
f 110/2563/855 334/2564/855 333/2565/855
f 333/2565/2618 334/2564/2618 110/2563/2618
f 298/2566/856 341/2567/856 329/2568/856
f 329/2568/2619 341/2567/2619 298/2566/2619
f 318/2569/857 336/2570/857 320/2571/857
f 320/2571/2620 336/2570/2620 318/2569/2620
f 329/2572/858 340/2573/858 328/2574/858
f 328/2574/2621 340/2573/2621 329/2572/2621
f 324/2575/859 344/2576/859 336/2577/859
f 336/2577/2622 344/2576/2622 324/2575/2622
f 324/2578/860 336/2579/860 318/2580/860
f 318/2580/2623 336/2579/2623 324/2578/2623
f 141/2581/861 344/2582/861 324/2583/861
f 324/2583/2624 344/2582/2624 141/2581/2624
f 126/2584/862 345/2585/862 342/2586/862
f 342/2586/2625 345/2585/2625 126/2584/2625
f 126/2587/863 342/2588/863 141/2589/863
f 141/2589/2626 342/2588/2626 126/2587/2626
f 140/2590/864 346/2591/864 345/2592/864
f 345/2592/2627 346/2591/2627 140/2590/2627
f 140/2593/865 345/2594/865 126/2595/865
f 126/2595/2628 345/2594/2628 140/2593/2628
f 301/2596/866 343/2597/866 346/2598/866
f 346/2598/2629 343/2597/2629 301/2596/2629
f 301/2599/867 346/2600/867 140/2601/867
f 140/2601/2630 346/2600/2630 301/2599/2630
f 330/2602/868 347/2603/868 343/2604/868
f 343/2604/2631 347/2603/2631 330/2602/2631
f 330/2605/869 343/2606/869 301/2607/869
f 301/2607/2632 343/2606/2632 330/2605/2632
f 328/2608/870 340/2609/870 347/2610/870
f 347/2610/2633 340/2609/2633 328/2608/2633
f 197/2611/871 374/2612/871 373/2613/871
f 373/2613/2634 374/2612/2634 197/2611/2634
f 197/2614/872 373/2615/872 350/2616/872
f 350/2616/2635 373/2615/2635 197/2614/2635
f 213/2617/873 197/2618/873 350/2619/873
f 350/2619/2636 197/2618/2636 213/2617/2636
f 213/2620/874 350/2621/874 351/2622/874
f 351/2622/2637 350/2621/2637 213/2620/2637
f 229/2623/875 213/2624/875 351/2625/875
f 351/2625/2638 213/2624/2638 229/2623/2638
f 229/2626/876 351/2627/876 352/2628/876
f 352/2628/2639 351/2627/2639 229/2626/2639
f 371/2629/877 375/2630/877 376/2631/877
f 376/2631/2640 375/2630/2640 371/2629/2640
f 129/2632/878 355/2633/878 354/2634/878
f 354/2634/2641 355/2633/2641 129/2632/2641
f 114/2635/879 356/2636/879 355/2637/879
f 355/2637/2642 356/2636/2642 114/2635/2642
f 154/2638/880 144/2639/880 357/2640/880
f 357/2640/2643 144/2639/2643 154/2638/2643
f 164/2641/881 154/2642/881 358/2643/881
f 358/2643/2644 154/2642/2644 164/2641/2644
f 199/2644/882 186/2645/882 369/2646/882
f 369/2646/2645 186/2645/2645 199/2644/2645
f 199/2647/883 369/2648/883 359/2649/883
f 359/2649/2646 369/2648/2646 199/2647/2646
f 215/2650/884 199/2651/884 359/2652/884
f 359/2652/2647 199/2651/2647 215/2650/2647
f 231/2653/885 215/2654/885 360/2655/885
f 360/2655/2648 215/2654/2648 231/2653/2648
f 144/2656/886 260/2657/886 362/2658/886
f 362/2658/2649 260/2657/2649 144/2656/2649
f 144/2659/887 362/2660/887 357/2661/887
f 357/2661/2650 362/2660/2650 144/2659/2650
f 260/2662/888 131/2663/888 363/2664/888
f 363/2664/2651 131/2663/2651 260/2662/2651
f 131/2665/889 364/2666/889 363/2667/889
f 363/2667/2652 364/2666/2652 131/2665/2652
f 116/2668/890 365/2669/890 364/2670/890
f 364/2670/2653 365/2669/2653 116/2668/2653
f 357/2671/891 368/2672/891 369/2673/891
f 369/2673/2654 368/2672/2654 357/2671/2654
f 357/2674/892 369/2675/892 358/2676/892
f 358/2676/2655 369/2675/2655 357/2674/2655
f 353/2677/893 376/2678/893 375/2679/893
f 375/2679/2656 376/2678/2656 353/2677/2656
f 353/2680/894 375/2681/894 258/2682/894
f 258/2682/2657 375/2681/2657 353/2680/2657
f 130/2683/895 377/2684/895 379/2685/895
f 379/2685/2658 377/2684/2658 130/2683/2658
f 130/2686/896 379/2687/896 259/2688/896
f 259/2688/2659 379/2687/2659 130/2686/2659
f 129/2689/897 378/2690/897 377/2691/897
f 377/2691/2660 378/2690/2660 129/2689/2660
f 129/2692/898 377/2693/898 130/2694/898
f 130/2694/2661 377/2693/2661 129/2692/2661
f 258/2695/899 375/2696/899 378/2697/899
f 378/2697/2662 375/2696/2662 258/2695/2662
f 258/2698/900 378/2699/900 129/2700/900
f 129/2700/2663 378/2699/2663 258/2698/2663
f 362/2701/901 380/2702/901 368/2703/901
f 368/2703/2664 380/2702/2664 362/2701/2664
f 362/2704/902 368/2705/902 357/2706/902
f 357/2706/2665 368/2705/2665 362/2704/2665
f 259/2707/903 379/2708/903 380/2709/903
f 380/2709/2666 379/2708/2666 259/2707/2666
f 259/2710/904 380/2711/904 362/2712/904
f 362/2712/2667 380/2711/2667 259/2710/2667
f 392/2713/905 391/2714/905 389/2715/905
f 389/2715/2668 391/2714/2668 392/2713/2668
f 392/2716/906 389/2717/906 390/2718/906
f 390/2718/2669 389/2717/2669 392/2716/2669
f 386/2719/907 385/2720/907 381/2721/907
f 381/2721/2670 385/2720/2670 386/2719/2670
f 386/2722/908 381/2723/908 382/2724/908
f 382/2724/2671 381/2723/2671 386/2722/2671
f 388/2725/909 384/2726/909 383/2727/909
f 383/2727/2672 384/2726/2672 388/2725/2672
f 387/2728/910 383/2729/910 381/2730/910
f 381/2730/2673 383/2729/2673 387/2728/2673
f 387/2731/911 381/2732/911 385/2733/911
f 385/2733/2674 381/2732/2674 387/2731/2674
f 388/2734/912 386/2735/912 382/2736/912
f 382/2736/2675 386/2735/2675 388/2734/2675
f 388/2737/913 382/2738/913 384/2739/913
f 384/2739/2676 382/2738/2676 388/2737/2676
f 388/2740/914 387/2741/914 385/2742/914
f 385/2742/2677 387/2741/2677 388/2740/2677
f 388/2743/915 385/2744/915 386/2745/915
f 386/2745/2678 385/2744/2678 388/2743/2678
f 396/2746/916 393/2747/916 394/2748/916
f 394/2748/2679 393/2747/2679 396/2746/2679
f 396/2749/917 394/2750/917 395/2751/917
f 395/2751/2680 394/2750/2680 396/2749/2680
f 384/2752/918 390/2753/918 383/2754/918
f 383/2754/2681 390/2753/2681 384/2752/2681
f 390/2755/919 393/2756/919 396/2757/919
f 396/2757/2682 393/2756/2682 390/2755/2682
f 390/2758/920 396/2759/920 383/2760/920
f 383/2760/2683 396/2759/2683 390/2758/2683
f 381/2761/921 400/2762/921 399/2763/921
f 399/2763/2684 400/2762/2684 381/2761/2684
f 381/2764/922 399/2765/922 389/2766/922
f 389/2766/2685 399/2765/2685 381/2764/2685
f 394/2767/923 398/2768/923 397/2769/923
f 397/2769/2686 398/2768/2686 394/2767/2686
f 394/2770/924 397/2771/924 395/2772/924
f 395/2772/2687 397/2771/2687 394/2770/2687
f 389/2773/925 399/2774/925 400/2775/925
f 400/2775/2688 399/2774/2688 389/2773/2688
f 389/2776/926 400/2777/926 381/2778/926
f 381/2778/2689 400/2777/2689 389/2776/2689
f 395/2779/927 400/2780/927 381/2781/927
f 381/2781/2690 400/2780/2690 395/2779/2690
f 58/2782/928 61/2783/928 60/2784/928
f 60/2784/2691 61/2783/2691 58/2782/2691
f 194/2785/929 172/2786/929 319/2787/929
f 319/2787/2692 172/2786/2692 194/2785/2692
f 194/2785/929 319/2787/929 320/2788/929
f 320/2788/2692 319/2787/2692 194/2785/2692
f 482/2789/930 487/2790/930 486/2791/930
f 486/2791/2693 487/2790/2693 482/2789/2693
f 493/2792/931 488/2793/931 454/2794/931
f 454/2794/2694 488/2793/2694 493/2792/2694
f 500/2795/932 724/2796/932 503/2797/932
f 503/2797/2695 724/2796/2695 500/2795/2695
f 503/2798/933 724/2799/933 506/2800/933
f 506/2800/2696 724/2799/2696 503/2798/2696
f 520/2801/934 517/2802/934 523/2803/934
f 523/2803/2697 517/2802/2697 520/2801/2697
f 546/2804/935 536/2805/935 545/2806/935
f 545/2806/2698 536/2805/2698 546/2804/2698
f 786/2807/936 537/2808/936 547/2809/936
f 547/2809/2699 537/2808/2699 786/2807/2699
f 538/2810/937 747/2811/937 551/2812/937
f 551/2812/2700 747/2811/2700 538/2810/2700
f 747/2813/938 552/2814/938 551/2815/938
f 551/2815/2701 552/2814/2701 747/2813/2701
f 815/2816/939 711/2817/939 814/2818/939
f 814/2818/2702 711/2817/2702 815/2816/2702
f 777/2819/940 593/2820/940 776/2821/940
f 776/2821/2703 593/2820/2703 777/2819/2703
f 707/2822/941 459/2823/941 460/2824/941
f 460/2824/2704 459/2823/2704 707/2822/2704
f 513/2825/942 726/2826/942 516/2827/942
f 516/2827/2705 726/2826/2705 513/2825/2705
f 510/2828/943 513/2829/943 509/2830/943
f 509/2830/2706 513/2829/2706 510/2828/2706
f 531/2831/944 769/2832/944 536/2833/944
f 536/2833/2707 769/2832/2707 531/2831/2707
f 531/2834/945 527/2835/945 537/2836/945
f 537/2836/2708 527/2835/2708 531/2834/2708
f 517/2837/946 527/2838/946 537/2839/946
f 537/2839/2709 527/2838/2709 517/2837/2709
f 722/2840/947 537/2841/947 548/2842/947
f 548/2842/2710 537/2841/2710 722/2840/2710
f 453/2843/948 723/2844/948 549/2845/948
f 549/2845/2711 723/2844/2711 453/2843/2711
f 725/2846/949 724/2847/949 726/2848/949
f 726/2848/2712 724/2847/2712 725/2846/2712
f 726/2849/950 513/2850/950 510/2851/950
f 510/2851/2713 513/2850/2713 726/2849/2713
f 520/2852/951 519/2853/951 732/2854/951
f 732/2854/2714 519/2853/2714 520/2852/2714
f 731/2855/952 732/2856/952 520/2857/952
f 520/2857/2715 732/2856/2715 731/2855/2715
f 731/2858/953 734/2859/953 732/2860/953
f 732/2860/2716 734/2859/2716 731/2858/2716
f 818/2861/954 532/2862/954 747/2863/954
f 747/2863/2717 532/2862/2717 818/2861/2717
f 747/2864/955 742/2865/955 741/2866/955
f 741/2866/2718 742/2865/2718 747/2864/2718
f 741/2867/956 743/2868/956 747/2869/956
f 747/2869/2719 743/2868/2719 741/2867/2719
f 744/2870/957 747/2871/957 743/2872/957
f 743/2872/2720 747/2871/2720 744/2870/2720
f 744/2873/958 745/2874/958 747/2875/958
f 747/2875/2721 745/2874/2721 744/2873/2721
f 808/2876/959 538/2877/959 550/2878/959
f 550/2878/2722 538/2877/2722 808/2876/2722
f 747/2879/960 745/2880/960 746/2881/960
f 746/2881/2723 745/2880/2723 747/2879/2723
f 537/2882/961 769/2883/961 531/2884/961
f 531/2884/2724 769/2883/2724 537/2882/2724
f 453/2885/962 724/2886/962 723/2887/962
f 723/2887/2725 724/2886/2725 453/2885/2725
f 786/2888/963 548/2889/963 537/2890/963
f 537/2890/2726 548/2889/2726 786/2888/2726
f 593/2891/964 777/2892/964 578/2893/964
f 578/2893/2727 777/2892/2727 593/2891/2727
f 782/2894/965 783/2895/965 753/2896/965
f 753/2896/2728 783/2895/2728 782/2894/2728
f 700/2897/966 479/2898/966 483/2899/966
f 483/2899/2729 479/2898/2729 700/2897/2729
f 808/2900/967 551/2901/967 538/2902/967
f 538/2902/2730 551/2901/2730 808/2900/2730
f 818/2903/968 539/2904/968 532/2905/968
f 532/2905/2731 539/2904/2731 818/2903/2731
f 711/2906/969 815/2907/969 582/2908/969
f 582/2908/2732 815/2907/2732 711/2906/2732
f 805/2909/970 806/2910/970 710/2911/970
f 710/2911/2733 806/2910/2733 805/2909/2733
f 841/2912/971 851/2913/971 843/2914/971
f 843/2914/2734 851/2913/2734 841/2912/2734
f 505/2915/972 507/2916/972 706/2917/972
f 706/2917/2735 507/2916/2735 505/2915/2735
f 647/2918/973 457/2919/973 458/2920/973
f 458/2920/2736 457/2919/2736 647/2918/2736
f 480/2921/974 700/2922/974 699/2923/974
f 699/2923/2737 700/2922/2737 480/2921/2737
f 483/2924/975 454/2925/975 462/2926/975
f 462/2926/2738 454/2925/2738 483/2924/2738
f 489/2927/976 701/2928/976 484/2929/976
f 484/2929/2739 701/2928/2739 489/2927/2739
f 490/2930/977 489/2931/977 485/2932/977
f 485/2932/2740 489/2931/2740 490/2930/2740
f 491/2933/978 490/2934/978 486/2935/978
f 486/2935/2741 490/2934/2741 491/2933/2741
f 486/2936/979 490/2937/979 485/2938/979
f 485/2938/2742 490/2937/2742 486/2936/2742
f 492/2939/980 491/2940/980 487/2941/980
f 487/2941/2743 491/2940/2743 492/2939/2743
f 487/2942/981 491/2943/981 486/2944/981
f 486/2944/2744 491/2943/2744 487/2942/2744
f 496/2945/982 495/2946/982 491/2947/982
f 491/2947/2745 495/2946/2745 496/2945/2745
f 503/2948/983 502/2949/983 500/2950/983
f 500/2950/2746 502/2949/2746 503/2948/2746
f 501/2951/984 457/2952/984 456/2953/984
f 456/2953/2747 457/2952/2747 501/2951/2747
f 505/2954/985 705/2955/985 502/2956/985
f 502/2956/2748 705/2955/2748 505/2954/2748
f 506/2957/986 505/2958/986 503/2959/986
f 503/2959/2749 505/2958/2749 506/2957/2749
f 503/2960/987 505/2961/987 502/2962/987
f 502/2962/2750 505/2961/2750 503/2960/2750
f 508/2963/988 507/2964/988 506/2965/988
f 506/2965/2751 507/2964/2751 508/2963/2751
f 506/2966/989 507/2967/989 505/2968/989
f 505/2968/2752 507/2967/2752 506/2966/2752
f 509/2969/990 508/2970/990 724/2971/990
f 724/2971/2753 508/2970/2753 509/2969/2753
f 724/2972/991 508/2973/991 506/2974/991
f 506/2974/2754 508/2973/2754 724/2972/2754
f 511/2975/992 707/2976/992 507/2977/992
f 507/2977/2755 707/2976/2755 511/2975/2755
f 508/2978/993 511/2979/993 507/2980/993
f 507/2980/2756 511/2979/2756 508/2978/2756
f 514/2981/994 708/2982/994 511/2983/994
f 511/2983/2757 708/2982/2757 514/2981/2757
f 516/2984/995 515/2985/995 513/2986/995
f 513/2986/2758 515/2985/2758 516/2984/2758
f 527/2987/996 526/2988/996 517/2989/996
f 517/2989/2759 526/2988/2759 527/2987/2759
f 517/2990/997 526/2991/997 523/2992/997
f 523/2992/2760 526/2991/2760 517/2990/2760
f 530/2993/998 529/2994/998 526/2995/998
f 526/2995/2761 529/2994/2761 530/2993/2761
f 526/2996/999 529/2997/999 525/2998/999
f 525/2998/2762 529/2997/2762 526/2996/2762
f 531/2999/1000 530/3000/1000 527/3001/1000
f 527/3001/2763 530/3000/2763 531/2999/2763
f 527/3002/1001 530/3003/1001 526/3004/1001
f 526/3004/2764 530/3003/2764 527/3002/2764
f 529/3005/1002 533/3006/1002 528/3007/1002
f 528/3007/2765 533/3006/2765 529/3005/2765
f 531/3008/1003 535/3009/1003 530/3010/1003
f 530/3010/2766 535/3009/2766 531/3008/2766
f 543/3011/1004 542/3012/1004 534/3013/1004
f 534/3013/2767 542/3012/2767 543/3011/2767
f 544/3014/1005 543/3015/1005 535/3016/1005
f 535/3016/2768 543/3015/2768 544/3014/2768
f 769/3017/1006 537/3018/1006 768/3019/1006
f 768/3019/2769 537/3018/2769 769/3017/2769
f 768/3020/1007 537/3021/1007 547/3022/1007
f 547/3022/2770 537/3021/2770 768/3020/2770
f 538/3023/1008 496/3024/1008 497/3025/1008
f 497/3025/2771 496/3024/2771 538/3023/2771
f 552/3026/1009 747/3027/1009 817/3028/1009
f 817/3028/2772 747/3027/2772 552/3026/2772
f 817/3029/1010 747/3030/1010 818/3031/1010
f 818/3031/2773 747/3030/2773 817/3029/2773
f 554/3032/1011 553/3033/1011 540/3034/1011
f 540/3034/2774 553/3033/2774 554/3032/2774
f 540/3035/1012 553/3036/1012 539/3037/1012
f 539/3037/2775 553/3036/2775 540/3035/2775
f 541/3038/1013 554/3039/1013 540/3040/1013
f 540/3040/2776 554/3039/2776 541/3038/2776
f 767/3041/1014 547/3042/1014 561/3043/1014
f 561/3043/2777 547/3042/2777 767/3041/2777
f 563/3044/1015 562/3045/1015 549/3046/1015
f 549/3046/2778 562/3045/2778 563/3044/2778
f 549/3047/1016 562/3048/1016 548/3049/1016
f 548/3049/2779 562/3048/2779 549/3047/2779
f 552/3050/1017 566/3051/1017 551/3052/1017
f 551/3052/2780 566/3051/2780 552/3050/2780
f 554/3053/1018 568/3054/1018 553/3055/1018
f 553/3055/2781 568/3054/2781 554/3053/2781
f 766/3056/1019 561/3057/1019 576/3058/1019
f 576/3058/2782 561/3057/2782 766/3056/2782
f 563/3059/1020 577/3060/1020 562/3061/1020
f 562/3061/2783 577/3060/2783 563/3059/2783
f 778/3062/1021 563/3063/1021 779/3064/1021
f 779/3064/2784 563/3063/2784 778/3062/2784
f 500/3065/1022 579/3066/1022 724/3067/1022
f 724/3067/2785 579/3066/2785 500/3065/2785
f 724/3068/1023 579/3069/1023 564/3070/1023
f 564/3070/2786 579/3069/2786 724/3068/2786
f 582/3071/1024 581/3072/1024 567/3073/1024
f 567/3073/2787 581/3072/2787 582/3071/2787
f 567/3074/1025 581/3075/1025 566/3076/1025
f 566/3076/2788 581/3075/2788 567/3074/2788
f 569/3077/1026 583/3078/1026 568/3079/1026
f 568/3079/2789 583/3078/2789 569/3077/2789
f 783/3080/1027 576/3081/1027 784/3082/1027
f 784/3082/2790 576/3081/2790 783/3080/2790
f 578/3083/1028 592/3084/1028 748/3085/1028
f 748/3085/2791 592/3084/2791 578/3083/2791
f 748/3086/1029 592/3087/1029 577/3088/1029
f 577/3088/2792 592/3087/2792 748/3086/2792
f 499/3089/1030 594/3090/1030 500/3091/1030
f 500/3091/2793 594/3090/2793 499/3089/2793
f 500/3092/1031 594/3093/1031 579/3094/1031
f 579/3094/2794 594/3093/2794 500/3092/2794
f 584/3095/1032 712/3096/1032 583/3097/1032
f 583/3097/2795 712/3096/2795 584/3095/2795
f 605/3098/1033 454/3099/1033 595/3100/1033
f 595/3100/2796 454/3099/2796 605/3098/2796
f 595/3101/1034 454/3102/1034 493/3103/1034
f 493/3103/2797 454/3102/2797 595/3101/2797
f 605/3104/1035 595/3105/1035 801/3106/1035
f 801/3106/2798 595/3105/2798 605/3104/2798
f 819/3107/1036 826/3108/1036 822/3109/1036
f 822/3109/2799 826/3108/2799 819/3107/2799
f 822/3110/1037 826/3111/1037 823/3112/1037
f 823/3112/2800 826/3111/2800 822/3110/2800
f 757/3113/1038 752/3114/1038 749/3115/1038
f 749/3115/2801 752/3114/2801 757/3113/2801
f 789/3116/1039 791/3117/1039 790/3118/1039
f 790/3118/2802 791/3117/2802 789/3116/2802
f 772/3119/1040 789/3120/1040 788/3121/1040
f 788/3121/2803 789/3120/2803 772/3119/2803
f 617/3122/1041 627/3123/1041 616/3124/1041
f 616/3124/2804 627/3123/2804 617/3122/2804
f 625/3125/1042 635/3126/1042 624/3127/1042
f 624/3127/2805 635/3126/2805 625/3125/2805
f 628/3128/1043 638/3129/1043 627/3130/1043
f 627/3130/2806 638/3129/2806 628/3128/2806
f 680/3131/1044 466/3132/1044 664/3133/1044
f 664/3133/2807 466/3132/2807 680/3131/2807
f 680/3134/1045 664/3135/1045 804/3136/1045
f 804/3136/2808 664/3135/2808 680/3134/2808
f 682/3137/1046 681/3138/1046 666/3139/1046
f 666/3139/2809 681/3138/2809 682/3137/2809
f 682/3140/1047 666/3141/1047 813/3142/1047
f 813/3142/2810 666/3141/2810 682/3140/2810
f 692/3143/1048 691/3144/1048 676/3145/1048
f 676/3145/2811 691/3144/2811 692/3143/2811
f 693/3146/1049 692/3147/1049 677/3148/1049
f 677/3148/2812 692/3147/2812 693/3146/2812
f 693/3149/1050 677/3150/1050 775/3151/1050
f 775/3151/2813 677/3150/2813 693/3149/2813
f 698/3152/1051 479/3153/1051 475/3154/1051
f 475/3154/2814 479/3153/2814 698/3152/2814
f 701/3155/1052 493/3156/1052 488/3157/1052
f 488/3157/2815 493/3156/2815 701/3155/2815
f 706/3158/1053 459/3159/1053 458/3160/1053
f 458/3160/2816 459/3159/2816 706/3158/2816
f 707/3161/1054 461/3162/1054 460/3163/1054
f 460/3163/2817 461/3162/2817 707/3161/2817
f 595/3164/1055 493/3165/1055 709/3166/1055
f 709/3166/2818 493/3165/2818 595/3164/2818
f 822/3167/1056 823/3168/1056 831/3169/1056
f 831/3169/2819 823/3168/2819 822/3167/2819
f 756/3170/1057 720/3171/1057 752/3172/1057
f 752/3172/2820 720/3171/2820 756/3170/2820
f 752/3173/1058 720/3174/1058 780/3175/1058
f 780/3175/2821 720/3174/2821 752/3173/2821
f 742/3176/1059 539/3177/1059 532/3178/1059
f 532/3178/2822 539/3177/2822 742/3176/2822
f 548/3179/1060 549/3180/1060 722/3181/1060
f 722/3181/2823 549/3180/2823 548/3179/2823
f 722/3182/1061 549/3183/1061 723/3184/1061
f 723/3184/2824 549/3183/2824 722/3182/2824
f 723/3185/1062 724/3186/1062 727/3187/1062
f 727/3187/2825 724/3186/2825 723/3185/2825
f 727/3188/1063 724/3189/1063 725/3190/1063
f 725/3190/2826 724/3189/2826 727/3188/2826
f 728/3191/1064 723/3192/1064 727/3193/1064
f 727/3193/2827 723/3192/2827 728/3191/2827
f 517/3194/1065 537/3195/1065 730/3196/1065
f 730/3196/2828 537/3195/2828 517/3194/2828
f 520/3197/1066 517/3198/1066 731/3199/1066
f 731/3199/2829 517/3198/2829 520/3197/2829
f 731/3200/1067 517/3201/1067 730/3202/1067
f 730/3202/2830 517/3201/2830 731/3200/2830
f 510/3203/1068 509/3204/1068 726/3205/1068
f 726/3205/2831 509/3204/2831 510/3203/2831
f 726/3206/1069 509/3207/1069 724/3208/1069
f 724/3208/2832 509/3207/2832 726/3206/2832
f 528/3209/1070 524/3210/1070 736/3211/1070
f 736/3211/2833 524/3210/2833 528/3209/2833
f 736/3212/1071 524/3213/1071 737/3214/1071
f 737/3214/2834 524/3213/2834 736/3212/2834
f 741/3215/1072 736/3216/1072 743/3217/1072
f 743/3217/2835 736/3216/2835 741/3215/2835
f 743/3218/1073 736/3219/1073 737/3220/1073
f 737/3220/2836 736/3219/2836 743/3218/2836
f 743/3221/1074 737/3222/1074 744/3223/1074
f 744/3223/2837 737/3222/2837 743/3221/2837
f 744/3224/1075 737/3225/1075 738/3226/1075
f 738/3226/2838 737/3225/2838 744/3224/2838
f 760/3227/1076 755/3228/1076 750/3229/1076
f 750/3229/2839 755/3228/2839 760/3227/2839
f 759/3230/1077 634/3231/1077 758/3232/1077
f 758/3232/2840 634/3231/2840 759/3230/2840
f 760/3233/1078 645/3234/1078 759/3235/1078
f 759/3235/2841 645/3234/2841 760/3233/2841
f 762/3236/1079 674/3237/1079 761/3238/1079
f 761/3238/2842 674/3237/2842 762/3236/2842
f 763/3239/1080 690/3240/1080 762/3241/1080
f 762/3241/2843 690/3240/2843 763/3239/2843
f 756/3242/1081 603/3243/1081 764/3244/1081
f 764/3244/2844 603/3243/2844 756/3242/2844
f 764/3245/1082 719/3246/1082 765/3247/1082
f 765/3247/2845 719/3246/2845 764/3245/2845
f 768/3248/1083 546/3249/1083 769/3250/1083
f 769/3250/2846 546/3249/2846 768/3248/2846
f 769/3251/1084 546/3252/1084 536/3253/1084
f 536/3253/2847 546/3252/2847 769/3251/2847
f 770/3254/1085 614/3255/1085 771/3256/1085
f 771/3256/2848 614/3255/2848 770/3254/2848
f 646/3257/1086 662/3258/1086 772/3259/1086
f 772/3259/2849 662/3258/2849 646/3257/2849
f 777/3260/1087 721/3261/1087 776/3262/1087
f 776/3262/2850 721/3261/2850 777/3260/2850
f 579/3263/1088 594/3264/1088 778/3265/1088
f 778/3265/2851 594/3264/2851 579/3263/2851
f 564/3266/1089 579/3267/1089 779/3268/1089
f 779/3268/2852 579/3267/2852 564/3266/2852
f 779/3269/1090 579/3270/1090 778/3271/1090
f 778/3271/2853 579/3270/2853 779/3269/2853
f 577/3272/1091 592/3273/1091 784/3274/1091
f 784/3274/2854 592/3273/2854 577/3272/2854
f 781/3275/1092 750/3276/1092 749/3277/1092
f 749/3277/2855 750/3276/2855 781/3275/2855
f 772/3278/1093 770/3279/1093 771/3280/1093
f 771/3280/2856 770/3279/2856 772/3278/2856
f 793/3281/1094 781/3282/1094 792/3283/1094
f 792/3283/2857 781/3282/2857 793/3281/2857
f 794/3284/1095 593/3285/1095 796/3286/1095
f 796/3286/2858 593/3285/2858 794/3284/2858
f 799/3287/1096 780/3288/1096 782/3289/1096
f 782/3289/2859 780/3288/2859 799/3287/2859
f 823/3290/1097 826/3291/1097 824/3292/1097
f 824/3292/2860 826/3291/2860 823/3290/2860
f 824/3293/1098 826/3294/1098 825/3295/1098
f 825/3295/2861 826/3294/2861 824/3293/2861
f 828/3296/1099 823/3297/1099 824/3298/1099
f 824/3298/2862 823/3297/2862 828/3296/2862
f 566/3299/1100 581/3300/1100 807/3301/1100
f 807/3301/2863 581/3300/2863 566/3299/2863
f 551/3302/1101 566/3303/1101 808/3304/1101
f 808/3304/2864 566/3303/2864 551/3302/2864
f 809/3305/1102 606/3306/1102 810/3307/1102
f 810/3307/2865 606/3306/2865 809/3305/2865
f 811/3308/1103 667/3309/1103 812/3310/1103
f 812/3310/2866 667/3309/2866 811/3308/2866
f 812/3311/1104 683/3312/1104 813/3313/1104
f 813/3313/2867 683/3312/2867 812/3311/2867
f 815/3314/1105 712/3315/1105 814/3316/1105
f 814/3316/2868 712/3315/2868 815/3314/2868
f 568/3317/1106 583/3318/1106 816/3319/1106
f 816/3319/2869 583/3318/2869 568/3317/2869
f 553/3320/1107 568/3321/1107 817/3322/1107
f 817/3322/2870 568/3321/2870 553/3320/2870
f 539/3323/1108 553/3324/1108 818/3325/1108
f 818/3325/2871 553/3324/2871 539/3323/2871
f 818/3326/1109 553/3327/1109 817/3328/1109
f 817/3328/2872 553/3327/2872 818/3326/2872
f 825/3329/1110 801/3330/1110 824/3331/1110
f 824/3331/2873 801/3330/2873 825/3329/2873
f 824/3332/1111 801/3333/1111 800/3334/1111
f 800/3334/2874 801/3333/2874 824/3332/2874
f 824/3335/1112 800/3336/1112 828/3337/1112
f 828/3337/2875 800/3336/2875 824/3335/2875
f 828/3338/1113 800/3339/1113 805/3340/1113
f 805/3340/2876 800/3339/2876 828/3338/2876
f 835/3341/1114 840/3342/1114 839/3343/1114
f 839/3343/2877 840/3342/2877 835/3341/2877
f 844/3344/1115 836/3345/1115 842/3346/1115
f 842/3346/2878 836/3345/2878 844/3344/2878
f 843/3347/1116 834/3348/1116 844/3349/1116
f 844/3349/2879 834/3348/2879 843/3347/2879
f 844/3350/1117 834/3351/1117 836/3352/1117
f 836/3352/2880 834/3351/2880 844/3350/2880
f 846/3353/1118 841/3354/1118 845/3355/1118
f 845/3355/2881 841/3354/2881 846/3353/2881
f 845/3356/1119 841/3357/1119 842/3358/1119
f 842/3358/2882 841/3357/2882 845/3356/2882
f 849/3359/1120 852/3360/1120 850/3361/1120
f 850/3361/2883 852/3360/2883 849/3359/2883
f 850/3362/1121 852/3363/1121 851/3364/1121
f 851/3364/2884 852/3363/2884 850/3362/2884
f 848/3365/1122 835/3366/1122 847/3367/1122
f 847/3367/2885 835/3366/2885 848/3365/2885
f 847/3368/1123 835/3369/1123 833/3370/1123
f 833/3370/2886 835/3369/2886 847/3368/2886
f 852/3371/1124 834/3372/1124 851/3373/1124
f 851/3373/2887 834/3372/2887 852/3371/2887
f 851/3374/1125 834/3375/1125 843/3376/1125
f 843/3376/2888 834/3375/2888 851/3374/2888
f 851/3377/1126 841/3378/1126 850/3379/1126
f 850/3379/2889 841/3378/2889 851/3377/2889
f 850/3380/1127 841/3381/1127 846/3382/1127
f 846/3382/2890 841/3381/2890 850/3380/2890
f 849/3383/1128 847/3384/1128 852/3385/1128
f 852/3385/2891 847/3384/2891 849/3383/2891
f 615/3386/1129 605/3387/1129 637/3388/1129
f 637/3388/2892 605/3387/2892 615/3386/2892
f 867/3389/1130 855/3390/1130 853/3391/1130
f 853/3391/2893 855/3390/2893 867/3389/2893
f 856/3392/1131 868/3393/1131 854/3394/1131
f 854/3394/2894 868/3393/2894 856/3392/2894
f 855/3395/1132 857/3396/1132 853/3397/1132
f 853/3397/2895 857/3396/2895 855/3395/2895
f 858/3398/1133 856/3399/1133 854/3400/1133
f 854/3400/2896 856/3399/2896 858/3398/2896
f 857/3401/1134 859/3402/1134 853/3403/1134
f 853/3403/2897 859/3402/2897 857/3401/2897
f 860/3404/1135 858/3405/1135 854/3406/1135
f 854/3406/2898 858/3405/2898 860/3404/2898
f 859/3407/1136 861/3408/1136 853/3409/1136
f 853/3409/2899 861/3408/2899 859/3407/2899
f 862/3410/1137 860/3411/1137 854/3412/1137
f 854/3412/2900 860/3411/2900 862/3410/2900
f 861/3413/1138 863/3414/1138 853/3415/1138
f 853/3415/2901 863/3414/2901 861/3413/2901
f 864/3416/1139 862/3417/1139 854/3418/1139
f 854/3418/2902 862/3417/2902 864/3416/2902
f 863/3419/1140 865/3420/1140 853/3421/1140
f 853/3421/2903 865/3420/2903 863/3419/2903
f 866/3422/1141 864/3423/1141 854/3424/1141
f 854/3424/2904 864/3423/2904 866/3422/2904
f 865/3425/1142 877/3426/1142 853/3427/1142
f 853/3427/2905 877/3426/2905 865/3425/2905
f 878/3428/1143 866/3429/1143 854/3430/1143
f 854/3430/2906 866/3429/2906 878/3428/2906
f 869/3431/1144 867/3432/1144 853/3433/1144
f 853/3433/2907 867/3432/2907 869/3431/2907
f 868/3434/1145 870/3435/1145 854/3436/1145
f 854/3436/2908 870/3435/2908 868/3434/2908
f 871/3437/1146 869/3438/1146 853/3439/1146
f 853/3439/2909 869/3438/2909 871/3437/2909
f 870/3440/1147 872/3441/1147 854/3442/1147
f 854/3442/2910 872/3441/2910 870/3440/2910
f 873/3443/1148 871/3444/1148 853/3445/1148
f 853/3445/2911 871/3444/2911 873/3443/2911
f 872/3446/1149 874/3447/1149 854/3448/1149
f 854/3448/2912 874/3447/2912 872/3446/2912
f 875/3449/1150 873/3450/1150 853/3451/1150
f 853/3451/2913 873/3450/2913 875/3449/2913
f 874/3452/1151 876/3453/1151 854/3454/1151
f 854/3454/2914 876/3453/2914 874/3452/2914
f 877/3455/1152 875/3456/1152 853/3457/1152
f 853/3457/2915 875/3456/2915 877/3455/2915
f 876/3458/1153 878/3459/1153 854/3460/1153
f 854/3460/2916 878/3459/2916 876/3458/2916
f 893/3461/1154 881/3462/1154 879/3463/1154
f 879/3463/2917 881/3462/2917 893/3461/2917
f 882/3464/1155 894/3465/1155 880/3466/1155
f 880/3466/2918 894/3465/2918 882/3464/2918
f 881/3467/1156 883/3468/1156 879/3469/1156
f 879/3469/2919 883/3468/2919 881/3467/2919
f 884/3470/1157 882/3471/1157 880/3472/1157
f 880/3472/2920 882/3471/2920 884/3470/2920
f 883/3473/1158 885/3474/1158 879/3475/1158
f 879/3475/2921 885/3474/2921 883/3473/2921
f 886/3476/1159 884/3477/1159 880/3478/1159
f 880/3478/2922 884/3477/2922 886/3476/2922
f 885/3479/1160 887/3480/1160 879/3481/1160
f 879/3481/2923 887/3480/2923 885/3479/2923
f 888/3482/1161 886/3483/1161 880/3484/1161
f 880/3484/2924 886/3483/2924 888/3482/2924
f 887/3485/1162 889/3486/1162 879/3487/1162
f 879/3487/2925 889/3486/2925 887/3485/2925
f 890/3488/1163 888/3489/1163 880/3490/1163
f 880/3490/2926 888/3489/2926 890/3488/2926
f 889/3491/1164 891/3492/1164 879/3493/1164
f 879/3493/2927 891/3492/2927 889/3491/2927
f 892/3494/1165 890/3495/1165 880/3496/1165
f 880/3496/2928 890/3495/2928 892/3494/2928
f 891/3497/1166 903/3498/1166 879/3499/1166
f 879/3499/2929 903/3498/2929 891/3497/2929
f 904/3500/1167 892/3501/1167 880/3502/1167
f 880/3502/2930 892/3501/2930 904/3500/2930
f 895/3503/1168 893/3504/1168 879/3505/1168
f 879/3505/2931 893/3504/2931 895/3503/2931
f 894/3506/1169 896/3507/1169 880/3508/1169
f 880/3508/2932 896/3507/2932 894/3506/2932
f 897/3509/1170 895/3510/1170 879/3511/1170
f 879/3511/2933 895/3510/2933 897/3509/2933
f 896/3512/1171 898/3513/1171 880/3514/1171
f 880/3514/2934 898/3513/2934 896/3512/2934
f 899/3515/1172 897/3516/1172 879/3517/1172
f 879/3517/2935 897/3516/2935 899/3515/2935
f 898/3518/1173 900/3519/1173 880/3520/1173
f 880/3520/2936 900/3519/2936 898/3518/2936
f 901/3521/1174 899/3522/1174 879/3523/1174
f 879/3523/2937 899/3522/2937 901/3521/2937
f 900/3524/1175 902/3525/1175 880/3526/1175
f 880/3526/2938 902/3525/2938 900/3524/2938
f 903/3527/1176 901/3528/1176 879/3529/1176
f 879/3529/2939 901/3528/2939 903/3527/2939
f 902/3530/1177 904/3531/1177 880/3532/1177
f 880/3532/2940 904/3531/2940 902/3530/2940
f 638/3533/1178 821/3534/1178 616/3535/1178
f 616/3535/2941 821/3534/2941 638/3533/2941
f 616/3536/1179 821/3537/1179 810/3538/1179
f 810/3538/2942 821/3537/2942 616/3536/2942
f 637/3539/1180 605/3540/1180 825/3541/1180
f 825/3541/2943 605/3540/2943 637/3539/2943
f 825/3542/1181 605/3543/1181 801/3544/1181
f 801/3544/2944 605/3543/2944 825/3542/2944
f 867/3545/1182 868/3546/1182 855/3547/1182
f 855/3547/2945 868/3546/2945 867/3545/2945
f 855/3548/1183 868/3549/1183 856/3550/1183
f 856/3550/2946 868/3549/2946 855/3548/2946
f 855/3551/1184 856/3552/1184 857/3553/1184
f 857/3553/2947 856/3552/2947 855/3551/2947
f 857/3554/1185 856/3555/1185 858/3556/1185
f 858/3556/2948 856/3555/2948 857/3554/2948
f 857/3557/1186 858/3558/1186 859/3559/1186
f 859/3559/2949 858/3558/2949 857/3557/2949
f 859/3560/1187 858/3561/1187 860/3562/1187
f 860/3562/2950 858/3561/2950 859/3560/2950
f 859/3563/1188 860/3564/1188 861/3565/1188
f 861/3565/2951 860/3564/2951 859/3563/2951
f 861/3566/1189 860/3567/1189 862/3568/1189
f 862/3568/2952 860/3567/2952 861/3566/2952
f 861/3569/1190 862/3570/1190 863/3571/1190
f 863/3571/2953 862/3570/2953 861/3569/2953
f 863/3572/1191 862/3573/1191 864/3574/1191
f 864/3574/2954 862/3573/2954 863/3572/2954
f 863/3575/1192 864/3576/1192 865/3577/1192
f 865/3577/2955 864/3576/2955 863/3575/2955
f 865/3578/1193 864/3579/1193 866/3580/1193
f 866/3580/2956 864/3579/2956 865/3578/2956
f 865/3581/1194 866/3582/1194 877/3583/1194
f 877/3583/2957 866/3582/2957 865/3581/2957
f 877/3584/1195 866/3585/1195 878/3586/1195
f 878/3586/2958 866/3585/2958 877/3584/2958
f 870/3587/1196 868/3588/1196 869/3589/1196
f 869/3589/2959 868/3588/2959 870/3587/2959
f 869/3590/1197 868/3591/1197 867/3592/1197
f 867/3592/2960 868/3591/2960 869/3590/2960
f 872/3593/1198 870/3594/1198 871/3595/1198
f 871/3595/2961 870/3594/2961 872/3593/2961
f 871/3596/1199 870/3597/1199 869/3598/1199
f 869/3598/2962 870/3597/2962 871/3596/2962
f 874/3599/1200 872/3600/1200 873/3601/1200
f 873/3601/2963 872/3600/2963 874/3599/2963
f 873/3602/1201 872/3603/1201 871/3604/1201
f 871/3604/2964 872/3603/2964 873/3602/2964
f 876/3605/1202 874/3606/1202 875/3607/1202
f 875/3607/2965 874/3606/2965 876/3605/2965
f 875/3608/1203 874/3609/1203 873/3610/1203
f 873/3610/2966 874/3609/2966 875/3608/2966
f 878/3611/1204 876/3612/1204 877/3613/1204
f 877/3613/2967 876/3612/2967 878/3611/2967
f 877/3614/1205 876/3615/1205 875/3616/1205
f 875/3616/2968 876/3615/2968 877/3614/2968
f 893/3617/1206 894/3618/1206 881/3619/1206
f 881/3619/2969 894/3618/2969 893/3617/2969
f 881/3620/1207 894/3621/1207 882/3622/1207
f 882/3622/2970 894/3621/2970 881/3620/2970
f 881/3623/1208 882/3624/1208 883/3625/1208
f 883/3625/2971 882/3624/2971 881/3623/2971
f 883/3626/1209 882/3627/1209 884/3628/1209
f 884/3628/2972 882/3627/2972 883/3626/2972
f 883/3629/1210 884/3630/1210 885/3631/1210
f 885/3631/2973 884/3630/2973 883/3629/2973
f 885/3632/1211 884/3633/1211 886/3634/1211
f 886/3634/2974 884/3633/2974 885/3632/2974
f 885/3635/1212 886/3636/1212 887/3637/1212
f 887/3637/2975 886/3636/2975 885/3635/2975
f 887/3638/1213 886/3639/1213 888/3640/1213
f 888/3640/2976 886/3639/2976 887/3638/2976
f 887/3641/1214 888/3642/1214 889/3643/1214
f 889/3643/2977 888/3642/2977 887/3641/2977
f 889/3644/1215 888/3645/1215 890/3646/1215
f 890/3646/2978 888/3645/2978 889/3644/2978
f 889/3647/1216 890/3648/1216 891/3649/1216
f 891/3649/2979 890/3648/2979 889/3647/2979
f 891/3650/1217 890/3651/1217 892/3652/1217
f 892/3652/2980 890/3651/2980 891/3650/2980
f 891/3653/1218 892/3654/1218 903/3655/1218
f 903/3655/2981 892/3654/2981 891/3653/2981
f 903/3656/1219 892/3657/1219 904/3658/1219
f 904/3658/2982 892/3657/2982 903/3656/2982
f 896/3659/1220 894/3660/1220 895/3661/1220
f 895/3661/2983 894/3660/2983 896/3659/2983
f 895/3662/1221 894/3663/1221 893/3664/1221
f 893/3664/2984 894/3663/2984 895/3662/2984
f 898/3665/1222 896/3666/1222 897/3667/1222
f 897/3667/2985 896/3666/2985 898/3665/2985
f 897/3668/1223 896/3669/1223 895/3670/1223
f 895/3670/2986 896/3669/2986 897/3668/2986
f 900/3671/1224 898/3672/1224 899/3673/1224
f 899/3673/2987 898/3672/2987 900/3671/2987
f 899/3674/1225 898/3675/1225 897/3676/1225
f 897/3676/2988 898/3675/2988 899/3674/2988
f 902/3677/1226 900/3678/1226 901/3679/1226
f 901/3679/2989 900/3678/2989 902/3677/2989
f 901/3680/1227 900/3681/1227 899/3682/1227
f 899/3682/2990 900/3681/2990 901/3680/2990
f 904/3683/1228 902/3684/1228 903/3685/1228
f 903/3685/2991 902/3684/2991 904/3683/2991
f 903/3686/1229 902/3687/1229 901/3688/1229
f 901/3688/2992 902/3687/2992 903/3686/2992
f 456/3689/1230 625/3690/1230 455/3691/1230
f 455/3691/2993 625/3690/2993 456/3689/2993
f 457/3692/1231 504/3693/1231 458/3694/1231
f 458/3694/2994 504/3693/2994 457/3692/2994
f 705/3695/1232 505/3696/1232 706/3697/1232
f 706/3697/2995 505/3696/2995 705/3695/2995
f 454/3698/1233 605/3699/1233 615/3700/1233
f 615/3700/2996 605/3699/2996 454/3698/2996
f 479/3701/1234 699/3702/1234 700/3703/1234
f 700/3703/2997 699/3702/2997 479/3701/2997
f 796/3704/1235 789/3705/1235 788/3706/1235
f 788/3706/2998 789/3705/2998 796/3704/2998
f 783/3707/1236 592/3708/1236 753/3709/1236
f 753/3709/2999 592/3708/2999 783/3707/2999
f 806/3710/1237 581/3711/1237 710/3712/1237
f 710/3712/3000 581/3711/3000 806/3710/3000
f 789/3713/1238 796/3714/1238 794/3715/1238
f 794/3715/3001 796/3714/3001 789/3713/3001
f 834/3716/1239 852/3717/1239 833/3718/1239
f 833/3718/3002 852/3717/3002 834/3716/3002
f 519/3719/1240 518/3720/1240 732/3721/1240
f 732/3721/3003 518/3720/3003 519/3719/3003
f 732/3722/1241 518/3723/1241 733/3724/1241
f 733/3724/3004 518/3723/3004 732/3722/3004
f 625/3725/1242 456/3726/1242 636/3727/1242
f 636/3727/3005 456/3726/3005 625/3725/3005
f 636/3728/1243 456/3729/1243 457/3730/1243
f 457/3730/3006 456/3729/3006 636/3728/3006
f 636/3731/1244 457/3732/1244 647/3733/1244
f 647/3733/3007 457/3732/3007 636/3731/3007
f 647/3734/1245 458/3735/1245 663/3736/1245
f 663/3736/3008 458/3735/3008 647/3734/3008
f 663/3737/1246 458/3738/1246 459/3739/1246
f 459/3739/3009 458/3738/3009 663/3737/3009
f 663/3740/1247 459/3741/1247 679/3742/1247
f 679/3742/3010 459/3741/3010 663/3740/3010
f 679/3743/1248 459/3744/1248 460/3745/1248
f 460/3745/3011 459/3744/3011 679/3743/3011
f 679/3746/1249 460/3747/1249 695/3748/1249
f 695/3748/3012 460/3747/3012 679/3746/3012
f 695/3749/1250 460/3750/1250 461/3751/1250
f 461/3751/3013 460/3750/3013 695/3749/3013
f 471/3752/1251 465/3753/1251 467/3754/1251
f 467/3754/3014 465/3753/3014 471/3752/3014
f 467/3755/1252 465/3756/1252 466/3757/1252
f 466/3757/3015 465/3756/3015 467/3755/3015
f 472/3758/1253 697/3759/1253 468/3760/1253
f 468/3760/3016 697/3759/3016 472/3758/3016
f 468/3761/1254 697/3762/1254 696/3763/1254
f 696/3763/3017 697/3762/3017 468/3761/3017
f 473/3764/1255 472/3765/1255 469/3766/1255
f 469/3766/3018 472/3765/3018 473/3764/3018
f 469/3767/1256 472/3768/1256 468/3769/1256
f 468/3769/3019 472/3768/3019 469/3767/3019
f 474/3770/1257 473/3771/1257 470/3772/1257
f 470/3772/3020 473/3771/3020 474/3770/3020
f 470/3773/1258 473/3774/1258 469/3775/1258
f 469/3775/3021 473/3774/3021 470/3773/3021
f 475/3776/1259 464/3777/1259 471/3778/1259
f 471/3778/3022 464/3777/3022 475/3776/3022
f 471/3779/1260 464/3780/1260 465/3781/1260
f 465/3781/3023 464/3780/3023 471/3779/3023
f 476/3782/1261 698/3783/1261 472/3784/1261
f 472/3784/3024 698/3783/3024 476/3782/3024
f 472/3785/1262 698/3786/1262 697/3787/1262
f 697/3787/3025 698/3786/3025 472/3785/3025
f 477/3788/1263 476/3789/1263 473/3790/1263
f 473/3790/3026 476/3789/3026 477/3788/3026
f 473/3791/1264 476/3792/1264 472/3793/1264
f 472/3793/3027 476/3792/3027 473/3791/3027
f 478/3794/1265 477/3795/1265 474/3796/1265
f 474/3796/3028 477/3795/3028 478/3794/3028
f 474/3797/1266 477/3798/1266 473/3799/1266
f 473/3799/3029 477/3798/3029 474/3797/3029
f 479/3800/1267 463/3801/1267 475/3802/1267
f 475/3802/3030 463/3801/3030 479/3800/3030
f 475/3803/1268 463/3804/1268 464/3805/1268
f 464/3805/3031 463/3804/3031 475/3803/3031
f 480/3806/1269 699/3807/1269 476/3808/1269
f 476/3808/3032 699/3807/3032 480/3806/3032
f 476/3809/1270 699/3810/1270 698/3811/1270
f 698/3811/3033 699/3810/3033 476/3809/3033
f 481/3812/1271 480/3813/1271 477/3814/1271
f 477/3814/3034 480/3813/3034 481/3812/3034
f 477/3815/1272 480/3816/1272 476/3817/1272
f 476/3817/3035 480/3816/3035 477/3815/3035
f 482/3818/1273 481/3819/1273 478/3820/1273
f 478/3820/3036 481/3819/3036 482/3818/3036
f 478/3821/1274 481/3822/1274 477/3823/1274
f 477/3823/3037 481/3822/3037 478/3821/3037
f 483/3824/1275 462/3825/1275 479/3826/1275
f 479/3826/3038 462/3825/3038 483/3824/3038
f 479/3827/1276 462/3828/1276 463/3829/1276
f 463/3829/3039 462/3828/3039 479/3827/3039
f 484/3830/1277 700/3831/1277 480/3832/1277
f 480/3832/3040 700/3831/3040 484/3830/3040
f 485/3833/1278 484/3834/1278 481/3835/1278
f 481/3835/3041 484/3834/3041 485/3833/3041
f 481/3836/1279 484/3837/1279 480/3838/1279
f 480/3838/3042 484/3837/3042 481/3836/3042
f 486/3839/1280 485/3840/1280 482/3841/1280
f 482/3841/3043 485/3840/3043 486/3839/3043
f 482/3842/1281 485/3843/1281 481/3844/1281
f 481/3844/3044 485/3843/3044 482/3842/3044
f 488/3845/1282 454/3846/1282 483/3847/1282
f 483/3847/3045 454/3846/3045 488/3845/3045
f 484/3848/1283 701/3849/1283 700/3850/1283
f 700/3850/3046 701/3849/3046 484/3848/3046
f 485/3851/1284 489/3852/1284 484/3853/1284
f 484/3853/3047 489/3852/3047 485/3851/3047
f 494/3854/1285 702/3855/1285 489/3856/1285
f 489/3856/3048 702/3855/3048 494/3854/3048
f 489/3857/1286 702/3858/1286 701/3859/1286
f 701/3859/3049 702/3858/3049 489/3857/3049
f 495/3860/1287 494/3861/1287 490/3862/1287
f 490/3862/3050 494/3861/3050 495/3860/3050
f 490/3863/1288 494/3864/1288 489/3865/1288
f 489/3865/3051 494/3864/3051 490/3863/3051
f 491/3866/1289 495/3867/1289 490/3868/1289
f 490/3868/3052 495/3867/3052 491/3866/3052
f 497/3869/1290 496/3870/1290 492/3871/1290
f 492/3871/3053 496/3870/3053 497/3869/3053
f 492/3872/1291 496/3873/1291 491/3874/1291
f 491/3874/3054 496/3873/3054 492/3872/3054
f 501/3875/1292 456/3876/1292 498/3877/1292
f 498/3877/3055 456/3876/3055 501/3875/3055
f 498/3878/1293 456/3879/1293 455/3880/1293
f 455/3880/3056 456/3879/3056 498/3878/3056
f 502/3881/1294 704/3882/1294 499/3883/1294
f 499/3883/3057 704/3882/3057 502/3881/3057
f 499/3884/1295 704/3885/1295 703/3886/1295
f 703/3886/3058 704/3885/3058 499/3884/3058
f 500/3887/1296 502/3888/1296 499/3889/1296
f 499/3889/3059 502/3888/3059 500/3887/3059
f 504/3890/1297 457/3891/1297 501/3892/1297
f 501/3892/3060 457/3891/3060 504/3890/3060
f 502/3893/1298 705/3894/1298 704/3895/1298
f 704/3895/3061 705/3894/3061 502/3893/3061
f 507/3896/1299 707/3897/1299 706/3898/1299
f 706/3898/3062 707/3897/3062 507/3896/3062
f 512/3899/1300 511/3900/1300 508/3901/1300
f 508/3901/3063 511/3900/3063 512/3899/3063
f 510/3902/1301 512/3903/1301 509/3904/1301
f 509/3904/3064 512/3903/3064 510/3902/3064
f 509/3905/1302 512/3906/1302 508/3907/1302
f 508/3907/3065 512/3906/3065 509/3905/3065
f 511/3908/1303 708/3909/1303 707/3910/1303
f 707/3910/3066 708/3909/3066 511/3908/3066
f 515/3911/1304 514/3912/1304 512/3913/1304
f 512/3913/3067 514/3912/3067 515/3911/3067
f 512/3914/1305 514/3915/1305 511/3916/1305
f 511/3916/3068 514/3915/3068 512/3914/3068
f 513/3917/1306 515/3918/1306 512/3919/1306
f 512/3919/3069 515/3918/3069 513/3917/3069
f 522/3920/1307 521/3921/1307 519/3922/1307
f 519/3922/3070 521/3921/3070 522/3920/3070
f 519/3923/1308 521/3924/1308 518/3925/1308
f 518/3925/3071 521/3924/3071 519/3923/3071
f 523/3926/1309 522/3927/1309 520/3928/1309
f 520/3928/3072 522/3927/3072 523/3926/3072
f 520/3929/1310 522/3930/1310 519/3931/1310
f 519/3931/3073 522/3930/3073 520/3929/3073
f 525/3932/1311 524/3933/1311 522/3934/1311
f 522/3934/3074 524/3933/3074 525/3932/3074
f 522/3935/1312 524/3936/1312 521/3937/1312
f 521/3937/3075 524/3936/3075 522/3935/3075
f 526/3938/1313 525/3939/1313 523/3940/1313
f 523/3940/3076 525/3939/3076 526/3938/3076
f 523/3941/1314 525/3942/1314 522/3943/1314
f 522/3943/3077 525/3942/3077 523/3941/3077
f 529/3944/1315 528/3945/1315 525/3946/1315
f 525/3946/3078 528/3945/3078 529/3944/3078
f 525/3947/1316 528/3948/1316 524/3949/1316
f 524/3949/3079 528/3948/3079 525/3947/3079
f 534/3950/1317 533/3951/1317 529/3952/1317
f 529/3952/3080 533/3951/3080 534/3950/3080
f 535/3953/1318 534/3954/1318 530/3955/1318
f 530/3955/3081 534/3954/3081 535/3953/3081
f 530/3956/1319 534/3957/1319 529/3958/1319
f 529/3958/3082 534/3957/3082 530/3956/3082
f 536/3959/1320 535/3960/1320 531/3961/1320
f 531/3961/3083 535/3960/3083 536/3959/3083
f 541/3962/1321 540/3963/1321 735/3964/1321
f 735/3964/3084 540/3963/3084 541/3962/3084
f 735/3965/1322 540/3966/1322 742/3967/1322
f 742/3967/3085 540/3966/3085 735/3965/3085
f 542/3968/1323 541/3969/1323 533/3970/1323
f 533/3970/3086 541/3969/3086 542/3968/3086
f 533/3971/1324 541/3972/1324 735/3973/1324
f 735/3973/3087 541/3972/3087 533/3971/3087
f 534/3974/1325 542/3975/1325 533/3976/1325
f 533/3976/3088 542/3975/3088 534/3974/3088
f 535/3977/1326 543/3978/1326 534/3979/1326
f 534/3979/3089 543/3978/3089 535/3977/3089
f 545/3980/1327 544/3981/1327 536/3982/1327
f 536/3982/3090 544/3981/3090 545/3980/3090
f 536/3983/1328 544/3984/1328 535/3985/1328
f 535/3985/3091 544/3984/3091 536/3983/3091
f 550/3986/1329 496/3987/1329 538/3988/1329
f 538/3988/3092 496/3987/3092 550/3986/3092
f 555/3989/1330 554/3990/1330 541/3991/1330
f 541/3991/3093 554/3990/3093 555/3989/3093
f 556/3992/1331 555/3993/1331 542/3994/1331
f 542/3994/3094 555/3993/3094 556/3992/3094
f 542/3995/1332 555/3996/1332 541/3997/1332
f 541/3997/3095 555/3996/3095 542/3995/3095
f 557/3998/1333 556/3999/1333 543/4000/1333
f 543/4000/3096 556/3999/3096 557/3998/3096
f 543/4001/1334 556/4002/1334 542/4003/1334
f 542/4003/3097 556/4002/3097 543/4001/3097
f 558/4004/1335 557/4005/1335 544/4006/1335
f 544/4006/3098 557/4005/3098 558/4004/3098
f 544/4007/1336 557/4008/1336 543/4009/1336
f 543/4009/3099 557/4008/3099 544/4007/3099
f 559/4010/1337 558/4011/1337 545/4012/1337
f 545/4012/3100 558/4011/3100 559/4010/3100
f 545/4013/1338 558/4014/1338 544/4015/1338
f 544/4015/3101 558/4014/3101 545/4013/3101
f 560/4016/1339 559/4017/1339 546/4018/1339
f 546/4018/3102 559/4017/3102 560/4016/3102
f 546/4019/1340 559/4020/1340 545/4021/1340
f 545/4021/3103 559/4020/3103 546/4019/3103
f 768/4022/1341 547/4023/1341 767/4024/1341
f 767/4024/3104 547/4023/3104 768/4022/3104
f 561/4025/1342 547/4026/1342 785/4027/1342
f 785/4027/3105 547/4026/3105 561/4025/3105
f 785/4028/1343 547/4029/1343 786/4030/1343
f 786/4030/3106 547/4029/3106 785/4028/3106
f 563/4031/1344 549/4032/1344 779/4033/1344
f 779/4033/3107 549/4032/3107 563/4031/3107
f 779/4034/1345 549/4035/1345 453/4036/1345
f 453/4036/3108 549/4035/3108 779/4034/3108
f 565/4037/1346 495/4038/1346 550/4039/1346
f 550/4039/3109 495/4038/3109 565/4037/3109
f 550/4040/1347 495/4041/1347 496/4042/1347
f 496/4042/3110 495/4041/3110 550/4040/3110
f 565/4043/1348 550/4044/1348 807/4045/1348
f 807/4045/3111 550/4044/3111 565/4043/3111
f 807/4046/1349 550/4047/1349 808/4048/1349
f 808/4048/3112 550/4047/3112 807/4046/3112
f 567/4049/1350 566/4050/1350 552/4051/1350
f 552/4051/3113 566/4050/3113 567/4049/3113
f 567/4052/1351 552/4053/1351 816/4054/1351
f 816/4054/3114 552/4053/3114 567/4052/3114
f 816/4055/1352 552/4056/1352 817/4057/1352
f 817/4057/3115 552/4056/3115 816/4055/3115
f 569/4058/1353 568/4059/1353 554/4060/1353
f 554/4060/3116 568/4059/3116 569/4058/3116
f 570/4061/1354 569/4062/1354 555/4063/1354
f 555/4063/3117 569/4062/3117 570/4061/3117
f 555/4064/1355 569/4065/1355 554/4066/1355
f 554/4066/3118 569/4065/3118 555/4064/3118
f 571/4067/1356 570/4068/1356 556/4069/1356
f 556/4069/3119 570/4068/3119 571/4067/3119
f 556/4070/1357 570/4071/1357 555/4072/1357
f 555/4072/3120 570/4071/3120 556/4070/3120
f 572/4073/1358 571/4074/1358 557/4075/1358
f 557/4075/3121 571/4074/3121 572/4073/3121
f 557/4076/1359 571/4077/1359 556/4078/1359
f 556/4078/3122 571/4077/3122 557/4076/3122
f 573/4079/1360 572/4080/1360 558/4081/1360
f 558/4081/3123 572/4080/3123 573/4079/3123
f 558/4082/1361 572/4083/1361 557/4084/1361
f 557/4084/3124 572/4083/3124 558/4082/3124
f 574/4085/1362 573/4086/1362 559/4087/1362
f 559/4087/3125 573/4086/3125 574/4085/3125
f 559/4088/1363 573/4089/1363 558/4090/1363
f 558/4090/3126 573/4089/3126 559/4088/3126
f 575/4091/1364 574/4092/1364 560/4093/1364
f 560/4093/3127 574/4092/3127 575/4091/3127
f 560/4094/1365 574/4095/1365 559/4096/1365
f 559/4096/3128 574/4095/3128 560/4094/3128
f 767/4097/1366 561/4098/1366 766/4099/1366
f 766/4099/3129 561/4098/3129 767/4097/3129
f 576/4100/1367 561/4101/1367 784/4102/1367
f 784/4102/3130 561/4101/3130 576/4100/3130
f 784/4103/1368 561/4104/1368 785/4105/1368
f 785/4105/3131 561/4104/3131 784/4103/3131
f 748/4106/1369 577/4107/1369 563/4108/1369
f 563/4108/3132 577/4107/3132 748/4106/3132
f 748/4109/1370 563/4110/1370 778/4111/1370
f 778/4111/3133 563/4110/3133 748/4109/3133
f 580/4112/1371 494/4113/1371 565/4114/1371
f 565/4114/3134 494/4113/3134 580/4112/3134
f 565/4115/1372 494/4116/1372 495/4117/1372
f 495/4117/3135 494/4116/3135 565/4115/3135
f 580/4118/1373 565/4119/1373 806/4120/1373
f 806/4120/3136 565/4119/3136 580/4118/3136
f 806/4121/1374 565/4122/1374 807/4123/1374
f 807/4123/3137 565/4122/3137 806/4121/3137
f 582/4124/1375 567/4125/1375 815/4126/1375
f 815/4126/3138 567/4125/3138 582/4124/3138
f 815/4127/1376 567/4128/1376 816/4129/1376
f 816/4129/3139 567/4128/3139 815/4127/3139
f 584/4130/1377 583/4131/1377 569/4132/1377
f 569/4132/3140 583/4131/3140 584/4130/3140
f 585/4133/1378 584/4134/1378 570/4135/1378
f 570/4135/3141 584/4134/3141 585/4133/3141
f 570/4136/1379 584/4137/1379 569/4138/1379
f 569/4138/3142 584/4137/3142 570/4136/3142
f 586/4139/1380 585/4140/1380 571/4141/1380
f 571/4141/3143 585/4140/3143 586/4139/3143
f 571/4142/1381 585/4143/1381 570/4144/1381
f 570/4144/3144 585/4143/3144 571/4142/3144
f 587/4145/1382 586/4146/1382 572/4147/1382
f 572/4147/3145 586/4146/3145 587/4145/3145
f 572/4148/1383 586/4149/1383 571/4150/1383
f 571/4150/3146 586/4149/3146 572/4148/3146
f 588/4151/1384 587/4152/1384 573/4153/1384
f 573/4153/3147 587/4152/3147 588/4151/3147
f 573/4154/1385 587/4155/1385 572/4156/1385
f 572/4156/3148 587/4155/3148 573/4154/3148
f 589/4157/1386 588/4158/1386 574/4159/1386
f 574/4159/3149 588/4158/3149 589/4157/3149
f 574/4160/1387 588/4161/1387 573/4162/1387
f 573/4162/3150 588/4161/3150 574/4160/3150
f 590/4163/1388 589/4164/1388 575/4165/1388
f 575/4165/3151 589/4164/3151 590/4163/3151
f 575/4166/1389 589/4167/1389 574/4168/1389
f 574/4168/3152 589/4167/3152 575/4166/3152
f 766/4169/1390 576/4170/1390 765/4171/1390
f 765/4171/3153 576/4170/3153 766/4169/3153
f 765/4172/1391 576/4173/1391 591/4174/1391
f 591/4174/3154 576/4173/3154 765/4172/3154
f 591/4175/1392 576/4176/1392 783/4177/1392
f 783/4177/3155 576/4176/3155 591/4175/3155
f 578/4178/1393 748/4179/1393 777/4180/1393
f 777/4180/3156 748/4179/3156 578/4178/3156
f 777/4181/1394 748/4182/1394 778/4183/1394
f 778/4183/3157 748/4182/3157 777/4181/3157
f 709/4184/1395 702/4185/1395 580/4186/1395
f 580/4186/3158 702/4185/3158 709/4184/3158
f 580/4187/1396 702/4188/1396 494/4189/1396
f 494/4189/3159 702/4188/3159 580/4187/3159
f 709/4190/1397 580/4191/1397 805/4192/1397
f 805/4192/3160 580/4191/3160 709/4190/3160
f 805/4193/1398 580/4194/1398 806/4195/1398
f 806/4195/3161 580/4194/3161 805/4193/3161
f 831/4196/1399 827/4197/1399 829/4198/1399
f 829/4198/3162 827/4197/3162 831/4196/3162
f 829/4199/1400 827/4200/1400 830/4201/1400
f 830/4201/3163 827/4200/3163 829/4199/3163
f 713/4202/1401 712/4203/1401 584/4204/1401
f 584/4204/3164 712/4203/3164 713/4202/3164
f 714/4205/1402 713/4206/1402 585/4207/1402
f 585/4207/3165 713/4206/3165 714/4205/3165
f 585/4208/1403 713/4209/1403 584/4210/1403
f 584/4210/3166 713/4209/3166 585/4208/3166
f 715/4211/1404 714/4212/1404 586/4213/1404
f 586/4213/3167 714/4212/3167 715/4211/3167
f 586/4214/1405 714/4215/1405 585/4216/1405
f 585/4216/3168 714/4215/3168 586/4214/3168
f 716/4217/1406 715/4218/1406 587/4219/1406
f 587/4219/3169 715/4218/3169 716/4217/3169
f 587/4220/1407 715/4221/1407 586/4222/1407
f 586/4222/3170 715/4221/3170 587/4220/3170
f 717/4223/1408 716/4224/1408 588/4225/1408
f 588/4225/3171 716/4224/3171 717/4223/3171
f 588/4226/1409 716/4227/1409 587/4228/1409
f 587/4228/3172 716/4227/3172 588/4226/3172
f 718/4229/1410 717/4230/1410 589/4231/1410
f 589/4231/3173 717/4230/3173 718/4229/3173
f 589/4232/1411 717/4233/1411 588/4234/1411
f 588/4234/3174 717/4233/3174 589/4232/3174
f 719/4235/1412 718/4236/1412 590/4237/1412
f 590/4237/3175 718/4236/3175 719/4235/3175
f 590/4238/1413 718/4239/1413 589/4240/1413
f 589/4240/3176 718/4239/3176 590/4238/3176
f 765/4241/1414 591/4242/1414 764/4243/1414
f 764/4243/3177 591/4242/3177 765/4241/3177
f 764/4244/1415 591/4245/1415 720/4246/1415
f 720/4246/3178 591/4245/3178 764/4244/3178
f 720/4247/1416 591/4248/1416 782/4249/1416
f 782/4249/3179 591/4248/3179 720/4247/3179
f 782/4250/1417 591/4251/1417 783/4252/1417
f 783/4252/3180 591/4251/3180 782/4250/3180
f 794/4253/1418 795/4254/1418 797/4255/1418
f 797/4255/3181 795/4254/3181 794/4253/3181
f 797/4256/1419 795/4257/1419 798/4258/1419
f 798/4258/3182 795/4257/3182 797/4256/3182
f 703/4259/1420 721/4260/1420 499/4261/1420
f 499/4261/3183 721/4260/3183 703/4259/3183
f 499/4262/1421 721/4263/1421 594/4264/1421
f 594/4264/3184 721/4263/3184 499/4262/3184
f 801/4265/1422 595/4266/1422 800/4267/1422
f 800/4267/3185 595/4266/3185 801/4265/3185
f 819/4268/1423 822/4269/1423 821/4270/1423
f 821/4270/3186 822/4269/3186 819/4268/3186
f 821/4271/1424 822/4272/1424 820/4273/1424
f 820/4273/3187 822/4272/3187 821/4271/3187
f 607/4274/1425 606/4275/1425 597/4276/1425
f 597/4276/3188 606/4275/3188 607/4274/3188
f 597/4277/1426 606/4278/1426 596/4279/1426
f 596/4279/3189 606/4278/3189 597/4277/3189
f 608/4280/1427 607/4281/1427 598/4282/1427
f 598/4282/3190 607/4281/3190 608/4280/3190
f 598/4283/1428 607/4284/1428 597/4285/1428
f 597/4285/3191 607/4284/3191 598/4283/3191
f 609/4286/1429 608/4287/1429 599/4288/1429
f 599/4288/3192 608/4287/3192 609/4286/3192
f 599/4289/1430 608/4290/1430 598/4291/1430
f 598/4291/3193 608/4290/3193 599/4289/3193
f 610/4292/1431 609/4293/1431 600/4294/1431
f 600/4294/3194 609/4293/3194 610/4292/3194
f 600/4295/1432 609/4296/1432 599/4297/1432
f 599/4297/3195 609/4296/3195 600/4295/3195
f 611/4298/1433 610/4299/1433 601/4300/1433
f 601/4300/3196 610/4299/3196 611/4298/3196
f 601/4301/1434 610/4302/1434 600/4303/1434
f 600/4303/3197 610/4302/3197 601/4301/3197
f 612/4304/1435 611/4305/1435 602/4306/1435
f 602/4306/3198 611/4305/3198 612/4304/3198
f 602/4307/1436 611/4308/1436 601/4309/1436
f 601/4309/3199 611/4308/3199 602/4307/3199
f 613/4310/1437 612/4311/1437 603/4312/1437
f 603/4312/3200 612/4311/3200 613/4310/3200
f 603/4313/1438 612/4314/1438 602/4315/1438
f 602/4315/3201 612/4314/3201 603/4313/3201
f 756/4316/1439 752/4317/1439 757/4318/1439
f 757/4318/3202 752/4317/3202 756/4316/3202
f 749/4319/1440 752/4320/1440 781/4321/1440
f 781/4321/3203 752/4320/3203 749/4319/3203
f 781/4322/1441 752/4323/1441 780/4324/1441
f 780/4324/3204 752/4323/3204 781/4322/3204
f 787/4325/1442 791/4326/1442 789/4327/1442
f 789/4327/3205 791/4326/3205 787/4325/3205
f 787/4328/1443 789/4329/1443 772/4330/1443
f 772/4330/3206 789/4329/3206 787/4328/3206
f 455/4331/1444 614/4332/1444 498/4333/1444
f 498/4333/3207 614/4332/3207 455/4331/3207
f 498/4334/1445 614/4335/1445 604/4336/1445
f 604/4336/3208 614/4335/3208 498/4334/3208
f 617/4337/1446 616/4338/1446 607/4339/1446
f 607/4339/3209 616/4338/3209 617/4337/3209
f 607/4340/1447 616/4341/1447 606/4342/1447
f 606/4342/3210 616/4341/3210 607/4340/3210
f 618/4343/1448 617/4344/1448 608/4345/1448
f 608/4345/3211 617/4344/3211 618/4343/3211
f 608/4346/1449 617/4347/1449 607/4348/1449
f 607/4348/3212 617/4347/3212 608/4346/3212
f 619/4349/1450 618/4350/1450 609/4351/1450
f 609/4351/3213 618/4350/3213 619/4349/3213
f 609/4352/1451 618/4353/1451 608/4354/1451
f 608/4354/3214 618/4353/3214 609/4352/3214
f 620/4355/1452 619/4356/1452 610/4357/1452
f 610/4357/3215 619/4356/3215 620/4355/3215
f 610/4358/1453 619/4359/1453 609/4360/1453
f 609/4360/3216 619/4359/3216 610/4358/3216
f 621/4361/1454 620/4362/1454 611/4363/1454
f 611/4363/3217 620/4362/3217 621/4361/3217
f 611/4364/1455 620/4365/1455 610/4366/1455
f 610/4366/3218 620/4365/3218 611/4364/3218
f 622/4367/1456 621/4368/1456 612/4369/1456
f 612/4369/3219 621/4368/3219 622/4367/3219
f 612/4370/1457 621/4371/1457 611/4372/1457
f 611/4372/3220 621/4371/3220 612/4370/3220
f 623/4373/1458 622/4374/1458 613/4375/1458
f 613/4375/3221 622/4374/3221 623/4373/3221
f 613/4376/1459 622/4377/1459 612/4378/1459
f 612/4378/3222 622/4377/3222 613/4376/3222
f 625/4379/1460 624/4380/1460 455/4381/1460
f 455/4381/3223 624/4380/3223 625/4379/3223
f 455/4382/1461 624/4383/1461 614/4384/1461
f 614/4384/3224 624/4383/3224 455/4382/3224
f 626/4385/1462 462/4386/1462 615/4387/1462
f 615/4387/3225 462/4386/3225 626/4385/3225
f 615/4388/1463 462/4389/1463 454/4390/1463
f 454/4390/3226 462/4389/3226 615/4388/3226
f 628/4391/1464 627/4392/1464 617/4393/1464
f 617/4393/3227 627/4392/3227 628/4391/3227
f 629/4394/1465 628/4395/1465 618/4396/1465
f 618/4396/3228 628/4395/3228 629/4394/3228
f 618/4397/1466 628/4398/1466 617/4399/1466
f 617/4399/3229 628/4398/3229 618/4397/3229
f 630/4400/1467 629/4401/1467 619/4402/1467
f 619/4402/3230 629/4401/3230 630/4400/3230
f 619/4403/1468 629/4404/1468 618/4405/1468
f 618/4405/3231 629/4404/3231 619/4403/3231
f 631/4406/1469 630/4407/1469 620/4408/1469
f 620/4408/3232 630/4407/3232 631/4406/3232
f 620/4409/1470 630/4410/1470 619/4411/1470
f 619/4411/3233 630/4410/3233 620/4409/3233
f 632/4412/1471 631/4413/1471 621/4414/1471
f 621/4414/3234 631/4413/3234 632/4412/3234
f 621/4415/1472 631/4416/1472 620/4417/1472
f 620/4417/3235 631/4416/3235 621/4415/3235
f 633/4418/1473 632/4419/1473 622/4420/1473
f 622/4420/3236 632/4419/3236 633/4418/3236
f 622/4421/1474 632/4422/1474 621/4423/1474
f 621/4423/3237 632/4422/3237 622/4421/3237
f 634/4424/1475 633/4425/1475 623/4426/1475
f 623/4426/3238 633/4425/3238 634/4424/3238
f 623/4427/1476 633/4428/1476 622/4429/1476
f 622/4429/3239 633/4428/3239 623/4427/3239
f 636/4430/1477 635/4431/1477 625/4432/1477
f 625/4432/3240 635/4431/3240 636/4430/3240
f 637/4433/1478 463/4434/1478 626/4435/1478
f 626/4435/3241 463/4434/3241 637/4433/3241
f 626/4436/1479 463/4437/1479 462/4438/1479
f 462/4438/3242 463/4437/3242 626/4436/3242
f 639/4439/1480 638/4440/1480 628/4441/1480
f 628/4441/3243 638/4440/3243 639/4439/3243
f 640/4442/1481 639/4443/1481 629/4444/1481
f 629/4444/3244 639/4443/3244 640/4442/3244
f 629/4445/1482 639/4446/1482 628/4447/1482
f 628/4447/3245 639/4446/3245 629/4445/3245
f 641/4448/1483 640/4449/1483 630/4450/1483
f 630/4450/3246 640/4449/3246 641/4448/3246
f 630/4451/1484 640/4452/1484 629/4453/1484
f 629/4453/3247 640/4452/3247 630/4451/3247
f 642/4454/1485 641/4455/1485 631/4456/1485
f 631/4456/3248 641/4455/3248 642/4454/3248
f 631/4457/1486 641/4458/1486 630/4459/1486
f 630/4459/3249 641/4458/3249 631/4457/3249
f 643/4460/1487 642/4461/1487 632/4462/1487
f 632/4462/3250 642/4461/3250 643/4460/3250
f 632/4463/1488 642/4464/1488 631/4465/1488
f 631/4465/3251 642/4464/3251 632/4463/3251
f 644/4466/1489 643/4467/1489 633/4468/1489
f 633/4468/3252 643/4467/3252 644/4466/3252
f 633/4469/1490 643/4470/1490 632/4471/1490
f 632/4471/3253 643/4470/3253 633/4469/3253
f 645/4472/1491 644/4473/1491 634/4474/1491
f 634/4474/3254 644/4473/3254 645/4472/3254
f 634/4475/1492 644/4476/1492 633/4477/1492
f 633/4477/3255 644/4476/3255 634/4475/3255
f 647/4478/1493 646/4479/1493 636/4480/1493
f 636/4480/3256 646/4479/3256 647/4478/3256
f 636/4481/1494 646/4482/1494 635/4483/1494
f 635/4483/3257 646/4482/3257 636/4481/3257
f 648/4484/1495 464/4485/1495 637/4486/1495
f 637/4486/3258 464/4485/3258 648/4484/3258
f 637/4487/1496 464/4488/1496 463/4489/1496
f 463/4489/3259 464/4488/3259 637/4487/3259
f 648/4490/1497 637/4491/1497 802/4492/1497
f 802/4492/3260 637/4491/3260 648/4490/3260
f 802/4493/1498 637/4494/1498 825/4495/1498
f 825/4495/3261 637/4494/3261 802/4493/3261
f 650/4496/1499 649/4497/1499 819/4498/1499
f 819/4498/3262 649/4497/3262 650/4496/3262
f 819/4499/1500 649/4500/1500 826/4501/1500
f 826/4501/3263 649/4500/3263 819/4499/3263
f 650/4502/1501 819/4503/1501 811/4504/1501
f 811/4504/3264 819/4503/3264 650/4502/3264
f 811/4505/1502 819/4506/1502 821/4507/1502
f 821/4507/3265 819/4506/3265 811/4505/3265
f 652/4508/1503 651/4509/1503 639/4510/1503
f 639/4510/3266 651/4509/3266 652/4508/3266
f 639/4511/1504 651/4512/1504 638/4513/1504
f 638/4513/3267 651/4512/3267 639/4511/3267
f 653/4514/1505 652/4515/1505 640/4516/1505
f 640/4516/3268 652/4515/3268 653/4514/3268
f 640/4517/1506 652/4518/1506 639/4519/1506
f 639/4519/3269 652/4518/3269 640/4517/3269
f 654/4520/1507 653/4521/1507 641/4522/1507
f 641/4522/3270 653/4521/3270 654/4520/3270
f 641/4523/1508 653/4524/1508 640/4525/1508
f 640/4525/3271 653/4524/3271 641/4523/3271
f 655/4526/1509 654/4527/1509 642/4528/1509
f 642/4528/3272 654/4527/3272 655/4526/3272
f 642/4529/1510 654/4530/1510 641/4531/1510
f 641/4531/3273 654/4530/3273 642/4529/3273
f 656/4532/1511 655/4533/1511 643/4534/1511
f 643/4534/3274 655/4533/3274 656/4532/3274
f 643/4535/1512 655/4536/1512 642/4537/1512
f 642/4537/3275 655/4536/3275 643/4535/3275
f 657/4538/1513 656/4539/1513 644/4540/1513
f 644/4540/3276 656/4539/3276 657/4538/3276
f 644/4541/1514 656/4542/1514 643/4543/1514
f 643/4543/3277 656/4542/3277 644/4541/3277
f 658/4544/1515 657/4545/1515 645/4546/1515
f 645/4546/3278 657/4545/3278 658/4544/3278
f 645/4547/1516 657/4548/1516 644/4549/1516
f 644/4549/3279 657/4548/3279 645/4547/3279
f 760/4550/1517 750/4551/1517 761/4552/1517
f 761/4552/3280 750/4551/3280 760/4550/3280
f 761/4553/1518 750/4554/1518 659/4555/1518
f 659/4555/3281 750/4554/3281 761/4553/3281
f 660/4556/1519 659/4557/1519 793/4558/1519
f 793/4558/3282 659/4557/3282 660/4556/3282
f 793/4559/1520 659/4560/1520 750/4561/1520
f 750/4561/3283 659/4560/3283 793/4559/3283
f 661/4562/1521 660/4563/1521 751/4564/1521
f 751/4564/3284 660/4563/3284 661/4562/3284
f 751/4565/1522 660/4566/1522 793/4567/1522
f 793/4567/3285 660/4566/3285 751/4565/3285
f 661/4568/1523 751/4569/1523 773/4570/1523
f 773/4570/3286 751/4569/3286 661/4568/3286
f 773/4571/1524 751/4572/1524 772/4573/1524
f 772/4573/3287 751/4572/3287 773/4571/3287
f 663/4574/1525 662/4575/1525 647/4576/1525
f 647/4576/3288 662/4575/3288 663/4574/3288
f 647/4577/1526 662/4578/1526 646/4579/1526
f 646/4579/3289 662/4578/3289 647/4577/3289
f 664/4580/1527 465/4581/1527 648/4582/1527
f 648/4582/3290 465/4581/3290 664/4580/3290
f 648/4583/1528 465/4584/1528 464/4585/1528
f 464/4585/3291 465/4584/3291 648/4583/3291
f 664/4586/1529 648/4587/1529 803/4588/1529
f 803/4588/3292 648/4587/3292 664/4586/3292
f 803/4589/1530 648/4590/1530 802/4591/1530
f 802/4591/3293 648/4590/3293 803/4589/3293
f 666/4592/1531 665/4593/1531 650/4594/1531
f 650/4594/3294 665/4593/3294 666/4592/3294
f 650/4595/1532 665/4596/1532 649/4597/1532
f 649/4597/3295 665/4596/3295 650/4595/3295
f 666/4598/1533 650/4599/1533 812/4600/1533
f 812/4600/3296 650/4599/3296 666/4598/3296
f 812/4601/1534 650/4602/1534 811/4603/1534
f 811/4603/3297 650/4602/3297 812/4601/3297
f 668/4604/1535 667/4605/1535 652/4606/1535
f 652/4606/3298 667/4605/3298 668/4604/3298
f 652/4607/1536 667/4608/1536 651/4609/1536
f 651/4609/3299 667/4608/3299 652/4607/3299
f 669/4610/1537 668/4611/1537 653/4612/1537
f 653/4612/3300 668/4611/3300 669/4610/3300
f 653/4613/1538 668/4614/1538 652/4615/1538
f 652/4615/3301 668/4614/3301 653/4613/3301
f 670/4616/1539 669/4617/1539 654/4618/1539
f 654/4618/3302 669/4617/3302 670/4616/3302
f 654/4619/1540 669/4620/1540 653/4621/1540
f 653/4621/3303 669/4620/3303 654/4619/3303
f 671/4622/1541 670/4623/1541 655/4624/1541
f 655/4624/3304 670/4623/3304 671/4622/3304
f 655/4625/1542 670/4626/1542 654/4627/1542
f 654/4627/3305 670/4626/3305 655/4625/3305
f 672/4628/1543 671/4629/1543 656/4630/1543
f 656/4630/3306 671/4629/3306 672/4628/3306
f 656/4631/1544 671/4632/1544 655/4633/1544
f 655/4633/3307 671/4632/3307 656/4631/3307
f 673/4634/1545 672/4635/1545 657/4636/1545
f 657/4636/3308 672/4635/3308 673/4634/3308
f 657/4637/1546 672/4638/1546 656/4639/1546
f 656/4639/3309 672/4638/3309 657/4637/3309
f 674/4640/1547 673/4641/1547 658/4642/1547
f 658/4642/3310 673/4641/3310 674/4640/3310
f 658/4643/1548 673/4644/1548 657/4645/1548
f 657/4645/3311 673/4644/3311 658/4643/3311
f 761/4646/1549 659/4647/1549 762/4648/1549
f 762/4648/3312 659/4647/3312 761/4646/3312
f 762/4649/1550 659/4650/1550 675/4651/1550
f 675/4651/3313 659/4650/3313 762/4649/3313
f 676/4652/1551 675/4653/1551 660/4654/1551
f 660/4654/3314 675/4653/3314 676/4652/3314
f 660/4655/1552 675/4656/1552 659/4657/1552
f 659/4657/3315 675/4656/3315 660/4655/3315
f 677/4658/1553 676/4659/1553 661/4660/1553
f 661/4660/3316 676/4659/3316 677/4658/3316
f 661/4661/1554 676/4662/1554 660/4663/1554
f 660/4663/3317 676/4662/3317 661/4661/3317
f 677/4664/1555 661/4665/1555 774/4666/1555
f 774/4666/3318 661/4665/3318 677/4664/3318
f 774/4667/1556 661/4668/1556 773/4669/1556
f 773/4669/3319 661/4668/3319 774/4667/3319
f 679/4670/1557 678/4671/1557 663/4672/1557
f 663/4672/3320 678/4671/3320 679/4670/3320
f 663/4673/1558 678/4674/1558 662/4675/1558
f 662/4675/3321 678/4674/3321 663/4673/3321
f 664/4676/1559 466/4677/1559 465/4678/1559
f 465/4678/3322 466/4677/3322 664/4676/3322
f 804/4679/1560 664/4680/1560 803/4681/1560
f 803/4681/3323 664/4680/3323 804/4679/3323
f 666/4682/1561 681/4683/1561 665/4684/1561
f 665/4684/3324 681/4683/3324 666/4682/3324
f 813/4685/1562 666/4686/1562 812/4687/1562
f 812/4687/3325 666/4686/3325 813/4685/3325
f 684/4688/1563 683/4689/1563 668/4690/1563
f 668/4690/3326 683/4689/3326 684/4688/3326
f 668/4691/1564 683/4692/1564 667/4693/1564
f 667/4693/3327 683/4692/3327 668/4691/3327
f 685/4694/1565 684/4695/1565 669/4696/1565
f 669/4696/3328 684/4695/3328 685/4694/3328
f 669/4697/1566 684/4698/1566 668/4699/1566
f 668/4699/3329 684/4698/3329 669/4697/3329
f 686/4700/1567 685/4701/1567 670/4702/1567
f 670/4702/3330 685/4701/3330 686/4700/3330
f 670/4703/1568 685/4704/1568 669/4705/1568
f 669/4705/3331 685/4704/3331 670/4703/3331
f 687/4706/1569 686/4707/1569 671/4708/1569
f 671/4708/3332 686/4707/3332 687/4706/3332
f 671/4709/1570 686/4710/1570 670/4711/1570
f 670/4711/3333 686/4710/3333 671/4709/3333
f 688/4712/1571 687/4713/1571 672/4714/1571
f 672/4714/3334 687/4713/3334 688/4712/3334
f 672/4715/1572 687/4716/1572 671/4717/1572
f 671/4717/3335 687/4716/3335 672/4715/3335
f 689/4718/1573 688/4719/1573 673/4720/1573
f 673/4720/3336 688/4719/3336 689/4718/3336
f 673/4721/1574 688/4722/1574 672/4723/1574
f 672/4723/3337 688/4722/3337 673/4721/3337
f 690/4724/1575 689/4725/1575 674/4726/1575
f 674/4726/3338 689/4725/3338 690/4724/3338
f 674/4727/1576 689/4728/1576 673/4729/1576
f 673/4729/3339 689/4728/3339 674/4727/3339
f 762/4730/1577 675/4731/1577 763/4732/1577
f 763/4732/3340 675/4731/3340 762/4730/3340
f 763/4733/1578 675/4734/1578 691/4735/1578
f 691/4735/3341 675/4734/3341 763/4733/3341
f 676/4736/1579 691/4737/1579 675/4738/1579
f 675/4738/3342 691/4737/3342 676/4736/3342
f 677/4739/1580 692/4740/1580 676/4741/1580
f 676/4741/3343 692/4740/3343 677/4739/3343
f 775/4742/1581 677/4743/1581 774/4744/1581
f 774/4744/3344 677/4743/3344 775/4742/3344
f 695/4745/1582 694/4746/1582 679/4747/1582
f 679/4747/3345 694/4746/3345 695/4745/3345
f 679/4748/1583 694/4749/1583 678/4750/1583
f 678/4750/3346 694/4749/3346 679/4748/3346
f 697/4751/1584 471/4752/1584 696/4753/1584
f 696/4753/3347 471/4752/3347 697/4751/3347
f 696/4754/1585 471/4755/1585 467/4756/1585
f 467/4756/3348 471/4755/3348 696/4754/3348
f 698/4757/1586 475/4758/1586 697/4759/1586
f 697/4759/3349 475/4758/3349 698/4757/3349
f 697/4760/1587 475/4761/1587 471/4762/1587
f 471/4762/3350 475/4761/3350 697/4760/3350
f 699/4763/1588 479/4764/1588 698/4765/1588
f 698/4765/3351 479/4764/3351 699/4763/3351
f 701/4766/1589 488/4767/1589 700/4768/1589
f 700/4768/3352 488/4767/3352 701/4766/3352
f 700/4769/1590 488/4770/1590 483/4771/1590
f 483/4771/3353 488/4770/3353 700/4769/3353
f 702/4772/1591 493/4773/1591 701/4774/1591
f 701/4774/3354 493/4773/3354 702/4772/3354
f 704/4775/1592 501/4776/1592 703/4777/1592
f 703/4777/3355 501/4776/3355 704/4775/3355
f 703/4778/1593 501/4779/1593 498/4780/1593
f 498/4780/3356 501/4779/3356 703/4778/3356
f 705/4781/1594 504/4782/1594 704/4783/1594
f 704/4783/3357 504/4782/3357 705/4781/3357
f 704/4784/1595 504/4785/1595 501/4786/1595
f 501/4786/3358 504/4785/3358 704/4784/3358
f 706/4787/1596 458/4788/1596 705/4789/1596
f 705/4789/3359 458/4788/3359 706/4787/3359
f 705/4790/1597 458/4791/1597 504/4792/1597
f 504/4792/3360 458/4791/3360 705/4790/3360
f 707/4793/1598 459/4794/1598 706/4795/1598
f 706/4795/3361 459/4794/3361 707/4793/3361
f 708/4796/1599 461/4797/1599 707/4798/1599
f 707/4798/3362 461/4797/3362 708/4796/3362
f 709/4799/1600 493/4800/1600 702/4801/1600
f 702/4801/3363 493/4800/3363 709/4799/3363
f 595/4802/1601 709/4803/1601 800/4804/1601
f 800/4804/3364 709/4803/3364 595/4802/3364
f 800/4805/1602 709/4806/1602 805/4807/1602
f 805/4807/3365 709/4806/3365 800/4805/3365
f 831/4808/1603 823/4809/1603 827/4810/1603
f 827/4810/3366 823/4809/3366 831/4808/3366
f 822/4811/1604 831/4812/1604 820/4813/1604
f 820/4813/3367 831/4812/3367 822/4811/3367
f 820/4814/1605 831/4815/1605 832/4816/1605
f 832/4816/3368 831/4815/3368 820/4814/3368
f 597/4817/1606 596/4818/1606 713/4819/1606
f 713/4819/3369 596/4818/3369 597/4817/3369
f 713/4820/1607 596/4821/1607 712/4822/1607
f 712/4822/3370 596/4821/3370 713/4820/3370
f 598/4823/1608 597/4824/1608 714/4825/1608
f 714/4825/3371 597/4824/3371 598/4823/3371
f 714/4826/1609 597/4827/1609 713/4828/1609
f 713/4828/3372 597/4827/3372 714/4826/3372
f 599/4829/1610 598/4830/1610 715/4831/1610
f 715/4831/3373 598/4830/3373 599/4829/3373
f 715/4832/1611 598/4833/1611 714/4834/1611
f 714/4834/3374 598/4833/3374 715/4832/3374
f 600/4835/1612 599/4836/1612 716/4837/1612
f 716/4837/3375 599/4836/3375 600/4835/3375
f 716/4838/1613 599/4839/1613 715/4840/1613
f 715/4840/3376 599/4839/3376 716/4838/3376
f 601/4841/1614 600/4842/1614 717/4843/1614
f 717/4843/3377 600/4842/3377 601/4841/3377
f 717/4844/1615 600/4845/1615 716/4846/1615
f 716/4846/3378 600/4845/3378 717/4844/3378
f 602/4847/1616 601/4848/1616 718/4849/1616
f 718/4849/3379 601/4848/3379 602/4847/3379
f 718/4850/1617 601/4851/1617 717/4852/1617
f 717/4852/3380 601/4851/3380 718/4850/3380
f 603/4853/1618 602/4854/1618 719/4855/1618
f 719/4855/3381 602/4854/3381 603/4853/3381
f 719/4856/1619 602/4857/1619 718/4858/1619
f 718/4858/3382 602/4857/3382 719/4856/3382
f 764/4859/1620 720/4860/1620 756/4861/1620
f 756/4861/3383 720/4860/3383 764/4859/3383
f 780/4862/1621 720/4863/1621 782/4864/1621
f 782/4864/3384 720/4863/3384 780/4862/3384
f 789/4865/1622 790/4866/1622 794/4867/1622
f 794/4867/3385 790/4866/3385 789/4865/3385
f 794/4868/1623 790/4869/1623 795/4870/1623
f 795/4870/3386 790/4869/3386 794/4868/3386
f 498/4871/1624 604/4872/1624 703/4873/1624
f 703/4873/3387 604/4872/3387 498/4871/3387
f 703/4874/1625 604/4875/1625 721/4876/1625
f 721/4876/3388 604/4875/3388 703/4874/3388
f 540/4877/1626 539/4878/1626 742/4879/1626
f 742/4879/3389 539/4878/3389 540/4877/3389
f 722/4880/1627 723/4881/1627 728/4882/1627
f 728/4882/3390 723/4881/3390 722/4880/3390
f 537/4883/1628 722/4884/1628 729/4885/1628
f 729/4885/3391 722/4884/3391 537/4883/3391
f 729/4886/1629 722/4887/1629 728/4888/1629
f 728/4888/3392 722/4887/3392 729/4886/3392
f 730/4889/1630 537/4890/1630 729/4891/1630
f 729/4891/3393 537/4890/3393 730/4889/3393
f 533/4892/1631 528/4893/1631 735/4894/1631
f 735/4894/3394 528/4893/3394 533/4892/3394
f 735/4895/1632 528/4896/1632 736/4897/1632
f 736/4897/3395 528/4896/3395 735/4895/3395
f 524/4898/1633 521/4899/1633 737/4900/1633
f 737/4900/3396 521/4899/3396 524/4898/3396
f 737/4901/1634 521/4902/1634 738/4903/1634
f 738/4903/3397 521/4902/3397 737/4901/3397
f 521/4904/1635 518/4905/1635 738/4906/1635
f 738/4906/3398 518/4905/3398 521/4904/3398
f 738/4907/1636 518/4908/1636 739/4909/1636
f 739/4909/3399 518/4908/3399 738/4907/3399
f 518/4910/1637 733/4911/1637 739/4912/1637
f 739/4912/3400 733/4911/3400 518/4910/3400
f 739/4913/1638 733/4914/1638 740/4915/1638
f 740/4915/3401 733/4914/3401 739/4913/3401
f 742/4916/1639 735/4917/1639 741/4918/1639
f 741/4918/3402 735/4917/3402 742/4916/3402
f 741/4919/1640 735/4920/1640 736/4921/1640
f 736/4921/3403 735/4920/3403 741/4919/3403
f 744/4922/1641 738/4923/1641 745/4924/1641
f 745/4924/3404 738/4923/3404 744/4922/3404
f 745/4925/1642 738/4926/1642 739/4927/1642
f 739/4927/3405 738/4926/3405 745/4925/3405
f 745/4928/1643 739/4929/1643 746/4930/1643
f 746/4930/3406 739/4929/3406 745/4928/3406
f 746/4931/1644 739/4932/1644 740/4933/1644
f 740/4933/3407 739/4932/3407 746/4931/3407
f 757/4934/1645 749/4935/1645 758/4936/1645
f 758/4936/3408 749/4935/3408 757/4934/3408
f 758/4937/1646 749/4938/1646 754/4939/1646
f 754/4939/3409 749/4938/3409 758/4937/3409
f 758/4940/1647 754/4941/1647 759/4942/1647
f 759/4942/3410 754/4941/3410 758/4940/3410
f 759/4943/1648 754/4944/1648 755/4945/1648
f 755/4945/3411 754/4944/3411 759/4943/3411
f 759/4946/1649 755/4947/1649 760/4948/1649
f 760/4948/3412 755/4947/3412 759/4946/3412
f 757/4949/1650 613/4950/1650 756/4951/1650
f 756/4951/3413 613/4950/3413 757/4949/3413
f 756/4952/1651 613/4953/1651 603/4954/1651
f 603/4954/3414 613/4953/3414 756/4952/3414
f 758/4955/1652 623/4956/1652 757/4957/1652
f 757/4957/3415 623/4956/3415 758/4955/3415
f 757/4958/1653 623/4959/1653 613/4960/1653
f 613/4960/3416 623/4959/3416 757/4958/3416
f 758/4961/1654 634/4962/1654 623/4963/1654
f 623/4963/3417 634/4962/3417 758/4961/3417
f 759/4964/1655 645/4965/1655 634/4966/1655
f 634/4966/3418 645/4965/3418 759/4964/3418
f 761/4967/1656 658/4968/1656 760/4969/1656
f 760/4969/3419 658/4968/3419 761/4967/3419
f 760/4970/1657 658/4971/1657 645/4972/1657
f 645/4972/3420 658/4971/3420 760/4970/3420
f 761/4973/1658 674/4974/1658 658/4975/1658
f 658/4975/3421 674/4974/3421 761/4973/3421
f 762/4976/1659 690/4977/1659 674/4978/1659
f 674/4978/3422 690/4977/3422 762/4976/3422
f 764/4979/1660 603/4980/1660 719/4981/1660
f 719/4981/3423 603/4980/3423 764/4979/3423
f 765/4982/1661 719/4983/1661 590/4984/1661
f 590/4984/3424 719/4983/3424 765/4982/3424
f 765/4985/1662 590/4986/1662 766/4987/1662
f 766/4987/3425 590/4986/3425 765/4985/3425
f 766/4988/1663 590/4989/1663 575/4990/1663
f 575/4990/3426 590/4989/3426 766/4988/3426
f 766/4991/1664 575/4992/1664 767/4993/1664
f 767/4993/3427 575/4992/3427 766/4991/3427
f 767/4994/1665 575/4995/1665 560/4996/1665
f 560/4996/3428 575/4995/3428 767/4994/3428
f 767/4997/1666 560/4998/1666 768/4999/1666
f 768/4999/3429 560/4998/3429 767/4997/3429
f 768/5000/1667 560/5001/1667 546/5002/1667
f 546/5002/3430 560/5001/3430 768/5000/3430
f 604/5003/1668 614/5004/1668 770/5005/1668
f 770/5005/3431 614/5004/3431 604/5003/3431
f 614/5006/1669 624/5007/1669 771/5008/1669
f 771/5008/3432 624/5007/3432 614/5006/3432
f 772/5009/1670 662/5010/1670 773/5011/1670
f 773/5011/3433 662/5010/3433 772/5009/3433
f 662/5012/1671 678/5013/1671 773/5014/1671
f 773/5014/3434 678/5013/3434 662/5012/3434
f 773/5015/1672 678/5016/1672 774/5017/1672
f 774/5017/3435 678/5016/3435 773/5015/3435
f 678/5018/1673 694/5019/1673 774/5020/1673
f 774/5020/3436 694/5019/3436 678/5018/3436
f 774/5021/1674 694/5022/1674 775/5023/1674
f 775/5023/3437 694/5022/3437 774/5021/3437
f 721/5024/1675 604/5025/1675 776/5026/1675
f 776/5026/3438 604/5025/3438 721/5024/3438
f 776/5027/1676 604/5028/1676 770/5029/1676
f 770/5029/3439 604/5028/3439 776/5027/3439
f 594/5030/1677 721/5031/1677 777/5032/1677
f 777/5032/3440 721/5031/3440 594/5030/3440
f 778/5033/1678 594/5034/1678 777/5035/1678
f 777/5035/3441 594/5034/3441 778/5033/3441
f 724/5036/1679 564/5037/1679 453/5038/1679
f 453/5038/3442 564/5037/3442 724/5036/3442
f 453/5039/1680 564/5040/1680 779/5041/1680
f 779/5041/3443 564/5040/3443 453/5039/3443
f 790/5042/1681 791/5043/1681 792/5044/1681
f 792/5044/3444 791/5043/3444 790/5042/3444
f 792/5045/1682 791/5046/1682 793/5047/1682
f 793/5047/3445 791/5046/3445 792/5045/3445
f 795/5048/1683 790/5049/1683 799/5050/1683
f 799/5050/3446 790/5049/3446 795/5048/3446
f 799/5051/1684 790/5052/1684 792/5053/1684
f 792/5053/3447 790/5052/3447 799/5051/3447
f 784/5054/1685 592/5055/1685 783/5056/1685
f 783/5056/3448 592/5055/3448 784/5054/3448
f 562/5057/1686 577/5058/1686 785/5059/1686
f 785/5059/3449 577/5058/3449 562/5057/3449
f 785/5060/1687 577/5061/1687 784/5062/1687
f 784/5062/3450 577/5061/3450 785/5060/3450
f 548/5063/1688 562/5064/1688 786/5065/1688
f 786/5065/3451 562/5064/3451 548/5063/3451
f 786/5066/1689 562/5067/1689 785/5068/1689
f 785/5068/3452 562/5067/3452 786/5066/3452
f 793/5069/1690 750/5070/1690 781/5071/1690
f 781/5071/3453 750/5070/3453 793/5069/3453
f 788/5072/1691 770/5073/1691 772/5074/1691
f 772/5074/3454 770/5073/3454 788/5072/3454
f 792/5075/1692 781/5076/1692 780/5077/1692
f 780/5077/3455 781/5076/3455 792/5075/3455
f 796/5078/1693 776/5079/1693 788/5080/1693
f 788/5080/3456 776/5079/3456 796/5078/3456
f 788/5081/1694 776/5082/1694 770/5083/1694
f 770/5083/3457 776/5082/3457 788/5081/3457
f 796/5084/1695 593/5085/1695 776/5086/1695
f 776/5086/3458 593/5085/3458 796/5084/3458
f 797/5087/1696 578/5088/1696 794/5089/1696
f 794/5089/3459 578/5088/3459 797/5087/3459
f 794/5090/1697 578/5091/1697 593/5092/1697
f 593/5092/3460 578/5091/3460 794/5090/3460
f 798/5093/1698 592/5094/1698 797/5095/1698
f 797/5095/3461 592/5094/3461 798/5093/3461
f 797/5096/1699 592/5097/1699 578/5098/1699
f 578/5098/3462 592/5097/3462 797/5096/3462
f 795/5099/1700 753/5100/1700 798/5101/1700
f 798/5101/3463 753/5100/3463 795/5099/3463
f 798/5102/1701 753/5103/1701 592/5104/1701
f 592/5104/3464 753/5103/3464 798/5102/3464
f 799/5105/1702 782/5106/1702 795/5107/1702
f 795/5107/3465 782/5106/3465 799/5105/3465
f 795/5108/1703 782/5109/1703 753/5110/1703
f 753/5110/3466 782/5109/3466 795/5108/3466
f 792/5111/1704 780/5112/1704 799/5113/1704
f 799/5113/3467 780/5112/3467 792/5111/3467
f 826/5114/1705 649/5115/1705 825/5116/1705
f 825/5116/3468 649/5115/3468 826/5114/3468
f 825/5117/1706 649/5118/1706 802/5119/1706
f 802/5119/3469 649/5118/3469 825/5117/3469
f 649/5120/1707 665/5121/1707 802/5122/1707
f 802/5122/3470 665/5121/3470 649/5120/3470
f 802/5123/1708 665/5124/1708 803/5125/1708
f 803/5125/3471 665/5124/3471 802/5123/3471
f 665/5126/1709 681/5127/1709 803/5128/1709
f 803/5128/3472 681/5127/3472 665/5126/3472
f 803/5129/1710 681/5130/1710 804/5131/1710
f 804/5131/3473 681/5130/3473 803/5129/3473
f 827/5132/1711 823/5133/1711 828/5134/1711
f 828/5134/3474 823/5133/3474 827/5132/3474
f 807/5135/1712 581/5136/1712 806/5137/1712
f 806/5137/3475 581/5136/3475 807/5135/3475
f 808/5138/1713 566/5139/1713 807/5140/1713
f 807/5140/3476 566/5139/3476 808/5138/3476
f 596/5141/1714 606/5142/1714 809/5143/1714
f 809/5143/3477 606/5142/3477 596/5141/3477
f 606/5144/1715 616/5145/1715 810/5146/1715
f 810/5146/3478 616/5145/3478 606/5144/3478
f 638/5147/1716 651/5148/1716 821/5149/1716
f 821/5149/3479 651/5148/3479 638/5147/3479
f 821/5150/1717 651/5151/1717 811/5152/1717
f 811/5152/3480 651/5151/3480 821/5150/3480
f 651/5153/1718 667/5154/1718 811/5155/1718
f 811/5155/3481 667/5154/3481 651/5153/3481
f 667/5156/1719 683/5157/1719 812/5158/1719
f 812/5158/3482 683/5157/3482 667/5156/3482
f 712/5159/1720 596/5160/1720 814/5161/1720
f 814/5161/3483 596/5160/3483 712/5159/3483
f 814/5162/1721 596/5163/1721 809/5164/1721
f 809/5164/3484 596/5163/3484 814/5162/3484
f 583/5165/1722 712/5166/1722 815/5167/1722
f 815/5167/3485 712/5166/3485 583/5165/3485
f 816/5168/1723 583/5169/1723 815/5170/1723
f 815/5170/3486 583/5169/3486 816/5168/3486
f 817/5171/1724 568/5172/1724 816/5173/1724
f 816/5173/3487 568/5172/3487 817/5171/3487
f 820/5174/1725 809/5175/1725 821/5176/1725
f 821/5176/3488 809/5175/3488 820/5174/3488
f 821/5177/1726 809/5178/1726 810/5179/1726
f 810/5179/3489 809/5178/3489 821/5177/3489
f 828/5180/1727 805/5181/1727 827/5182/1727
f 827/5182/3490 805/5181/3490 828/5180/3490
f 827/5183/1728 805/5184/1728 710/5185/1728
f 710/5185/3491 805/5184/3491 827/5183/3491
f 829/5186/1729 582/5187/1729 831/5188/1729
f 831/5188/3492 582/5187/3492 829/5186/3492
f 831/5189/1730 582/5190/1730 711/5191/1730
f 711/5191/3493 582/5190/3493 831/5189/3493
f 830/5192/1731 581/5193/1731 829/5194/1731
f 829/5194/3494 581/5193/3494 830/5192/3494
f 829/5195/1732 581/5196/1732 582/5197/1732
f 582/5197/3495 581/5196/3495 829/5195/3495
f 827/5198/1733 710/5199/1733 830/5200/1733
f 830/5200/3496 710/5199/3496 827/5198/3496
f 830/5201/1734 710/5202/1734 581/5203/1734
f 581/5203/3497 710/5202/3497 830/5201/3497
f 832/5204/1735 814/5205/1735 820/5206/1735
f 820/5206/3498 814/5205/3498 832/5204/3498
f 820/5207/1736 814/5208/1736 809/5209/1736
f 809/5209/3499 814/5208/3499 820/5207/3499
f 831/5210/1737 711/5211/1737 832/5212/1737
f 832/5212/3500 711/5211/3500 831/5210/3500
f 832/5213/1738 711/5214/1738 814/5215/1738
f 814/5215/3501 711/5214/3501 832/5213/3501
f 843/5216/1739 844/5217/1739 841/5218/1739
f 841/5218/3502 844/5217/3502 843/5216/3502
f 841/5219/1740 844/5220/1740 842/5221/1740
f 842/5221/3503 844/5220/3503 841/5219/3503
f 837/5222/1741 838/5223/1741 833/5224/1741
f 833/5224/3504 838/5223/3504 837/5222/3504
f 833/5225/1742 838/5226/1742 834/5227/1742
f 834/5227/3505 838/5226/3505 833/5225/3505
f 836/5228/1743 840/5229/1743 835/5230/1743
f 835/5230/3506 840/5229/3506 836/5228/3506
f 835/5231/1744 839/5232/1744 833/5233/1744
f 833/5233/3507 839/5232/3507 835/5231/3507
f 833/5234/1745 839/5235/1745 837/5236/1745
f 837/5236/3508 839/5235/3508 833/5234/3508
f 838/5237/1746 840/5238/1746 834/5239/1746
f 834/5239/3509 840/5238/3509 838/5237/3509
f 834/5240/1747 840/5241/1747 836/5242/1747
f 836/5242/3510 840/5241/3510 834/5240/3510
f 839/5243/1748 840/5244/1748 837/5245/1748
f 837/5245/3511 840/5244/3511 839/5243/3511
f 837/5246/1749 840/5247/1749 838/5248/1749
f 838/5248/3512 840/5247/3512 837/5246/3512
f 845/5249/1750 848/5250/1750 846/5251/1750
f 846/5251/3513 848/5250/3513 845/5249/3513
f 846/5252/1751 848/5253/1751 847/5254/1751
f 847/5254/3514 848/5253/3514 846/5252/3514
f 842/5255/1752 836/5256/1752 835/5257/1752
f 835/5257/3515 836/5256/3515 842/5255/3515
f 845/5258/1753 842/5259/1753 848/5260/1753
f 848/5260/3516 842/5259/3516 845/5258/3516
f 848/5261/1754 842/5262/1754 835/5263/1754
f 835/5263/3517 842/5262/3517 848/5261/3517
f 852/5264/1755 833/5265/1755 851/5266/1755
f 851/5266/3518 833/5265/3518 852/5264/3518
f 851/5267/1756 833/5268/1756 841/5269/1756
f 841/5269/3519 833/5268/3519 851/5267/3519
f 850/5270/1757 846/5271/1757 849/5272/1757
f 849/5272/3520 846/5271/3520 850/5270/3520
f 849/5273/1758 846/5274/1758 847/5275/1758
f 847/5275/3521 846/5274/3521 849/5273/3521
f 851/5276/1759 841/5277/1759 852/5278/1759
f 852/5278/3522 841/5277/3522 851/5276/3522
f 852/5279/1760 841/5280/1760 833/5281/1760
f 833/5281/3523 841/5280/3523 852/5279/3523
f 852/5282/1761 847/5283/1761 833/5284/1761
f 833/5284/3524 847/5283/3524 852/5282/3524
f 513/5285/1762 510/5286/1762 512/5287/1762
f 512/5287/3525 510/5286/3525 513/5285/3525
f 771/5288/1763 624/5289/1763 646/5290/1763
f 646/5290/3526 624/5289/3526 771/5288/3526
f 771/5288/1763 646/5290/1763 772/5291/1763
f 772/5291/3526 646/5290/3526 771/5288/3526
